container_restart_count,deployment_available_replicas,deployment_replicas,hpa_current_cpu_utilization,hpa_current_replicas,hpa_desired_replicas,hpa_efficiency,hpa_target_cpu_utilization,http_error_rate,http_request_rate,http_response_time_mean,http_response_time_p50,http_response_time_p90,http_response_time_p99,http_response_time_std,http_success_rate,label,network_drop_in,network_drop_out,network_errors_in,network_errors_out,network_in,network_out,network_packets_in,network_packets_out,pod_count,pod_count_mean_3,pod_cpu_usage_cores,pod_cpu_usage_cores_mean_3,pod_cpu_usage_cores_std_3,pod_failed_count,pod_memory_usage_bytes,pod_pending_count,pod_ready_count,pod_restart_count
0,1,1,0,1,1,1.0,50,0.0,12.781721451805677,0.0782367229461669,0.0826978683471679,0.0954376697540283,0.1028912925720214,0.016612880741074,1.0,ATTACK,0,0,0,0,20956775862,2893730240,16271967,5876537,1,1.0,0.001,0.001,0.0,0,5242880,0,1,0
0,1,1,0,1,1,1.0,50,0.0,7.812027265984906,0.1280077457427978,0.1267194747924804,0.1641935348510742,0.1788603687286377,0.0314511113131633,1.0,ATTACK,0,0,0,0,20956779474,2893743284,16272023,5876636,1,1.0,0.006,0.0035,0.0035355339059327,0,5242880,0,1,0
0,1,1,0,1,1,1.0,50,0.0,7.613120336303457,0.1313521862030029,0.1134521961212158,0.1853710651397705,0.226891746520996,0.0506721026289167,1.0,ATTACK,0,0,0,0,20956783432,2893755832,16272083,5876736,1,1.0,0.071,0.026,0.0390512483795332,0,5242880,0,1,0
0,1,1,0,1,2,0.5,50,0.0,6.736067436734699,0.1484545707702636,0.1142139434814453,0.2130076885223388,0.241179895401001,0.0525639848104129,1.0,ATTACK,0,0,0,0,20956804244,2893774829,16272173,5876862,2,1.3333333333333333,0.071,0.0493333333333333,0.0375277674973256,0,5242880,0,2,0
0,1,1,0,2,4,0.5,50,0.0,5.308424443712631,0.1883798122406005,0.1865859031677246,0.21899995803833,0.2201195335388183,0.0269725085296895,1.0,ATTACK,0,0,0,0,20956841166,2893799777,16272291,5877015,4,2.333333333333333,0.07,0.0706666666666666,0.0005773502691899,0,5242880,0,4,0
0,1,1,0,4,5,0.8,50,0.0,74.13915373656171,0.0134881496429443,0.0136787891387939,0.015532112121582,0.0155856704711914,0.0018770981941123,1.0,NORMAL,0,0,0,0,20956863114,2893820517,16272393,5877159,5,3.6666666666666665,0.084,0.075,0.0078102496759066,0,9437184,0,5,0
0,1,1,0,5,5,1.0,50,0.0,83.11708076872773,0.0120312213897705,0.0108923912048339,0.0140376091003417,0.0141848087310791,0.0016186013777174,1.0,NORMAL,0,0,0,0,20956866486,2893831931,16272445,5877253,5,4.666666666666667,0.085,0.0796666666666666,0.0083864970836061,0,17825792,0,5,0
0,1,1,0,5,5,1.0,50,0.0,72.49707889405892,0.013793659210205,0.0112476348876953,0.0207422733306884,0.0249178504943847,0.006043289249276,1.0,NORMAL,0,0,0,0,20956870384,2893843189,16272504,5877351,5,5.0,0.036,0.0683333333333333,0.0280059517483933,0,24117248,0,5,0
0,1,1,0,5,5,1.0,50,0.0,50.42297409067303,0.0198322296142578,0.0164403915405273,0.0314664840698242,0.0396547317504882,0.0106206163203525,1.0,NORMAL,0,0,0,0,20956873816,2893853767,16272557,5877440,5,5.0,0.036,0.0523333333333333,0.0282901631902916,0,24117248,0,5,0
0,1,1,0,5,5,1.0,50,0.0,53.81038154619865,0.0185837745666503,0.0174591541290283,0.0238126277923583,0.0256617641448974,0.0043440373142424,1.0,NORMAL,0,0,0,0,20956877128,2893865331,16272608,5877535,5,5.0,0.005,0.0256666666666666,0.0178978583448784,0,24117248,0,5,0
0,1,1,0,5,5,1.0,50,0.0,55.70391147518341,0.0179520606994628,0.0131058692932128,0.0290221691131591,0.0370089721679687,0.0101031678300103,1.0,NORMAL,0,0,0,0,20956880563,2893875823,16272658,5877622,5,5.0,0.005,0.0153333333333333,0.0178978583448784,0,24117248,0,5,0
0,1,1,0,5,5,1.0,50,0.0,66.51185360206784,0.0150349140167236,0.0109779834747314,0.0238619327545166,0.0300749588012695,0.0079872716793616,1.0,NORMAL,0,0,0,0,20956883695,2893886111,16272706,5877707,5,5.0,0.005,0.005,0.0,0,24117248,0,5,0
0,1,1,0,5,5,1.0,50,0.0,61.16214229885325,0.016349983215332,0.0110907554626464,0.0279990673065185,0.0365440273284912,0.0106754789126394,1.0,NORMAL,0,0,0,0,20956887485,2893897314,16272764,5877803,5,5.0,0.006,0.0053333333333333,0.0005773502691908,0,24117248,0,5,0
0,1,1,0,5,5,1.0,50,0.0,52.153300191737145,0.0191742420196533,0.0164053440093994,0.0285655975341796,0.0310755443572998,0.007639480407077,1.0,NORMAL,0,0,0,0,20956890797,2893908726,16272815,5877895,5,5.0,0.005,0.0053333333333333,0.0005773502691908,0,24117248,0,5,0
0,1,1,0,5,5,1.0,50,0.0,66.29654568503045,0.0150837421417236,0.0143659114837646,0.0193849563598632,0.02213960647583,0.0040684382518188,1.0,NORMAL,0,0,0,0,20956893989,2893919144,16272864,5877982,5,5.0,0.005,0.0053333333333333,0.0005773502691908,0,25165824,0,5,0
0,1,1,0,5,5,1.0,50,0.0,63.188545533432965,0.0158256530761718,0.0164389610290527,0.0187559604644775,0.0195273208618164,0.002672977798415,1.0,NORMAL,0,0,0,0,20956897121,2893929534,16272912,5878068,5,5.0,0.005,0.005,0.0,0,25165824,0,5,0
0,1,1,0,5,5,1.0,50,0.0,82.88876241067476,0.0120643615722656,0.0120596885681152,0.0131558418273925,0.0135786437988281,0.0009870159976154,1.0,NORMAL,0,0,0,0,20956900253,2893940016,16272960,5878155,5,5.0,0.005,0.005,0.0,0,25165824,0,5,0
0,1,1,0,5,5,1.0,50,0.0,9.55538119881498,0.1046530723571777,0.1269032955169677,0.1367590427398681,0.1411033630371093,0.03527206814594,1.0,ATTACK,0,0,0,0,20956903829,2893951502,16273014,5878251,5,5.0,0.005,0.005,0.0,0,25165824,0,5,0
0,1,1,0,5,2,2.5,50,0.0,5.762894813495793,0.1735239028930664,0.1863458156585693,0.2463785648345947,0.2682298564910889,0.0657921752891311,1.0,ATTACK,0,0,0,0,20956907654,2893964877,16273073,5878354,5,5.0,0.011,0.007,0.0034641016151379,0,25165824,0,5,0
0,1,1,0,2,2,1.0,50,0.0,5.570215081837979,0.1795262813568115,0.1734356880187988,0.204106855392456,0.218502550125122,0.0215207277702781,1.0,ATTACK,0,0,0,0,20956911470,2893977815,16273131,5878453,5,5.0,0.011,0.009,0.0034641016151379,0,25165824,0,5,0
0,1,1,0,2,4,0.5,50,0.0,6.578586293064345,0.1520083427429199,0.1443240642547607,0.1864912033081054,0.191300983428955,0.0290348456207224,1.0,ATTACK,0,0,0,0,20956948453,2894003045,16273250,5878611,4,4.666666666666667,0.068,0.03,0.0329089653438086,0,10485760,2,2,0
0,1,1,0,4,5,0.8,50,0.0,5.531890872698708,0.1807700157165527,0.1870701313018798,0.2349733829498291,0.2631853294372558,0.0517437965459267,1.0,ATTACK,0,0,0,0,20956969360,2894023342,16273343,5878749,5,4.666666666666667,0.071,0.05,0.0338082830087539,0,10485760,1,4,0
0,1,1,0,5,5,1.0,50,0.0,88.92416764192066,0.0112455368041992,0.0106751918792724,0.0128687858581542,0.0134937191009521,0.0013331454287413,1.0,NORMAL,0,0,0,0,20956973629,2894037819,16273408,5878864,5,4.666666666666667,0.101,0.08,0.0182482875908946,0,18874368,0,5,0
0,1,1,0,5,5,1.0,50,0.0,48.135807966507066,0.0207745552062988,0.0155057907104492,0.0345630168914794,0.0413996887207031,0.011516709131215,1.0,NORMAL,0,0,0,0,20956978079,2894050139,16273470,5878969,5,5.0,0.069,0.0803333333333333,0.0179257728796649,0,24117248,0,5,0
0,1,1,0,5,5,1.0,50,0.0,53.06974990447125,0.018843126296997,0.0141568183898925,0.0321520328521728,0.0404470539093017,0.0116633315438357,1.0,NORMAL,0,0,0,0,20956982299,2894061125,16273526,5879061,5,5.0,0.006,0.0586666666666666,0.0483356321292411,0,25165824,0,5,0
0,1,1,0,5,5,1.0,50,0.0,73.3459706357589,0.0136340141296386,0.0134830474853515,0.0166967391967773,0.0167445468902587,0.0028573296128678,1.0,NORMAL,0,0,0,0,20956985431,2894071547,16273574,5879147,5,5.0,0.006,0.027,0.0363730669589464,0,25165824,0,5,0
0,1,1,0,5,5,1.0,50,0.0,66.89010659539044,0.014949893951416,0.014833927154541,0.0156146526336669,0.0160769367218017,0.0006526568899009,1.0,NORMAL,0,0,0,0,20956988623,2894082029,16273623,5879234,5,5.0,0.005,0.0056666666666666,0.0005773502691917,0,25165824,0,5,0
0,1,1,0,5,5,1.0,50,0.0,88.30931707358155,0.0113238334655761,0.0103440284729003,0.014131212234497,0.0160706424713134,0.0025503264396224,1.0,NORMAL,0,0,0,0,20956992055,2894093503,16273676,5879329,5,5.0,0.006,0.0056666666666666,0.0005773502691917,0,25165824,0,5,0
0,1,1,0,5,5,1.0,50,0.0,74.23730853507874,0.0134703159332275,0.0119457244873046,0.0191948413848876,0.0220688819885253,0.0048470585687409,1.0,NORMAL,0,0,0,0,20956995460,2894104166,16273728,5879419,5,5.0,0.006,0.0056666666666666,0.0005773502691917,0,25165824,0,5,0
0,1,1,0,5,5,1.0,50,0.0,92.03121023021494,0.0108658790588378,0.0108029842376708,0.0118966102600097,0.012497854232788,0.0009562185491224,1.0,NORMAL,0,0,0,0,20956998592,2894114550,16273776,5879505,5,5.0,0.005,0.0056666666666666,0.0005773502691917,0,25165824,0,5,0
0,1,1,0,5,5,1.0,50,0.0,68.89597035421197,0.0145146369934082,0.0141491889953613,0.0169681549072265,0.017815818786621,0.0020985579301039,1.0,NORMAL,0,0,0,0,20957001784,2894124898,16273825,5879591,5,5.0,0.005,0.0053333333333333,0.0005773502691917,0,25165824,0,5,0
0,1,1,0,5,5,1.0,50,0.0,60.58716465687096,0.0165051460266113,0.0134840011596679,0.0235745429992675,0.0261990737915039,0.005722564684874,1.0,NORMAL,0,0,0,0,20957005096,2894136210,16273876,5879684,5,5.0,0.005,0.005,0.0,0,25165824,0,5,0
0,1,1,0,5,5,1.0,50,0.0,62.74971649476824,0.0159363269805908,0.011791706085205,0.0237342357635498,0.0263204002380371,0.0062407398426375,1.0,NORMAL,0,0,0,0,20957009461,2894148035,16273933,5879783,5,5.0,0.005,0.005,0.0,0,26214400,0,5,0
0,1,1,0,5,5,1.0,50,0.0,74.93602135361022,0.0133447170257568,0.0121793746948242,0.0169501781463623,0.0197007942199707,0.003373379649367,1.0,NORMAL,0,0,0,0,20957012566,2894158422,16273980,5879869,5,5.0,0.005,0.005,0.0,0,26214400,0,5,0
0,1,1,0,5,5,1.0,50,0.0,9.96801625186976,0.1003208637237548,0.0970704555511474,0.1390816211700439,0.1391954326629638,0.039203268829881,1.0,ATTACK,0,0,0,0,20957016142,2894170062,16274034,5879965,5,5.0,0.005,0.005,0.0,0,26214400,0,5,0
0,1,1,0,5,2,2.5,50,0.0,5.877040596281619,0.1701536655426025,0.1725506782531738,0.2287872791290283,0.2466674423217773,0.0541591580176479,1.0,ATTACK,0,0,0,0,20957019904,2894183396,16274092,5880068,5,5.0,0.005,0.005,0.0,0,26214400,0,5,0
0,1,1,0,2,2,1.0,50,0.0,5.150542364131443,0.1941543102264404,0.1853420734405517,0.2549441814422607,0.2805074787139892,0.0526359932559457,1.0,ATTACK,0,0,0,0,20957024020,2894197498,16274155,5880176,5,5.0,0.005,0.005,0.0,0,26214400,0,5,0
0,1,1,0,2,4,0.5,50,0.0,5.845552030143804,0.1710702419281005,0.1715428829193115,0.1917312145233154,0.1981333255767822,0.0216618520059828,1.0,ATTACK,0,0,0,0,20957044257,2894216878,16274245,5880306,4,4.666666666666667,0.058,0.0226666666666666,0.0305995642670501,0,10485760,2,2,0
0,1,1,0,4,5,0.8,50,0.0,5.110419211639117,0.1956786632537842,0.1761438846588134,0.3064180374145507,0.3213846778869629,0.0949886782281724,1.0,ATTACK,0,0,0,0,20957064739,2894236092,16274332,5880435,5,4.666666666666667,0.071,0.0446666666666666,0.0349618840072061,0,10485760,1,4,0
0,1,1,0,5,5,1.0,50,0.0,53.541116699430674,0.0186772346496582,0.0168039798736572,0.0251796245574951,0.029856538772583,0.006142193929719,1.0,NORMAL,0,0,0,0,20957085732,2894256143,16274425,5880572,5,4.666666666666667,0.081,0.07,0.0115325625946707,0,18874368,0,5,0
0,1,1,0,5,5,1.0,50,0.0,67.00101915956077,0.0149251461029052,0.0157723426818847,0.0202665328979492,0.0214509963989257,0.0048149460837118,1.0,NORMAL,0,0,0,0,20957089164,2894267047,16274478,5880664,5,5.0,0.064,0.072,0.0085440037453174,0,23068672,0,5,0
0,1,1,0,5,5,1.0,50,0.0,73.84988115150982,0.0135409832000732,0.0137279033660888,0.0145139217376708,0.0149055671691894,0.0011458022361123,1.0,NORMAL,0,0,0,0,20957092776,2894278681,16274534,5880761,5,5.0,0.064,0.0696666666666666,0.0098149545762236,0,23068672,0,5,0
0,1,1,0,5,5,1.0,50,0.0,57.75050944539296,0.0173158645629882,0.0132627487182617,0.0258214950561523,0.0277906227111816,0.0067597369284859,1.0,NORMAL,0,0,0,0,20957095908,2894288959,16274582,5880847,5,5.0,0.004,0.0439999999999999,0.0346410161513775,0,23068672,0,5,0
0,1,1,0,5,5,1.0,50,0.0,88.64976370230718,0.011280345916748,0.0114328861236572,0.0123702526092529,0.0129084968566894,0.0009998274913666,1.0,NORMAL,0,0,0,0,20957099253,2894299728,16274633,5880937,5,5.0,0.005,0.0243333333333333,0.0343559795862865,0,23068672,0,5,0
0,1,1,0,5,5,1.0,50,0.0,101.21878469038082,0.0098795890808105,0.0098838806152343,0.0106502056121826,0.0110512065887451,0.0007765132148697,1.0,NORMAL,0,0,0,0,20957102445,2894310246,16274682,5881023,5,5.0,0.005,0.0046666666666666,0.0005773502691933,0,23068672,0,5,0
0,1,1,0,5,5,1.0,50,0.0,88.04275452671529,0.0113581180572509,0.0112864971160888,0.0123425006866455,0.0125422286987304,0.000867182414238,1.0,NORMAL,0,0,0,0,20957105577,2894321000,16274730,5881111,5,5.0,0.005,0.005,0.0,0,23068672,0,5,0
0,1,1,0,5,5,1.0,50,0.0,59.596128379568846,0.016779613494873,0.0148601531982421,0.0242041110992431,0.0290766334533691,0.0066538794242187,1.0,NORMAL,0,0,0,0,20957109153,2894332260,16274784,5881205,5,5.0,0.005,0.005,0.0,0,23068672,0,5,0
0,1,1,0,5,5,1.0,50,0.0,68.12363364680277,0.0146791934967041,0.0117311477661132,0.0220466613769531,0.0272466278076171,0.0066768190501353,1.0,NORMAL,0,0,0,0,20957112285,2894342634,16274832,5881291,5,5.0,0.005,0.005,0.0,0,24117248,0,5,0
0,1,1,0,5,5,1.0,50,0.0,78.91060832395782,0.0126725673675537,0.0124638080596923,0.0149022579193115,0.0149559879302978,0.0019583267599988,1.0,NORMAL,0,0,0,0,20957115630,2894353401,16274883,5881380,5,5.0,0.005,0.005,0.0,0,24117248,0,5,0
0,1,1,0,5,5,1.0,50,0.0,85.27365287965779,0.011726951599121,0.0106785297393798,0.0137460231781005,0.0140095233917236,0.0016202919310578,1.0,NORMAL,0,0,0,0,20957119062,2894364791,16274936,5881476,5,5.0,0.005,0.005,0.0,0,24117248,0,5,0
0,1,1,0,5,5,1.0,50,0.0,62.79725472816778,0.0159242630004882,0.0118587017059326,0.0237599372863769,0.0255700206756591,0.0062229226789801,1.0,NORMAL,0,0,0,0,20957122588,2894375315,16274984,5881564,5,5.0,0.005,0.005,0.0,0,24117248,0,5,0
0,1,1,0,1,1,1.0,50,0.0,10.73753918764141,0.0931312084197998,0.0971717834472656,0.1293595790863037,0.1349882698059082,0.0343569596385858,1.0,ATTACK,0,0,0,0,20957191278,2894586463,16275944,5883242,1,1.0,0.001,0.001,0.0,0,5242880,0,1,0
0,1,1,0,1,1,1.0,50,0.0,11.860981500019795,0.0843100547790527,0.0795843601226806,0.1281866073608398,0.1421461963653564,0.0395047594952071,1.0,ATTACK,0,0,0,0,20957194650,2894598613,16275996,5883336,1,1.0,0.001,0.001,0.0,0,5242880,0,1,0
0,1,1,0,1,2,0.5,50,0.0,11.013302706282277,0.0907992839813232,0.0850703716278076,0.1158307075500488,0.1326154994964599,0.0231152233196947,1.0,ATTACK,0,0,0,0,20957198175,2894610948,16276050,5883432,2,1.3333333333333333,0.022,0.008,0.0121243556529821,0,5242880,1,1,0
0,1,1,0,1,2,0.5,50,0.0,10.99991817535232,0.0909097671508789,0.1115696430206298,0.1234578132629394,0.1270726585388183,0.0358683356231866,1.0,ATTACK,0,0,0,0,20957219046,2894630279,16276141,5883562,2,1.6666666666666667,0.069,0.0306666666666666,0.0348185774168522,0,5242880,0,2,0
0,1,1,0,2,4,0.5,50,0.0,12.217420534265138,0.0818503379821777,0.0903534889221191,0.0968371868133544,0.097889986038208,0.0184666073728934,1.0,ATTACK,0,0,0,0,20957255462,2894653961,16276252,5883705,4,2.6666666666666665,0.068,0.053,0.0268514431641951,0,9437184,0,4,0
0,1,1,0,4,5,0.8,50,0.0,12.929962538503464,0.0773397445678711,0.0786304473876953,0.0931179523468017,0.0951109409332275,0.0140949022983006,1.0,ATTACK,0,0,0,0,20957275950,2894672254,16276338,5883830,5,3.6666666666666665,0.068,0.0683333333333333,0.0005773502691897,0,9437184,0,5,0
0,1,1,0,5,5,1.0,50,0.0,67.41996669431424,0.0148324012756347,0.0143957138061523,0.017103624343872,0.0181239795684814,0.0019189374150578,1.0,NORMAL,0,0,0,0,20957280366,2894686366,16276406,5883949,5,4.666666666666667,0.095,0.077,0.0155884572681199,0,18874368,0,5,0
0,1,1,0,5,5,1.0,50,0.0,64.95928336239821,0.0153942584991455,0.0100326538085937,0.0248692512512207,0.0274070072174072,0.0075047838139176,1.0,NORMAL,0,0,0,0,20957283954,2894696957,16276458,5884037,5,5.0,0.034,0.0656666666666666,0.030566866593312,0,23068672,0,5,0
0,1,1,0,5,5,1.0,50,0.0,56.81922122397668,0.0175996780395507,0.0107312202453613,0.0296507358551025,0.0325747299194335,0.0095366080949278,1.0,NORMAL,0,0,0,0,20957287266,2894707791,16276509,5884127,5,5.0,0.005,0.0446666666666666,0.045938364504337,0,23068672,0,5,0
0,1,1,0,5,5,1.0,50,0.0,94.1960231228412,0.0106161594390869,0.010512351989746,0.0113574981689453,0.0115422916412353,0.0006264884604142,1.0,NORMAL,0,0,0,0,20957290842,2894719189,16276563,5884221,5,5.0,0.005,0.0146666666666666,0.0167431578064991,0,23068672,0,5,0
0,1,1,0,5,5,1.0,50,0.0,66.8440545933231,0.0149601936340332,0.0131690502166748,0.0216862201690673,0.0227712059020996,0.0055088419186034,1.0,NORMAL,0,0,0,0,20957294608,2894729799,16276615,5884309,5,5.0,0.005,0.005,0.0,0,23068672,0,5,0
0,1,1,0,5,5,1.0,50,0.0,74.15488301208951,0.0134852886199951,0.0106952190399169,0.0199510097503662,0.0239229106903076,0.0056494408666889,1.0,NORMAL,0,0,0,0,20957298528,2894740437,16276666,5884397,5,5.0,0.005,0.005,0.0,0,23068672,0,5,0
0,1,1,0,5,5,1.0,50,0.0,10.808451730644247,0.0925201892852783,0.0824503898620605,0.1404310703277587,0.1529753112792968,0.0395138191661372,1.0,ATTACK,0,0,0,0,20957302053,2894751998,16276720,5884492,5,5.0,0.005,0.005,0.0,0,23068672,0,5,0
0,1,1,0,5,5,1.0,50,0.0,12.518344880773943,0.0798827648162841,0.0745277404785156,0.1060834407806396,0.1203031826019287,0.0228495519508845,1.0,ATTACK,0,0,0,0,20957305425,2894763848,16276772,5884583,5,5.0,0.005,0.005,0.0,0,23068672,0,5,0
0,1,1,0,5,5,1.0,50,0.0,12.992339597743698,0.0769684314727783,0.0818591117858886,0.0996968746185302,0.10635347366333,0.0209397493094868,1.0,ATTACK,0,0,0,0,20957308737,2894775800,16276823,5884675,5,5.0,0.059,0.023,0.0311769145362398,0,23068672,0,5,0
0,1,1,0,5,5,1.0,50,0.0,13.121863682665378,0.0762086868286132,0.0844297409057617,0.1009188175201416,0.1076798725128173,0.0244101728159893,1.0,ATTACK,0,0,0,0,20957312493,2894788930,16276880,5884775,5,5.0,0.071,0.045,0.0351567916624939,0,23068672,0,5,0
0,1,1,0,5,5,1.0,50,0.0,11.454526586011962,0.0873017311096191,0.0936551094055175,0.101371955871582,0.104014081954956,0.0155934069401375,1.0,ATTACK,0,0,0,0,20957315925,2894801166,16276933,5884869,5,5.0,0.073,0.0676666666666666,0.0075718777944003,0,23068672,0,5,0
0,1,1,0,5,5,1.0,50,0.0,11.934263307560151,0.0837923526763916,0.0753374099731445,0.1088749408721923,0.1119378948211669,0.0207851601069795,1.0,ATTACK,0,0,0,0,20957319654,2894813411,16276989,5884965,5,5.0,0.073,0.0723333333333333,0.0011547005383794,0,23068672,0,5,0
0,1,1,0,5,5,1.0,50,0.0,63.324013068500925,0.0157917976379394,0.016512393951416,0.0170855522155761,0.01721773147583,0.0013552533355699,1.0,NORMAL,0,0,0,0,20957324485,2894827314,16277057,5885080,5,5.0,0.073,0.073,0.0,0,23068672,0,5,0
0,1,1,0,5,5,1.0,50,0.0,65.46664627160602,0.015274953842163,0.0144383907318115,0.0200044155120849,0.0219017887115478,0.0039673098989778,1.0,NORMAL,0,0,0,0,20957327557,2894837672,16277104,5885166,5,5.0,0.036,0.0606666666666666,0.0213619599600161,0,23068672,0,5,0
0,1,1,0,5,5,1.0,50,0.0,63.47389193573772,0.0157545089721679,0.0109572410583496,0.0257534980773925,0.034000539779663,0.0095996646686178,1.0,NORMAL,0,0,0,0,20957330809,2894848158,16277154,5885252,5,5.0,0.005,0.038,0.0340440890610983,0,23068672,0,5,0
0,1,1,0,5,5,1.0,50,0.0,54.65532114515057,0.018296480178833,0.0145967006683349,0.0284337997436523,0.0334072589874267,0.008489086516283,1.0,NORMAL,0,0,0,0,20957334121,2894859492,16277205,5885346,5,5.0,0.005,0.0153333333333333,0.0178978583448783,0,23068672,0,5,0
0,1,1,0,5,5,1.0,50,0.0,65.1121605300497,0.0153581142425537,0.01381516456604,0.023254919052124,0.0288885879516601,0.0073054888811919,1.0,NORMAL,0,0,0,0,20957337313,2894870108,16277254,5885434,5,5.0,0.006,0.0053333333333333,0.0005773502691867,0,23068672,0,5,0
0,1,1,0,5,5,1.0,50,0.0,52.37184561789054,0.0190942287445068,0.0196843147277832,0.029256534576416,0.0323681545257568,0.0088911045739466,1.0,NORMAL,0,0,0,0,20957340598,2894880791,16277304,5885523,5,5.0,0.005,0.0053333333333333,0.0005773502691867,0,23068672,0,5,0
0,1,1,0,5,5,1.0,50,0.0,12.07315676062168,0.0828283786773681,0.0779213905334472,0.1075360774993896,0.1253047466278076,0.0229240933315865,1.0,ATTACK,0,0,0,0,20957343970,2894892209,16277356,5885616,5,5.0,0.005,0.0053333333333333,0.0005773502691867,0,23068672,0,5,0
0,1,1,0,5,5,1.0,50,0.0,9.028839389579312,0.1107562065124511,0.0859334468841552,0.1620899677276611,0.1823061847686767,0.0414652488786971,1.0,ATTACK,0,0,0,0,20957347402,2894904467,16277409,5885711,5,5.0,0.005,0.005,0.0,0,23068672,0,5,0
0,1,1,0,5,5,1.0,50,0.0,13.431099355392384,0.0744540691375732,0.0819566249847412,0.0827444076538086,0.0830351161956787,0.0101411111152495,1.0,ATTACK,0,0,0,0,20957351038,2894916757,16277464,5885806,5,5.0,0.035,0.015,0.0173205080756886,0,23068672,0,5,0
0,1,1,0,5,5,1.0,50,0.0,15.591628563993904,0.0641369819641113,0.0609989166259765,0.0834053039550781,0.0857477951049804,0.0164173820316896,1.0,ATTACK,0,0,0,0,20957354830,2894929851,16277523,5885907,5,5.0,0.072,0.0373333333333333,0.0335608899365516,0,23068672,0,5,0
0,1,1,0,5,5,1.0,50,0.0,9.861896431728834,0.1014003753662109,0.0919442176818847,0.1250028610229492,0.1418994903564453,0.0215059020677202,1.0,ATTACK,0,0,0,0,20957358739,2894942300,16277582,5886004,5,5.0,0.073,0.06,0.0216564078277077,0,23068672,0,5,0
0,1,1,0,5,5,1.0,50,0.0,15.417083860799044,0.064863109588623,0.0676381587982177,0.0771084308624267,0.0783372688293457,0.011731790725277,1.0,ATTACK,0,0,0,0,20957362291,2894954606,16277637,5886099,5,5.0,0.071,0.072,0.0010000000000003,0,23068672,0,5,0
0,1,1,0,5,5,1.0,50,0.0,91.86270215338251,0.0108858108520507,0.0105893611907958,0.011521577835083,0.0118065357208251,0.0005204520985496,1.0,NORMAL,0,0,0,0,20957366347,2894968090,16277699,5886209,5,5.0,0.071,0.0716666666666666,0.0011547005383795,0,23068672,0,5,0
0,1,1,0,5,5,1.0,50,0.0,84.63185591431696,0.0118158817291259,0.011225938796997,0.0134296894073486,0.014156847000122,0.0013462454708361,1.0,NORMAL,0,0,0,0,20957369359,2894978282,16277745,5886293,5,5.0,0.045,0.0623333333333333,0.0150111069989302,0,23068672,0,5,0
0,1,1,0,5,5,1.0,50,0.0,93.10826769905611,0.0107401847839355,0.0100159645080566,0.012284517288208,0.0123862266540527,0.0012513368232127,1.0,NORMAL,0,0,0,0,20957372311,2894988184,16277790,5886374,5,5.0,0.005,0.0403333333333333,0.0332465537061111,0,23068672,0,5,0
0,1,1,0,5,5,1.0,50,0.0,81.3587517360707,0.0122912406921386,0.0111646652221679,0.0144263267517089,0.0149815654754638,0.0016941045257194,1.0,NORMAL,0,0,0,0,20957376580,2895001749,16277855,5886487,5,5.0,0.012,0.0206666666666666,0.0213619599600161,0,23068672,0,5,0
0,1,1,0,5,5,1.0,50,0.0,65.31189854810681,0.0153111457824707,0.015132188796997,0.0172526359558105,0.0173138332366943,0.0017269307791462,1.0,NORMAL,0,0,0,0,20957378908,2895008973,16277891,5886544,5,5.0,0.012,0.0096666666666666,0.004041451884327,0,23068672,0,5,0
0,1,1,0,5,5,1.0,50,0.0,86.67529085987064,0.0115373134613037,0.0111434459686279,0.0129032611846923,0.0136677551269531,0.0012253752440565,1.0,NORMAL,0,0,0,0,20957382040,2895019503,16277939,5886631,5,5.0,0.012,0.012,0.0,0,23068672,0,5,0
0,1,1,0,1,1,1.0,50,0.0,8.247130132011371,0.121254301071167,0.1302065849304199,0.1656722068786621,0.1770191097259521,0.040996971744119,1.0,ATTACK,0,0,0,0,20957463463,2895228242,16278959,5888352,1,1.0,0.001,0.001,0.0,0,5242880,0,1,0
0,1,1,0,1,1,1.0,50,0.0,8.692461690865908,0.1150422096252441,0.0960733890533447,0.1560982704162597,0.1745631122589111,0.033731976896912,1.0,ATTACK,0,0,0,0,20957467219,2895241282,16279016,5888452,1,1.0,0.002,0.0015,0.0007071067811865,0,5242880,0,1,0
0,1,1,0,1,1,1.0,50,0.0,5.451132334126814,0.1834481239318847,0.1809384822845459,0.2675932884216309,0.2746859931945801,0.0733593390596468,1.0,ATTACK,0,0,0,0,20957470891,2895254338,16279073,5888552,1,1.0,0.066,0.023,0.0372424488990721,0,5242880,0,1,0
0,1,1,0,1,2,0.5,50,0.0,8.728648202286848,0.1145652770996093,0.1179792881011962,0.129116678237915,0.1324620151519775,0.0140097874904707,1.0,ATTACK,0,0,0,0,20957491464,2895272527,16279159,5888673,2,1.3333333333333333,0.066,0.0446666666666666,0.036950417228136,0,5242880,1,1,0
0,1,1,0,2,4,0.5,50,0.0,8.048392779153833,0.1242484092712402,0.1147854328155517,0.1449143886566162,0.1486973762512207,0.0164809865762396,1.0,ATTACK,0,0,0,0,20957494956,2895285185,16279213,5888769,4,2.333333333333333,0.066,0.066,0.0,0,5242880,2,2,0
0,1,1,0,4,5,0.8,50,0.0,69.45177806184967,0.0143984794616699,0.0133354663848876,0.0170920372009277,0.0184599208831787,0.0022625855052833,1.0,NORMAL,0,0,0,0,20957532212,2895310962,16279336,5888930,4,3.333333333333333,0.068,0.0666666666666666,0.0011547005383792,0,9437184,0,4,0
0,1,1,0,4,5,0.8,50,0.0,75.51181924565668,0.0132429599761962,0.013310432434082,0.0148622989654541,0.0148653030395507,0.0016204985338494,1.0,NORMAL,0,0,0,0,20957552965,2895328927,16279425,5889055,5,4.333333333333333,0.082,0.072,0.0087177978870813,0,14680064,0,5,0
0,1,1,0,5,5,1.0,50,0.0,77.06377787250305,0.0129762649536132,0.0130035877227783,0.0140844821929931,0.0144029998779296,0.0009755890574834,1.0,NORMAL,0,0,0,0,20957556457,2895339945,16279479,5889149,5,4.666666666666667,0.014,0.0546666666666666,0.0359072880253206,0,18874368,0,5,0
0,1,1,0,5,5,1.0,50,0.0,73.57447077231808,0.0135916709899902,0.0133476257324218,0.0151062488555908,0.0155986595153808,0.0012614496133796,1.0,NORMAL,0,0,0,0,20957559709,2895351235,16279529,5889241,5,5.0,0.014,0.0366666666666666,0.0392598183048945,0,18874368,0,5,0
0,1,1,0,5,5,1.0,50,0.0,85.56346619121253,0.0116872310638427,0.0111200809478759,0.0131928443908691,0.0141668510437011,0.0013310632108357,1.0,NORMAL,0,0,0,0,20957563141,2895361743,16279582,5889330,5,5.0,0.005,0.011,0.0051961524227066,0,24117248,0,5,0
0,1,1,0,5,5,1.0,50,0.0,70.82675888900897,0.0141189575195312,0.0124578475952148,0.018561315536499,0.0219505977630615,0.0041691093051733,1.0,NORMAL,0,0,0,0,20957566922,2895372478,16279634,5889420,5,5.0,0.005,0.008,0.0051961524227066,0,25165824,0,5,0
0,1,1,0,5,5,1.0,50,0.0,82.05590509280997,0.0121868133544921,0.0113642215728759,0.01398606300354,0.0142961692810058,0.0014370789088415,1.0,NORMAL,0,0,0,0,20957583328,2895389732,16279735,5889560,5,5.0,0.005,0.005,0.0,0,25165824,0,5,0
0,1,1,0,5,5,1.0,50,0.0,85.27018565352807,0.0117274284362792,0.0114564895629882,0.0123394012451171,0.0127125072479248,0.0005307728491495,1.0,NORMAL,0,0,0,0,20957586400,2895400116,16279782,5889645,5,5.0,0.005,0.005,0.0,0,26214400,0,5,0
0,1,1,0,5,5,1.0,50,0.0,77.0753902187136,0.0129743099212646,0.0125136375427246,0.014776611328125,0.0153002643585205,0.0015081774102965,1.0,NORMAL,0,0,0,0,20957589832,2895411520,16279835,5889739,5,5.0,0.005,0.005,0.0,0,25165824,0,5,0
0,1,1,0,5,5,1.0,50,0.0,78.95398261406461,0.0126656055450439,0.0126569271087646,0.0136856079101562,0.0139547729492187,0.0009144713923373,1.0,NORMAL,0,0,0,0,20957592904,2895421910,16279882,5889825,5,5.0,0.005,0.005,0.0,0,25165824,0,5,0
0,1,1,0,5,5,1.0,50,0.0,54.93363648984574,0.0182037830352783,0.0134117603302001,0.0280009746551513,0.0323848628997802,0.0080100135555885,1.0,NORMAL,0,0,0,0,20957596096,2895432456,16279931,5889912,5,5.0,0.005,0.005,0.0,0,25165824,0,5,0
0,1,1,0,5,5,1.0,50,0.0,78.3182770480967,0.0127684116363525,0.0127370357513427,0.0145254611968994,0.0149925518035888,0.0016888132524012,1.0,NORMAL,0,0,0,0,20957600025,2895444391,16279989,5890012,5,5.0,0.005,0.005,0.0,0,25165824,0,5,0
0,1,1,0,5,5,1.0,50,0.0,8.84524184099289,0.11305513381958,0.0573711395263671,0.2299844741821289,0.3012151908874512,0.1013217850179252,1.0,ATTACK,0,0,0,0,20957603397,2895455843,16280041,5890106,5,5.0,0.005,0.005,0.0,0,25165824,0,5,0
0,1,1,0,5,4,1.25,50,0.0,8.755425298297471,0.1142148971557617,0.0971479415893554,0.1480104923248291,0.1664825439453125,0.0285285385223723,1.0,ATTACK,0,0,0,0,20957607072,2895467911,16280095,5890198,5,5.0,0.012,0.0073333333333333,0.0040414518843274,0,25165824,0,5,0
0,1,1,0,4,2,2.0,50,0.0,8.310950478726777,0.1203231811523437,0.1236259937286377,0.1319238185882568,0.1365763568878173,0.0141310700457916,1.0,ATTACK,0,0,0,0,20957611659,2895481694,16280159,5890307,5,5.0,0.012,0.0096666666666666,0.0040414518843274,0,25165824,0,5,0
0,1,1,0,2,4,0.5,50,0.0,7.161411361675943,0.139637279510498,0.1437559127807617,0.1677535057067871,0.1708963680267334,0.0293181463980792,1.0,ATTACK,0,0,0,0,20957615655,2895495422,16280220,5890415,5,5.0,0.071,0.0316666666666666,0.0340636658821879,0,25165824,0,5,0
0,1,1,0,2,4,0.5,50,0.0,7.7335371859561475,0.129306936264038,0.0852930545806884,0.2284560680389404,0.2939205932617187,0.0880656375099957,1.0,ATTACK,0,0,0,0,20957652726,2895520451,16280340,5890571,6,5.333333333333333,0.069,0.0506666666666666,0.0335012437580059,0,19922944,0,6,0
0,1,1,0,4,5,0.8,50,0.0,82.82525414491197,0.0120736122131347,0.0116550922393798,0.0133266925811767,0.0133539009094238,0.0010741136768582,1.0,NORMAL,0,0,0,0,20957673599,2895540196,16280431,5890705,5,5.333333333333333,0.068,0.0693333333333333,0.0015275252316522,0,10485760,0,5,0
0,1,1,0,5,5,1.0,50,0.0,73.27344702647366,0.0136475086212158,0.0118780136108398,0.0181427955627441,0.02112961769104,0.0040086489895459,1.0,NORMAL,0,0,0,0,20957677091,2895551132,16280485,5890797,5,5.333333333333333,0.044,0.0603333333333333,0.0141539158303747,0,14680064,0,5,0
0,1,1,0,5,5,1.0,50,0.0,70.67233262452694,0.0141498088836669,0.0125148296356201,0.0176078796386718,0.0195822429656982,0.0029510448435366,1.0,NORMAL,0,0,0,0,20957680343,2895562260,16280535,5890887,5,5.0,0.044,0.052,0.013856406460551,0,14680064,0,5,0
0,1,1,0,5,5,1.0,50,0.0,75.97826244475038,0.0131616592407226,0.0130636692047119,0.0144855976104736,0.0151482105255126,0.0011622356939809,1.0,NORMAL,0,0,0,0,20957683835,2895573204,16280589,5890980,5,5.0,0.005,0.031,0.0225166604983954,0,24117248,0,5,0
0,1,1,0,5,5,1.0,50,0.0,88.31489537317393,0.0113231182098388,0.0118403434753417,0.0123138904571533,0.0123162078857421,0.0010366020724959,1.0,NORMAL,0,0,0,0,20957687625,2895584367,16280647,5891076,5,5.0,0.005,0.018,0.0225166604983954,0,24117248,0,5,0
0,1,1,0,5,5,1.0,50,0.0,85.24904167835352,0.0117303371429443,0.0111942291259765,0.0134392261505126,0.0139046001434326,0.0013925680295912,1.0,NORMAL,0,0,0,0,20957691201,2895595879,16280701,5891171,5,5.0,0.005,0.005,0.0,0,24117248,0,5,0
0,1,1,0,5,5,1.0,50,0.0,88.00802380282931,0.011362600326538,0.0116140842437744,0.0119763851165771,0.0121584320068359,0.0006248757546032,1.0,NORMAL,0,0,0,0,20957694273,2895606167,16280748,5891256,5,5.0,0.005,0.005,0.0,0,24117248,0,5,0
0,1,1,0,5,5,1.0,50,0.0,72.75891379543633,0.0137440204620361,0.0137512683868408,0.0176512241363525,0.0183027648925781,0.0033840397146423,1.0,NORMAL,0,0,0,0,20957697405,2895616497,16280796,5891341,5,5.0,0.005,0.005,0.0,0,24117248,0,5,0
0,1,1,0,5,5,1.0,50,0.0,73.0697160696429,0.0136855602264404,0.0135853290557861,0.0165831089019775,0.0168977642059326,0.002579234225926,1.0,NORMAL,0,0,0,0,20957700477,2895626843,16280843,5891426,5,5.0,0.005,0.005,0.0,0,24117248,0,5,0
0,1,1,0,5,5,1.0,50,0.0,100.59537400347286,0.0099408149719238,0.0096902847290039,0.010758352279663,0.0112521362304687,0.0007136391713856,1.0,NORMAL,0,0,0,0,20957703849,2895638257,16280895,5891520,5,5.0,0.005,0.005,0.0,0,24117248,0,5,0
0,1,1,0,5,5,1.0,50,0.0,59.3759325479404,0.0168418407440185,0.0125057697296142,0.0267374992370605,0.031466941833496,0.0082053353363182,1.0,NORMAL,0,0,0,0,20957707134,2895648832,16280945,5891608,5,5.0,0.005,0.005,0.0,0,24117248,0,5,0
0,1,1,0,5,5,1.0,50,0.0,51.89416041235175,0.0192699909210205,0.0154855251312255,0.0301673412322998,0.0374007225036621,0.0097272863525785,1.0,NORMAL,0,0,0,0,20957710266,2895659164,16280993,5891694,5,5.0,0.005,0.005,0.0,0,24117248,0,5,0
0,1,1,0,5,5,1.0,50,0.0,11.260638303584564,0.0888049125671386,0.0768957138061523,0.125846529006958,0.1396018409729003,0.0304033245435534,1.0,ATTACK,0,0,0,0,20957713638,2895670272,16281045,5891785,5,5.0,0.005,0.005,0.0,0,24117248,0,5,0
0,1,1,0,5,2,2.5,50,0.0,8.42534587816716,0.118689489364624,0.1378793716430664,0.1501700401306152,0.1529872608184814,0.0336765706250598,1.0,ATTACK,0,0,0,0,20957717154,2895682220,16281098,5891877,5,5.0,0.005,0.005,0.0,0,24117248,0,5,0
0,1,1,0,5,2,2.5,50,0.0,12.5682724762197,0.0795654296875,0.0666463375091552,0.113796854019165,0.1291383171081543,0.028202331012233,1.0,ATTACK,0,0,0,0,20957720826,2895695282,16281155,5891977,5,5.0,0.046,0.0186666666666666,0.0236713610367746,0,24117248,0,5,0
0,1,1,0,2,4,0.5,50,0.0,10.23141719982944,0.0977381706237792,0.0779054164886474,0.1440817356109619,0.1594549560546874,0.0379300269846148,1.0,ATTACK,0,0,0,0,20957757953,2895719259,16281271,5892122,7,5.666666666666667,0.071,0.0406666666666666,0.0333216646242851,0,24117248,0,7,0
0,1,1,0,4,5,0.8,50,0.0,14.709981159682563,0.0679810523986816,0.0772256851196289,0.1005101203918457,0.1024580478668212,0.0310750357954401,1.0,ATTACK,0,0,0,0,20957779511,2895737946,16281363,5892249,5,5.666666666666667,0.083,0.0666666666666666,0.0188767935130237,0,14680064,1,4,0
0,1,1,0,5,5,1.0,50,0.0,10.657261988550752,0.0938327312469482,0.1058034896850586,0.1148293018341064,0.1150859355926513,0.0326770112863556,1.0,ATTACK,0,0,0,0,20957782823,2895749972,16281414,5892341,5,5.666666666666667,0.083,0.079,0.0069282032302756,0,14680064,0,5,0
0,1,1,0,5,5,1.0,50,0.0,55.70420739481513,0.0179519653320312,0.0143148899078369,0.0274790287017822,0.0316314315795898,0.00790776487102,1.0,NORMAL,0,0,0,0,20957787179,2895763858,16281481,5892457,5,5.0,0.072,0.0793333333333333,0.006350852961086,0,20971520,0,5,0
0,1,1,0,5,5,1.0,50,0.0,81.0340070865807,0.012340497970581,0.0110683441162109,0.0148961544036865,0.0152244567871093,0.0020531729718375,1.0,NORMAL,0,0,0,0,20957790431,2895774450,16281531,5892545,5,5.0,0.024,0.0596666666666666,0.031374086972107,0,25165824,0,5,0
0,1,1,0,5,5,1.0,50,0.0,61.25808025190816,0.0163243770599365,0.0144667625427246,0.0232654571533203,0.0270539379119873,0.0059859395260647,1.0,NORMAL,0,0,0,0,20957794136,2895786179,16281588,5892642,5,5.0,0.005,0.0336666666666666,0.0345301800362137,0,25165824,0,5,0
0,1,1,0,5,5,1.0,50,0.0,97.3070587744004,0.0102767467498779,0.0104610919952392,0.0107623577117919,0.0108182334899902,0.0004733449227108,1.0,NORMAL,0,0,0,0,20957797328,2895796547,16281637,5892727,5,5.0,0.005,0.0113333333333333,0.0109696551146028,0,25165824,0,5,0
0,1,1,0,5,5,1.0,50,0.0,65.6860515740645,0.0152239322662353,0.0138783454895019,0.0219138622283935,0.0255663013458251,0.0058102009758046,1.0,NORMAL,0,0,0,0,20957800460,2895806911,16281685,5892813,5,5.0,0.005,0.005,0.0,0,25165824,0,5,0
0,1,1,0,5,5,1.0,50,0.0,73.52932720458044,0.0136000156402587,0.012174367904663,0.0197433471679687,0.0240006351470947,0.0056353519447454,1.0,NORMAL,0,0,0,0,20957804247,2895817574,16281737,5892902,5,5.0,0.006,0.0053333333333333,0.0005773502691885,0,25165824,0,5,0
0,1,1,0,5,5,1.0,50,0.0,66.10324850120094,0.0151278495788574,0.0130343437194824,0.0206465721130371,0.0215726852416992,0.0044408524296171,1.0,NORMAL,0,0,0,0,20957807499,2895828640,16281787,5892993,5,5.0,0.006,0.0056666666666666,0.0005773502691885,0,25165824,0,5,0
0,1,1,0,5,5,1.0,50,0.0,63.88652966228196,0.0156527519226074,0.0126359462738037,0.0252572536468505,0.0319092178344726,0.0087027932140034,1.0,NORMAL,0,0,0,0,20957811168,2895839725,16281842,5893086,5,5.0,0.005,0.0056666666666666,0.0005773502691885,0,25165824,0,5,0
0,1,1,0,5,5,1.0,50,0.0,61.77851488969343,0.0161868572235107,0.0125951766967773,0.0233792781829834,0.0240593147277832,0.0057916761319987,1.0,NORMAL,0,0,0,0,20957814300,2895849991,16281890,5893170,5,5.0,0.005,0.0053333333333333,0.0005773502691885,0,25165824,0,5,0
0,1,1,0,5,5,1.0,50,0.0,53.54918277664434,0.0186744213104248,0.0184297561645507,0.0287031650543212,0.0344618034362793,0.0090349152312685,1.0,NORMAL,0,0,0,0,20957825352,2895867208,16281965,5893281,5,5.0,0.005,0.005,0.0,0,25165824,0,5,0
0,1,1,0,5,5,1.0,50,0.0,93.22249979996622,0.0107270240783691,0.0099191665649414,0.012325096130371,0.0128415393829345,0.001278848372168,1.0,NORMAL,0,0,0,0,20957828484,2895877452,16282013,5893365,5,5.0,0.005,0.005,0.0,0,25165824,0,5,0
0,1,1,0,5,5,1.0,50,0.0,92.63529869074333,0.0107950210571289,0.011444091796875,0.0115309238433837,0.0115705776214599,0.0008605085269166,1.0,NORMAL,0,0,0,0,20957831796,2895888866,16282064,5893459,5,5.0,0.005,0.005,0.0,0,25165824,0,5,0
0,1,1,0,1,1,1.0,50,0.0,26.033338133283017,0.0384122848510742,0.0112771987915039,0.0904726028442382,0.1253525638580322,0.0462173018590898,1.0,ATTACK,0,0,0,0,20957904363,2896089085,16283018,5895101,1,1.0,0.001,0.001,0.0,0,5242880,0,1,0
0,1,1,0,1,1,1.0,50,0.0,65.22272708895088,0.0153320789337158,0.0120563507080078,0.0218848228454589,0.0277166748046875,0.0065164682328745,1.0,ATTACK,0,0,0,0,20957907906,2896100441,16283072,5895192,1,1.0,0.001,0.001,0.0,0,5242880,0,1,0
0,1,1,0,1,1,1.0,50,0.0,64.62040957187844,0.0154749870300292,0.0165390968322753,0.0186628341674804,0.0198482418060302,0.0030318815792839,1.0,ATTACK,0,0,0,0,20957911218,2896112285,16283123,5895283,1,1.0,0.003,0.0016666666666666,0.0011547005383792,0,5242880,0,1,0
0,1,1,0,1,1,1.0,50,0.0,80.65131697862145,0.0123990535736083,0.010606050491333,0.0165473937988281,0.0182561111450195,0.0033734223626322,1.0,ATTACK,0,0,0,0,20957914410,2896123171,16283172,5895368,1,1.0,0.03,0.0113333333333333,0.0161967074843417,0,5242880,0,1,0
0,1,1,0,1,2,0.5,50,0.0,65.07760958746827,0.0153662681579589,0.0146992206573486,0.0193059921264648,0.0206957626342773,0.0033376976975029,1.0,ATTACK,0,0,0,0,20957935359,2896139836,16283259,5895477,2,1.3333333333333333,0.03,0.021,0.0155884572681198,0,5242880,1,1,0
0,1,1,0,2,3,0.6666666666666666,50,0.0,74.65140286053979,0.0133955955505371,0.0128850936889648,0.0167225360870361,0.0179163551330566,0.0029432141234262,1.0,ATTACK,0,0,0,0,20957940108,2896153039,16283321,5895580,2,1.6666666666666667,0.03,0.03,0.0,0,5242880,0,2,0
0,1,1,0,2,3,0.6666666666666666,50,0.0,44.70386105077368,0.0223694324493408,0.0218911170959472,0.0253108024597167,0.0265739727020263,0.002634077480282,1.0,ATTACK,0,0,0,0,20957961698,2896172411,16283406,5895691,3,2.333333333333333,0.03,0.03,0.0,0,5242880,0,3,0
0,1,1,0,3,3,1.0,50,0.0,73.35315392202814,0.0136326789855957,0.0129995346069335,0.0169208049774169,0.0187983512878417,0.0028779607735043,1.0,ATTACK,0,0,0,0,20957965370,2896184723,16283463,5895788,3,2.6666666666666665,0.043,0.0343333333333333,0.0075055534994651,0,9437184,0,3,0
0,1,1,0,3,3,1.0,50,0.0,51.571298238538695,0.0193906307220458,0.0163726806640625,0.0281733512878417,0.0309191608428955,0.0071847288551825,1.0,ATTACK,0,0,0,0,20957968862,2896197099,16283517,5895885,3,3.0,0.043,0.0386666666666666,0.0075055534994651,0,9437184,0,3,0
0,1,1,0,3,3,1.0,50,0.0,62.3021300614955,0.0160508155822753,0.0139567852020263,0.0217968463897705,0.024572696685791,0.0047982715798144,1.0,ATTACK,0,0,0,0,20957972234,2896208393,16283569,5895976,3,3.0,0.032,0.0393333333333333,0.0063508529610858,0,14680064,0,3,0
0,1,1,0,3,3,1.0,50,0.0,49.72912986258492,0.020108938217163,0.0187799930572509,0.0256929874420166,0.0274071979522705,0.0047337910907349,1.0,ATTACK,0,0,0,0,20957975690,2896220517,16283621,5896070,3,3.0,0.032,0.0356666666666666,0.0063508529610858,0,14680064,0,3,0
0,1,1,0,3,3,1.0,50,0.0,65.75648972962465,0.0152076244354248,0.010904312133789,0.022978925704956,0.0246497058868408,0.0061639116111226,1.0,ATTACK,0,0,0,0,20957978942,2896231709,16283671,5896158,3,3.0,0.032,0.032,0.0,0,15728640,0,3,0
0,1,1,0,3,3,1.0,50,0.0,59.15368689461422,0.0169051170349121,0.011322021484375,0.0287652969360351,0.0351505851745605,0.0099875219606031,1.0,NORMAL,0,0,0,0,20957982707,2896244128,16283729,5896260,3,3.0,0.032,0.032,0.0,0,15728640,0,3,0
0,1,1,0,3,3,1.0,50,0.0,92.6127988058805,0.010797643661499,0.0101292133331298,0.0127018451690673,0.0140956497192382,0.0017557524167247,1.0,NORMAL,0,0,0,0,20957986199,2896255612,16283783,5896355,3,3.0,0.014,0.026,0.0103923048454132,0,15728640,0,3,0
0,1,1,0,3,3,1.0,50,0.0,74.52512775317872,0.0134182929992675,0.0112662315368652,0.0194055557250976,0.0236128044128417,0.0054588567631061,1.0,NORMAL,0,0,0,0,20957989331,2896265990,16283831,5896440,3,3.0,0.003,0.0163333333333333,0.0146401275039985,0,15728640,0,3,0
0,1,1,0,3,3,1.0,50,0.0,63.136421384746,0.0158387184143066,0.010448932647705,0.0270793914794921,0.0324662971496582,0.0092774409803025,1.0,NORMAL,0,0,0,0,20957992706,2896276230,16283880,5896524,3,3.0,0.003,0.0066666666666666,0.0063508529610859,0,15728640,0,3,0
0,1,1,0,3,3,1.0,50,0.0,80.39963042619833,0.0124378681182861,0.0103905200958251,0.0163670539855957,0.0177230930328369,0.0031445079359883,1.0,NORMAL,0,0,0,0,20957995838,2896286678,16283928,5896610,3,3.0,0.003,0.003,0.0,0,15728640,0,3,0
0,1,1,0,3,3,1.0,50,0.0,61.974591372651005,0.0161356449127197,0.0166211128234863,0.0204454898834228,0.0220458889007568,0.0038810215217657,1.0,NORMAL,0,0,0,0,20957999627,2896298537,16283985,5896710,3,3.0,0.003,0.003,0.0,0,15728640,0,3,0
0,1,1,0,3,3,1.0,50,0.0,63.10526410813478,0.0158465385437011,0.0144917964935302,0.0243533611297607,0.0287130451202392,0.0073531145882705,1.0,NORMAL,0,0,0,0,20958002819,2896308847,16284034,5896795,3,3.0,0.003,0.003,0.0,0,15728640,0,3,0
0,1,1,0,3,3,1.0,50,0.0,51.95458452970512,0.0192475795745849,0.0128889083862304,0.0340020656585693,0.0413393020629882,0.0122828187660403,1.0,NORMAL,0,0,0,0,20958005951,2896319195,16284082,5896881,3,3.0,0.003,0.003,0.0,0,15728640,0,3,0
0,1,1,0,3,3,1.0,50,0.0,79.53398058252426,0.0125732421875,0.0114228725433349,0.0165028095245361,0.0191247653961181,0.0035265223434468,1.0,NORMAL,0,0,0,0,20958009023,2896329493,16284129,5896966,3,3.0,0.003,0.003,0.0,0,15728640,0,3,0
0,1,1,0,3,3,1.0,50,0.0,50.940694948807945,0.0196306705474853,0.0173828601837158,0.0254893779754638,0.0292060184478759,0.0051527249333805,1.0,NORMAL,0,0,0,0,20958012395,2896340827,16284181,5897059,3,3.0,0.003,0.003,0.0,0,15728640,0,3,0
0,1,1,0,3,3,1.0,50,0.0,80.28175052828225,0.0124561309814453,0.013484239578247,0.0148450374603271,0.0149940395355224,0.002389210224705,1.0,NORMAL,0,0,0,0,20958015527,2896351265,16284229,5897145,3,3.0,0.003,0.003,0.0,0,15728640,0,3,0
0,1,1,0,3,3,1.0,50,0.0,98.31152697628411,0.0101717472076416,0.0094590187072753,0.0115464687347412,0.0118845558166503,0.0010939386516397,1.0,NORMAL,0,0,0,0,20958018992,2896362030,16284282,5897236,3,3.0,0.003,0.003,0.0,0,15728640,0,3,0
0,1,1,0,3,2,1.5,50,0.0,36.5417333152119,0.0273659706115722,0.0145692825317382,0.0528259754180908,0.0579674053192138,0.0202150342590084,1.0,ATTACK,0,0,0,0,20958022680,2896372658,16284333,5897325,3,3.0,0.003,0.003,0.0,0,15728640,0,3,0
0,1,1,0,2,1,2.0,50,0.0,46.07656900548177,0.0217030048370361,0.0208649635314941,0.0235791206359863,0.0241254329681396,0.0014983644621436,1.0,ATTACK,0,0,0,0,20958039563,2896394460,16284436,5897467,3,3.0,0.003,0.003,0.0,0,15728640,0,3,0
0,1,1,0,1,1,1.0,50,0.0,87.6842092059656,0.0114045619964599,0.0098078250885009,0.0148352146148681,0.0159213161468505,0.0027465513611776,1.0,ATTACK,0,0,0,0,20958042635,2896405350,16284483,5897551,3,3.0,0.003,0.003,0.0,0,15728640,0,3,0
0,1,1,0,1,1,1.0,50,0.0,55.91123102435175,0.0178854942321777,0.0185089111328125,0.0261032581329345,0.0268371105194091,0.0073451090125832,1.0,ATTACK,0,0,0,0,20958046271,2896417738,16284538,5897648,2,2.6666666666666665,0.025,0.0103333333333333,0.0127017059221717,0,10485760,0,2,0
0,1,1,0,1,2,0.5,50,0.0,74.93923465322122,0.0133441448211669,0.0132045745849609,0.0166749477386474,0.018723554611206,0.0031019129971737,1.0,ATTACK,0,0,0,0,20958066340,2896434597,16284617,5897759,2,2.333333333333333,0.03,0.0193333333333333,0.0143643076176101,0,5242880,0,2,0
0,1,1,0,2,3,0.6666666666666666,50,0.0,39.75628528422641,0.0251532554626464,0.0262994766235351,0.0399093151092529,0.0443719100952148,0.0129713000382401,1.0,ATTACK,0,0,0,0,20958071940,2896447553,16284675,5897860,3,2.333333333333333,0.043,0.0326666666666666,0.0092915732431775,0,9437184,1,2,0
0,1,1,0,2,3,0.6666666666666666,50,0.0,57.52808988764045,0.0173828125,0.0176758766174316,0.0217396736145019,0.0218691062927246,0.0041543997126015,1.0,ATTACK,0,0,0,0,20958078892,2896459965,16284735,5897959,3,2.6666666666666665,0.043,0.0386666666666666,0.0075055534994651,0,9437184,1,2,0
0,1,1,0,3,3,1.0,50,0.0,53.6576953681695,0.0186366558074951,0.0162065029144287,0.0300714015960693,0.0374962711334228,0.0102770257357311,1.0,ATTACK,0,0,0,0,20958094134,2896477022,16284814,5898074,3,3.0,0.031,0.039,0.0069282032302755,0,9437184,0,3,0
0,1,1,0,3,3,1.0,50,0.0,55.26631054938163,0.0180942058563232,0.0175511837005615,0.0225044250488281,0.0225983238220214,0.0038136363062085,1.0,ATTACK,0,0,0,0,20958097917,2896488411,16284866,5898164,3,3.0,0.043,0.039,0.0069282032302755,0,13631488,0,3,0
0,1,1,0,3,3,1.0,50,0.0,77.47573748083566,0.0129072666168212,0.0114786624908447,0.0169008255004882,0.0181906032562255,0.0032308709368515,1.0,ATTACK,0,0,0,0,20958101553,2896500691,16284921,5898260,3,3.0,0.043,0.039,0.0069282032302755,0,13631488,0,3,0
0,1,1,0,3,3,1.0,50,0.0,72.42797444310136,0.0138068199157714,0.0135033130645751,0.015889835357666,0.0167286586761474,0.0019260039029003,1.0,ATTACK,0,0,0,0,20958104805,2896511935,16284971,5898349,3,3.0,0.032,0.0393333333333333,0.0063508529610858,0,13631488,0,3,0
0,1,1,0,3,3,1.0,50,0.0,55.197216387936976,0.0181168556213378,0.0192275047302246,0.0213628768920898,0.0214799499511718,0.0031887752207243,1.0,ATTACK,0,0,0,0,20958108177,2896524027,16285023,5898443,3,3.0,0.032,0.0356666666666666,0.0063508529610858,0,13631488,0,3,0
0,1,1,0,3,3,1.0,50,0.0,76.47057536564287,0.0130769252777099,0.0103936195373535,0.0191142559051513,0.0234482765197753,0.0054952875654739,1.0,NORMAL,0,0,0,0,20958112555,2896537315,16285090,5898556,3,3.0,0.027,0.0303333333333333,0.0028867513459481,0,13631488,0,3,0
0,1,1,0,3,3,1.0,50,0.0,53.770370750217936,0.0185976028442382,0.0169522762298584,0.0254136085510253,0.0293110942840576,0.0060510742974242,1.0,NORMAL,0,0,0,0,20958116863,2896548409,16285144,5898649,3,3.0,0.027,0.0286666666666666,0.0028867513459481,0,13631488,0,3,0
0,1,1,0,3,3,1.0,50,0.0,58.387215323793086,0.0171270370483398,0.0123932361602783,0.0272786140441894,0.0323810768127441,0.0084614345179259,1.0,NORMAL,0,0,0,0,20958120055,2896558675,16285193,5898734,3,3.0,0.003,0.019,0.013856406460551,0,13631488,0,3,0
0,1,1,0,3,3,1.0,50,0.0,61.53669193097357,0.016250467300415,0.0151937007904052,0.0237251281738281,0.0285070991516113,0.0067714234282285,1.0,NORMAL,0,0,0,0,20958123631,2896570003,16285247,5898827,3,3.0,0.003,0.011,0.013856406460551,0,13631488,0,3,0
0,1,1,0,3,3,1.0,50,0.0,67.0775253801424,0.0149081230163574,0.0124001502990722,0.0221314907073974,0.0269639301300048,0.0064569775646825,1.0,NORMAL,0,0,0,0,20958126823,2896580543,16285296,5898914,3,3.0,0.003,0.003,0.0,0,13631488,0,3,0
0,1,1,0,3,3,1.0,50,0.0,69.31427797076253,0.0144270420074462,0.0138428211212158,0.0202422142028808,0.0240329265594482,0.0053245494663393,1.0,NORMAL,0,0,0,0,20958130553,2896591584,16285353,5899008,3,3.0,0.003,0.003,0.0,0,13631488,0,3,0
0,1,1,0,3,3,1.0,50,0.0,57.26168632590651,0.0174636840820312,0.0153548717498779,0.025747013092041,0.0315528583526611,0.0075858133510578,1.0,NORMAL,0,0,0,0,20958133685,2896601878,16285401,5899093,3,3.0,0.003,0.003,0.0,0,13631488,0,3,0
0,1,1,0,3,3,1.0,50,0.0,77.46200130756132,0.0129095554351806,0.0131881237030029,0.0156323909759521,0.0168992519378662,0.0024963803449109,1.0,NORMAL,0,0,0,0,20958136817,2896612316,16285449,5899179,3,3.0,0.003,0.003,0.0,0,13631488,0,3,0
0,1,1,0,3,3,1.0,50,0.0,98.48280784799904,0.0101540565490722,0.0102932453155517,0.0113105773925781,0.0115908145904541,0.0010317370494457,1.0,NORMAL,0,0,0,0,20958140189,2896623570,16285501,5899272,3,3.0,0.003,0.003,0.0,0,13631488,0,3,0
0,1,1,0,3,3,1.0,50,0.0,72.0883835085283,0.0138718605041503,0.0111184120178222,0.0195681571960449,0.022057933807373,0.0046672830968473,1.0,NORMAL,0,0,0,0,20958143261,2896633782,16285548,5899356,3,3.0,0.003,0.003,0.0,0,13631488,0,3,0
0,1,1,0,3,3,1.0,50,0.0,102.3365393530379,0.0097716808319091,0.0098233222961425,0.0100899696350097,0.0102177715301513,0.0002980538009216,1.0,NORMAL,0,0,0,0,20958146546,2896644369,16285598,5899445,3,3.0,0.003,0.003,0.0,0,13631488,0,3,0
0,1,1,0,3,3,1.0,50,0.0,86.79079430375818,0.0115219593048095,0.010268211364746,0.0139337539672851,0.0140053367614746,0.0019630904072486,1.0,NORMAL,0,0,0,0,20958149738,2896654921,16285647,5899533,3,3.0,0.003,0.003,0.0,0,13631488,0,3,0
0,1,1,0,3,3,1.0,50,0.0,29.012230736348155,0.0344682216644287,0.0402138233184814,0.0558962345123291,0.0629388999938964,0.0199059687931566,1.0,ATTACK,0,0,0,0,20958152930,2896665949,16285696,5899623,3,3.0,0.003,0.003,0.0,0,14680064,0,3,0
0,1,1,0,3,1,3.0,50,0.0,67.35890023768228,0.014845848083496,0.0144124031066894,0.0166055679321289,0.0178203296661376,0.001655779519559,1.0,ATTACK,0,0,0,0,20958156122,2896677247,16285745,5899711,3,3.0,0.003,0.003,0.0,0,14680064,0,3,0
0,1,1,0,1,1,1.0,50,0.0,75.89192788437181,0.0131766319274902,0.0134272575378417,0.0147058486938476,0.0153747272491455,0.0015275136818185,1.0,ATTACK,0,0,0,0,20958159254,2896688175,16285793,5899795,3,3.0,0.018,0.008,0.0086602540378443,0,14680064,0,3,0
0,1,1,0,1,1,1.0,50,0.0,79.38345067756832,0.0125970840454101,0.0121140480041503,0.0146723270416259,0.015367727279663,0.0017983391851695,1.0,ATTACK,0,0,0,0,20958162830,2896700707,16285847,5899893,3,3.0,0.018,0.013,0.0086602540378443,0,14680064,0,3,0
0,1,1,0,1,2,0.5,50,0.0,65.26454030267854,0.0153222560882568,0.013721227645874,0.0194169521331787,0.0202912235260009,0.0032805690452829,1.0,ATTACK,0,0,0,0,20958183553,2896717923,16285930,5900007,2,2.6666666666666665,0.03,0.022,0.0069282032302754,0,5242880,1,1,0
0,1,1,0,2,3,0.6666666666666666,50,0.0,54.46836804130673,0.0183592796325683,0.0202639102935791,0.0222082138061523,0.0231175899505615,0.0040696821814332,1.0,ATTACK,0,0,0,0,20958204849,2896736688,16286019,5900136,3,2.6666666666666665,0.03,0.026,0.0069282032302754,0,5242880,1,2,0
0,1,1,0,3,3,1.0,50,0.0,98.55917586626626,0.0101461887359619,0.0091302394866943,0.0118922233581542,0.0121300601959228,0.0013889834704697,1.0,ATTACK,0,0,0,0,20958207981,2896747712,16286067,5900221,3,2.6666666666666665,0.03,0.03,0.0,0,5242880,0,3,0
0,1,1,0,3,3,1.0,50,0.0,89.2336757184556,0.0112065315246582,0.0109419822692871,0.0124848842620849,0.0125362968444824,0.0010863279251868,1.0,ATTACK,0,0,0,0,20958211413,2896759808,16286120,5900316,3,3.0,0.046,0.0353333333333333,0.0092376043070339,0,13631488,0,3,0
0,1,1,0,3,3,1.0,50,0.0,88.17935650974654,0.0113405227661132,0.0121934413909912,0.0131344318389892,0.0134286594390869,0.0018499032454079,1.0,ATTACK,0,0,0,0,20958214725,2896770940,16286171,5900404,3,3.0,0.032,0.036,0.0087177978870813,0,13631488,0,3,0
0,1,1,0,3,3,1.0,50,0.0,66.17416712420405,0.0151116371154785,0.0127043724060058,0.0212238788604736,0.0224232769012451,0.0049049377483126,1.0,ATTACK,0,0,0,0,20958218394,2896783115,16286226,5900499,3,3.0,0.032,0.0366666666666666,0.0080829037686547,0,13631488,0,3,0
0,1,1,0,3,3,1.0,50,0.0,60.76165310710892,0.0164577484130859,0.0171327590942382,0.0192743301391601,0.0201613044738769,0.0025943923497287,1.0,ATTACK,0,0,0,0,20958221526,2896794033,16286274,5900584,3,3.0,0.032,0.032,0.0,0,13631488,0,3,0
0,1,1,0,3,3,1.0,50,0.0,76.76083248537734,0.0130274772644042,0.0126731395721435,0.0144142150878906,0.0145125770568847,0.0012015744359339,1.0,ATTACK,0,0,0,0,20958224958,2896806033,16286327,5900677,3,3.0,0.032,0.032,0.0,0,13631488,0,3,0
0,1,1,0,3,3,1.0,50,0.0,52.269117844983576,0.0191317558288574,0.0167078971862792,0.0260629177093505,0.0297058296203613,0.0058580756815129,1.0,NORMAL,0,0,0,0,20958229285,2896818928,16286388,5900784,3,3.0,0.033,0.0323333333333333,0.0005773502691894,0,13631488,0,3,0
0,1,1,0,3,3,1.0,50,0.0,58.18149535303093,0.0171875953674316,0.0145637989044189,0.0267437934875488,0.0313873195648193,0.0080459853177787,1.0,NORMAL,0,0,0,0,20958232477,2896829398,16286437,5900870,3,3.0,0.015,0.0266666666666666,0.0101159939369956,0,13631488,0,3,0
0,1,1,0,3,3,1.0,50,0.0,67.89756208113445,0.0147280693054199,0.010836124420166,0.0225808143615722,0.027071304321289,0.0066894948875492,1.0,NORMAL,0,0,0,0,20958235813,2896840202,16286487,5900959,3,3.0,0.015,0.021,0.0103923048454132,0,13631488,0,3,0
0,1,1,0,3,3,1.0,50,0.0,68.96529951856041,0.0145000457763671,0.013953685760498,0.0196672439575195,0.0223961448669433,0.0045286271855492,1.0,NORMAL,0,0,0,0,20958239278,2896851243,16286540,5901051,3,3.0,0.003,0.011,0.0069282032302755,0,13631488,0,3,0
0,1,1,0,3,3,1.0,50,0.0,68.78998107346578,0.0145370006561279,0.0107452869415283,0.0214367389678955,0.0241388607025146,0.0055616230973294,1.0,NORMAL,0,0,0,0,20958242470,2896861741,16286589,5901138,3,3.0,0.003,0.0069999999999999,0.0069282032302755,0,13631488,0,3,0
0,1,1,0,3,3,1.0,50,0.0,79.63696983735792,0.0125569820404052,0.0106098651885986,0.0167434215545654,0.0178823947906494,0.0033332493796608,1.0,NORMAL,0,0,0,0,20958245542,2896872083,16286636,5901224,3,3.0,0.003,0.003,0.0,0,13631488,0,3,0
0,1,1,0,3,3,1.0,50,0.0,76.20022091738852,0.0131233215332031,0.0100948810577392,0.0185519695281982,0.0205587768554687,0.004352694545351,1.0,NORMAL,0,0,0,0,20958248854,2896882693,16286687,5901312,3,3.0,0.003,0.003,0.0,0,13631488,0,3,0
0,1,1,0,3,3,1.0,50,0.0,59.50633468113783,0.0168049335479736,0.0154602527618408,0.0249923229217529,0.0306253051757812,0.0075577524173187,1.0,NORMAL,0,0,0,0,20958251926,2896893035,16286734,5901398,3,3.0,0.003,0.003,0.0,0,13631488,0,3,0
0,1,1,0,3,3,1.0,50,0.0,72.02574467573592,0.0138839244842529,0.0110008716583251,0.018466567993164,0.0186707592010498,0.0037004968372091,1.0,NORMAL,0,0,0,0,20958255511,2896904738,16286789,5901496,3,3.0,0.004,0.0033333333333333,0.0005773502691901,0,13631488,0,3,0
0,1,1,0,3,3,1.0,50,0.0,78.91951695875183,0.0126711368560791,0.0118088722229003,0.0160180568695068,0.0165369892120361,0.0028096100312812,1.0,NORMAL,0,0,0,0,20958258643,2896915030,16286837,5901580,3,3.0,0.004,0.0036666666666666,0.0005773502691901,0,13631488,0,3,0
0,1,1,0,3,3,1.0,50,0.0,55.30682912035022,0.0180809497833251,0.0160436630249023,0.0282292366027832,0.0310946941375732,0.0083662807920183,1.0,NORMAL,0,0,0,0,20958261775,2896925426,16286885,5901666,3,3.0,0.003,0.0036666666666666,0.0005773502691901,0,13631488,0,3,0
0,1,1,0,3,3,1.0,50,0.0,85.4431968188263,0.0117036819458007,0.0107886791229248,0.0139427661895751,0.0140188980102539,0.0018401551680825,1.0,NORMAL,0,0,0,0,20958264907,2896935944,16286933,5901752,3,3.0,0.004,0.0036666666666666,0.0005773502691901,0,13631488,0,3,0
0,1,1,0,1,1,1.0,50,0.0,16.064381558476775,0.0622495174407959,0.0623779296875,0.103182315826416,0.1096595287322998,0.0361699836432644,1.0,ATTACK,0,0,0,0,20958326492,2897128096,16287848,5903369,1,1.0,0.001,0.001,0.0,0,5242880,0,1,0
0,1,1,0,1,1,1.0,50,0.0,59.57885885066876,0.0167844772338867,0.0130610466003417,0.0250230312347412,0.0306343841552734,0.0073622314525501,1.0,ATTACK,0,0,0,0,20958329837,2897139317,16287899,5903457,1,1.0,0.001,0.001,0.0,0,5242880,0,1,0
0,1,1,0,1,1,1.0,50,0.0,61.60194574016849,0.0162332534790039,0.0142841339111328,0.0202980995178222,0.022185001373291,0.0033503428269769,1.0,ATTACK,0,0,0,0,20958333209,2897151139,16287951,5903547,1,1.0,0.031,0.011,0.0173205080756887,0,5242880,0,1,0
0,1,1,0,1,2,0.5,50,0.0,53.76664863465172,0.0185988903045654,0.0168099403381347,0.0280630111694335,0.0328663539886474,0.0081738860022982,1.0,ATTACK,0,0,0,0,20958336521,2897162949,16288002,5903636,2,1.3333333333333333,0.054,0.0286666666666666,0.0265769323537035,0,5242880,1,1,0
0,1,1,0,1,2,0.5,50,0.0,76.5778009851785,0.0130586147308349,0.0108375549316406,0.0169349670410156,0.0170541858673095,0.0031568237850985,1.0,ATTACK,0,0,0,0,20958356708,2897180066,16288083,5903750,2,1.6666666666666667,0.054,0.0463333333333333,0.0132790561913613,0,5242880,0,2,0
0,1,1,0,2,4,0.5,50,0.0,57.22356228375591,0.0174753189086914,0.0181624889373779,0.0238570213317871,0.0263650798797607,0.0056935234965606,1.0,ATTACK,0,0,0,0,20958393185,2897203790,16288195,5903893,4,2.6666666666666665,0.064,0.0573333333333333,0.0057735026918962,0,9437184,0,4,0
0,1,1,0,4,4,1.0,50,0.0,73.96604932828741,0.0135197162628173,0.014312744140625,0.0166471004486084,0.017783498764038,0.0029191871337259,1.0,NORMAL,0,0,0,0,20958397334,2897216991,16288258,5904001,4,3.333333333333333,0.081,0.0663333333333333,0.0136503968196288,0,17825792,0,4,0
0,1,1,0,4,4,1.0,50,0.0,62.73451195070149,0.0159401893615722,0.0118277072906494,0.024393081665039,0.0307625770568847,0.0078182608811581,1.0,NORMAL,0,0,0,0,20958400466,2897227355,16288306,5904087,4,4.0,0.005,0.05,0.0398873413503582,0,18874368,0,4,0
0,1,1,0,4,4,1.0,50,0.0,64.70255027427943,0.0154553413391113,0.0116522312164306,0.0222992420196533,0.0239950847625732,0.0054336496239372,1.0,NORMAL,0,0,0,0,20958404198,2897239273,16288364,5904188,4,4.0,0.005,0.0303333333333333,0.0438786204584115,0,18874368,0,4,0
0,1,1,0,4,4,1.0,50,0.0,74.36340039856178,0.0134474754333496,0.0128870010375976,0.0165919780731201,0.0174943161010742,0.0026139604451103,1.0,NORMAL,0,0,0,0,20958407390,2897249723,16288413,5904275,4,4.0,0.005,0.005,0.0,0,18874368,0,4,0
0,1,1,0,4,4,1.0,50,0.0,92.35747724260028,0.0108274936676025,0.0104067325592041,0.0116786479949951,0.0118715953826904,0.0006837849237927,1.0,NORMAL,0,0,0,0,20958410462,2897260145,16288460,5904361,4,4.0,0.004,0.0046666666666666,0.0005773502691901,0,18874368,0,4,0
0,1,1,0,4,4,1.0,50,0.0,73.63543795338516,0.0135804176330566,0.0118842124938964,0.0180355548858642,0.0214967632293701,0.0041884403579008,1.0,NORMAL,0,0,0,0,20958413654,2897270551,16288509,5904447,4,4.0,0.004,0.0043333333333333,0.0005773502691901,0,18874368,0,4,0
0,1,1,0,4,4,1.0,50,0.0,16.260635134537893,0.061498212814331,0.0743434429168701,0.0907921314239501,0.0936320972442626,0.0302864306690886,1.0,ATTACK,0,0,0,0,20958417383,2897282108,16288565,5904543,4,4.0,0.004,0.004,0.0,0,18874368,0,4,0
0,1,1,0,4,4,1.0,50,0.0,29.74734321718952,0.0336164474487304,0.0327749252319335,0.0423545837402343,0.0440621852874755,0.0083113017393543,1.0,ATTACK,0,0,0,0,20958420575,2897293304,16288614,5904629,4,4.0,0.004,0.004,0.0,0,18874368,0,4,0
0,1,1,0,4,4,1.0,50,0.0,30.552735706668376,0.0327302932739257,0.0267567634582519,0.0549945831298828,0.0574223041534423,0.0184302401518592,1.0,ATTACK,0,0,0,0,20958423887,2897305024,16288665,5904718,4,4.0,0.042,0.0166666666666666,0.0219393102292057,0,18874368,0,4,0
0,1,1,0,4,4,1.0,50,0.0,56.68882335291303,0.0176401615142822,0.0176434516906738,0.020066499710083,0.0204081058502197,0.0021400573812142,1.0,ATTACK,0,0,0,0,20958427259,2897317234,16288717,5904813,4,4.0,0.042,0.0293333333333333,0.0219393102292057,0,18874368,0,4,0
0,1,1,0,4,4,1.0,50,0.0,24.638346566037026,0.0405871391296386,0.0215661525726318,0.083631944656372,0.1138424587249755,0.0388602699559784,1.0,ATTACK,0,0,0,0,20958430775,2897329546,16288770,5904909,4,4.0,0.055,0.0463333333333333,0.0075055534994651,0,18874368,0,4,0
0,1,1,0,4,5,0.8,50,0.0,83.54821103457617,0.0119691371917724,0.0123319625854492,0.0140444278717041,0.0146002674102783,0.001881644362741,1.0,ATTACK,0,0,0,0,20958451118,2897346768,16288853,5905024,5,4.333333333333333,0.054,0.0503333333333333,0.0072341781380702,0,18874368,0,5,0
0,1,1,0,5,5,1.0,50,0.0,79.12795765055672,0.0126377582550048,0.0128588676452636,0.0134974956512451,0.013691987991333,0.0010506322962187,1.0,NORMAL,0,0,0,0,20958455406,2897360350,16288914,5905132,5,4.666666666666667,0.058,0.0556666666666666,0.0020816659994662,0,23068672,0,5,0
0,1,1,0,5,5,1.0,50,0.0,81.05029237053957,0.0123380184173583,0.0128772258758544,0.0140726089477539,0.0143599700927734,0.0016754412719578,1.0,NORMAL,0,0,0,0,20958459404,2897371038,16288966,5905221,5,5.0,0.058,0.0566666666666666,0.0023094010767585,0,23068672,0,5,0
0,1,1,0,5,5,1.0,50,0.0,78.40289512643747,0.0127546310424804,0.0113751888275146,0.0165964126586914,0.0168392276763916,0.0031523463671388,1.0,NORMAL,0,0,0,0,20958462716,2897381798,16289017,5905311,5,5.0,0.057,0.0576666666666666,0.0005773502691898,0,23068672,0,5,0
0,1,1,0,5,5,1.0,50,0.0,71.26673644432965,0.0140317916870117,0.0149433612823486,0.0173099040985107,0.0182437419891357,0.0031109417875775,1.0,NORMAL,0,0,0,0,20958466352,2897393352,16289072,5905406,5,5.0,0.005,0.04,0.0303150127824482,0,23068672,0,5,0
0,1,1,0,5,5,1.0,50,0.0,62.119063275691495,0.0160981178283691,0.0129735469818115,0.0234044075012207,0.0269506740570068,0.0060594446951145,1.0,NORMAL,0,0,0,0,20958469697,2897403923,16289123,5905495,5,5.0,0.005,0.0223333333333333,0.0300222139978605,0,23068672,0,5,0
0,1,1,0,5,5,1.0,50,0.0,72.34302666528683,0.0138230323791503,0.0119550228118896,0.0184022426605224,0.0215428733825683,0.004111658373808,1.0,NORMAL,0,0,0,0,20958472829,2897414217,16289171,5905580,5,5.0,0.005,0.005,0.0,0,23068672,0,5,0
0,1,1,0,5,5,1.0,50,0.0,18.009250433238357,0.0555270195007324,0.0623316764831543,0.0645988464355468,0.0651779460906982,0.0128170831035374,1.0,ATTACK,0,0,0,0,20958475961,2897424661,16289219,5905666,5,5.0,0.005,0.005,0.0,0,23068672,0,5,0
0,1,1,0,5,5,1.0,50,0.0,28.50154185291444,0.0350858211517334,0.0267248153686523,0.0592892169952392,0.0748168468475341,0.0217128353596755,1.0,ATTACK,0,0,0,0,20958479213,2897436553,16289269,5905757,5,5.0,0.005,0.005,0.0,0,23068672,0,5,0
0,1,1,0,5,5,1.0,50,0.0,59.50312673786474,0.0168058395385742,0.015831708908081,0.0261072635650634,0.0306904506683349,0.0080589534166583,1.0,ATTACK,0,0,0,0,20958482585,2897448451,16289321,5905848,5,5.0,0.005,0.005,0.0,0,23068672,0,5,0
0,1,1,0,5,5,1.0,50,0.0,36.62552633371347,0.0273033618927001,0.0224578380584716,0.0398722648620605,0.0488942718505859,0.0114618579742663,1.0,ATTACK,0,0,0,0,20958486552,2897459894,16289376,5905938,5,5.0,0.053,0.021,0.027712812921102,0,23068672,0,5,0
0,1,1,0,5,5,1.0,50,0.0,27.907068346735823,0.0358332157135009,0.0446283817291259,0.0576780319213867,0.0605762767791748,0.0214011092436622,1.0,ATTACK,0,0,0,0,20958490401,2897472455,16289434,5906036,5,5.0,0.058,0.0386666666666666,0.0292631736715848,0,23068672,0,5,0
0,1,1,0,5,5,1.0,50,0.0,33.76534384378582,0.0296161651611328,0.0193767547607421,0.0561195850372314,0.0755135440826416,0.0244227053151168,1.0,ATTACK,0,0,0,0,20958493773,2897484277,16289486,5906127,5,5.0,0.056,0.0556666666666666,0.0025166114784235,0,23068672,0,5,0
0,1,1,0,5,5,1.0,50,0.0,70.74719410044226,0.0141348361968994,0.0130302906036376,0.0162928104400634,0.0176249027252197,0.0018717741015083,1.0,NORMAL,0,0,0,0,20958497829,2897497889,16289548,5906236,5,5.0,0.056,0.0566666666666666,0.0011547005383791,0,23068672,0,5,0
0,1,1,0,5,5,1.0,50,0.0,69.77133826831906,0.0143325328826904,0.0155961513519287,0.018062400817871,0.0191689300537109,0.003539476209888,1.0,NORMAL,0,0,0,0,20958500961,2897508401,16289596,5906322,5,5.0,0.056,0.056,0.0,0,23068672,0,5,0
0,1,1,0,5,5,1.0,50,0.0,62.61744024603257,0.0159699916839599,0.0134339332580566,0.0248698711395263,0.0308383655548095,0.0080212283629074,1.0,NORMAL,0,0,0,0,20958504093,2897518775,16289644,5906407,5,5.0,0.021,0.0443333333333333,0.0202072594216369,0,23068672,0,5,0
0,1,1,0,5,5,1.0,50,0.0,81.96386347381215,0.0122004985809326,0.0108029842376708,0.0157817363739013,0.0182681655883789,0.0032396580724787,1.0,NORMAL,0,0,0,0,20958507498,2897529560,16289696,5906497,5,5.0,0.005,0.0273333333333333,0.0260832002126528,0,23068672,0,5,0
0,1,1,0,5,5,1.0,50,0.0,56.31268594996939,0.0177579879760742,0.014693260192871,0.0269645690917968,0.0299708747863769,0.0075237974988902,1.0,NORMAL,0,0,0,0,20958510630,2897539988,16289744,5906583,5,5.0,0.005,0.0103333333333333,0.009237604307034,0,23068672,0,5,0
0,1,1,0,5,5,1.0,50,0.0,97.280878757938,0.0102795124053955,0.0104444026947021,0.0111087799072265,0.0111513519287109,0.0008200788541038,1.0,NORMAL,0,0,0,0,20958513942,2897551370,16289795,5906677,5,5.0,0.005,0.005,0.0,0,23068672,0,5,0
0,1,1,0,1,1,1.0,50,0.0,11.789091187098483,0.0848241806030273,0.0845839977264404,0.1368372440338134,0.1420218467712402,0.0462961774988841,1.0,ATTACK,0,0,0,0,20958583466,2897751277,16290745,5908323,1,1.0,0.001,0.001,0.0,0,5242880,0,1,0
0,1,1,0,1,1,1.0,50,0.0,8.280628603016662,0.1207637786865234,0.1116473674774169,0.1484739303588867,0.1680405807495117,0.0252210144069217,1.0,ATTACK,0,0,0,0,20958587282,2897764527,16290803,5908425,1,1.0,0.001,0.001,0.0,0,5242880,0,1,0
0,1,1,0,1,1,1.0,50,0.0,10.455147328621797,0.0956466674804687,0.0936315059661865,0.1302797317504883,0.1503081512451171,0.0310605561058656,1.0,ATTACK,0,0,0,0,20958591249,2897776870,16290858,5908521,1,1.0,0.001,0.001,0.0,0,5242880,0,1,0
0,1,1,0,1,2,0.5,50,0.0,6.932160978431535,0.1442551612854004,0.1248033046722412,0.1974963665008545,0.2217613887786865,0.0442723194260431,1.0,ATTACK,0,0,0,0,20958612062,2897796007,16290948,5908648,2,1.3333333333333333,0.059,0.0203333333333333,0.0334863156129982,0,5242880,0,2,0
0,1,1,0,2,4,0.5,50,0.0,7.567063971875799,0.1321516513824462,0.1266543865203857,0.1672651290893554,0.1719259929656982,0.0329343371292822,1.0,ATTACK,0,0,0,0,20958648601,2897819819,16291061,5908793,4,2.333333333333333,0.086,0.0486666666666666,0.043431939092485,0,9437184,0,4,0
0,1,1,0,4,5,0.8,50,0.0,10.622933946045285,0.0941359519958496,0.0766127109527587,0.1418840408325195,0.1476521205902099,0.040032878880046,1.0,ATTACK,0,0,0,0,20958653033,2897832685,16291122,5908895,5,3.6666666666666665,0.104,0.083,0.0226495033058122,0,18874368,1,4,0
0,1,1,0,5,5,1.0,50,0.0,8.8680052705201,0.1127649307250976,0.1111631393432617,0.1396186828613281,0.1549336242675781,0.0242110135820816,1.0,ATTACK,0,0,0,0,20958673612,2897851878,16291215,5909025,5,4.666666666666667,0.089,0.093,0.0096436507609929,0,23068672,0,5,0
0,1,1,0,5,5,1.0,50,0.0,10.142355070834162,0.0985964298248291,0.0946629047393798,0.1164580345153808,0.1285094356536865,0.0163692486895669,1.0,ATTACK,0,0,0,0,20958677911,2897865008,16291278,5909128,5,5.0,0.089,0.094,0.0086602540378444,0,23068672,0,5,0
0,1,1,0,5,5,1.0,50,0.0,10.90538277095208,0.0916978359222412,0.0975258350372314,0.1086501598358154,0.1149465274810791,0.0162560349251119,1.0,ATTACK,0,0,0,0,20958681463,2897877002,16291333,5909221,5,5.0,0.073,0.0836666666666666,0.009237604307034,0,25165824,0,5,0
0,1,1,0,5,5,1.0,50,0.0,9.814506633320669,0.1018899917602539,0.1272377967834472,0.1380528450012207,0.1418256187438965,0.0402223627836062,1.0,ATTACK,0,0,0,0,20958685015,2897889143,16291388,5909316,5,5.0,0.073,0.0783333333333333,0.009237604307034,0,25165824,0,5,0
0,1,1,0,5,5,1.0,50,0.0,12.492952745867557,0.0800451278686523,0.0808312892913818,0.1082483768463134,0.1218633556365966,0.0272222411521177,1.0,ATTACK,0,0,0,0,20958689369,2897903077,16291454,5909427,5,5.0,0.073,0.073,0.0,0,25165824,0,5,0
0,1,1,0,5,5,1.0,50,0.0,53.12554147646382,0.0188233375549316,0.0136075019836425,0.0310541629791259,0.0363482856750488,0.0100273479314441,1.0,NORMAL,0,0,0,0,20958692981,2897915327,16291510,5909527,5,5.0,0.034,0.06,0.0225166604983953,0,25165824,0,5,0
0,1,1,0,5,5,1.0,50,0.0,83.16124657485358,0.0120248317718505,0.0104641914367675,0.0158905506134033,0.0175507736206054,0.0031631093558061,1.0,NORMAL,0,0,0,0,20958696557,2897926833,16291564,5909622,5,5.0,0.034,0.047,0.0225166604983953,0,25165824,0,5,0
0,1,1,0,5,5,1.0,50,0.0,68.08271921566082,0.0146880149841308,0.0131347179412841,0.0214874267578125,0.0256427478790283,0.0060044221014933,1.0,NORMAL,0,0,0,0,20958699689,2897937315,16291612,5909709,5,5.0,0.005,0.0243333333333333,0.016743157806499,0,25165824,0,5,0
0,1,1,0,5,5,1.0,50,0.0,56.14849759438395,0.0178099155426025,0.0154640674591064,0.0265923976898193,0.0324409866333007,0.0080445284945366,1.0,NORMAL,0,0,0,0,20958702761,2897947565,16291659,5909793,5,5.0,0.005,0.0146666666666666,0.016743157806499,0,25165824,0,5,0
0,1,1,0,5,5,1.0,50,0.0,88.2420611043554,0.0113324642181396,0.0112464427947998,0.0123442649841308,0.0125829601287841,0.0008656072542896,1.0,NORMAL,0,0,0,0,20958706106,2897958110,16291710,5909882,5,5.0,0.005,0.005,0.0,0,25165824,0,5,0
0,1,1,0,5,5,1.0,50,0.0,96.06390970555364,0.0104097366333007,0.0102424621582031,0.0116908073425292,0.0122880172729492,0.0011035477863141,1.0,NORMAL,0,0,0,0,20958709478,2897969348,16291762,5909975,5,5.0,0.005,0.005,0.0,0,25165824,0,5,0
0,1,1,0,5,5,1.0,50,0.0,61.58693053838405,0.0162372112274169,0.0102484226226806,0.0270641803741455,0.0314534759521484,0.0087461860750189,1.0,NORMAL,0,0,0,0,20958712610,2897979798,16291810,5910062,5,5.0,0.005,0.005,0.0,0,25165824,0,5,0
0,1,1,0,5,5,1.0,50,0.0,77.75321723719871,0.0128612041473388,0.012796401977539,0.015461778640747,0.0160564994812011,0.0022436098086388,1.0,NORMAL,0,0,0,0,20958715742,2897990118,16291858,5910147,5,5.0,0.005,0.005,0.0,0,25165824,0,5,0
0,1,1,0,5,5,1.0,50,0.0,66.62511238400224,0.0150093555450439,0.011897325515747,0.0236609458923339,0.0306618976593017,0.0082701939762111,1.0,NORMAL,0,0,0,0,20958718874,2898000530,16291906,5910233,5,5.0,0.005,0.005,0.0,0,25165824,0,5,0
0,1,1,0,5,5,1.0,50,0.0,94.60352403035031,0.0105704307556152,0.0107426643371582,0.0112927913665771,0.0115986919403076,0.0006716890020342,1.0,NORMAL,0,0,0,0,20958722502,2898011024,16291956,5910319,5,5.0,0.005,0.005,0.0,0,25165824,0,5,0
0,1,1,0,5,3,1.6666666666666667,50,0.0,70.97177240592777,0.0140901088714599,0.0110578536987304,0.0213521003723144,0.0268106746673583,0.0067307164510675,1.0,NORMAL,0,0,0,0,20958735110,2898025696,16292039,5910439,5,5.0,0.005,0.005,0.0,0,25165824,0,5,0
0,1,1,0,5,3,1.6666666666666667,50,0.0,72.8896550765338,0.013719367980957,0.0153543949127197,0.0176307678222656,0.0182322692871093,0.0038531673332513,1.0,NORMAL,0,0,0,0,20958738242,2898036220,16292087,5910526,5,5.0,0.005,0.005,0.0,0,25165824,0,5,0
0,1,1,0,3,2,1.5,50,0.0,10.251177186844837,0.0975497722625732,0.092522382736206,0.1480573177337646,0.1517329311370849,0.0442591581963006,1.0,ATTACK,0,0,0,0,20958741374,2898046658,16292135,5910612,5,5.0,0.005,0.005,0.0,0,25165824,0,5,0
0,1,1,0,2,2,1.0,50,0.0,8.21031927488208,0.1217979431152343,0.1123621463775634,0.1645497798919677,0.1697466564178466,0.0354857982463165,1.0,ATTACK,0,0,0,0,20958745130,2898059634,16292192,5910711,3,4.333333333333333,0.027,0.0123333333333333,0.0127017059221716,0,14680064,0,3,0
0,1,1,0,2,2,1.0,50,0.0,13.323312455091877,0.0750564098358154,0.0661370754241943,0.1077847957611084,0.1188837337493896,0.026784379596968,1.0,ATTACK,0,0,0,0,20958748886,2898072928,16292249,5910814,3,3.6666666666666665,0.026,0.0193333333333333,0.012423096769056,1,9437184,0,2,0
0,1,1,0,2,2,1.0,50,0.0,9.440541056399656,0.1059261322021484,0.109196662902832,0.1605587482452392,0.1786232757568359,0.0507528637070094,1.0,ATTACK,0,0,0,0,20958752571,2898085251,16292305,5910910,2,2.6666666666666665,0.07,0.041,0.0251197133741609,0,9437184,0,2,0
0,1,1,0,2,4,0.5,50,0.0,10.42337609407695,0.0959382057189941,0.0899438858032226,0.1284756660461425,0.1329864978790283,0.0271243779264818,1.0,ATTACK,0,0,0,0,20958789410,2898110205,16292423,5911064,4,3.0,0.07,0.0553333333333333,0.0254034118443435,0,9437184,0,4,0
0,1,1,0,4,5,0.8,50,0.0,11.374032097719557,0.0879195690155029,0.0859811305999755,0.106217622756958,0.1111421585083007,0.0165242944995397,1.0,ATTACK,0,0,0,0,20958811160,2898129769,16292517,5911198,5,3.6666666666666665,0.087,0.0756666666666666,0.0098149545762236,0,13631488,0,5,0
0,1,1,0,5,5,1.0,50,0.0,8.554416545008593,0.1168986797332763,0.1086690425872802,0.1448853969573974,0.1612557983398437,0.0243196274478605,1.0,ATTACK,0,0,0,0,20958815132,2898143233,16292579,5911305,5,4.666666666666667,0.091,0.0826666666666666,0.0111504857891184,0,22020096,0,5,0
0,1,1,0,5,5,1.0,50,0.0,7.232680933248263,0.1382613182067871,0.1257917881011963,0.1871603965759277,0.1980678462982177,0.0410421268090088,1.0,ATTACK,0,0,0,0,20958818768,2898155427,16292634,5911400,5,5.0,0.073,0.0836666666666666,0.0094516312525052,0,23068672,0,5,0
0,1,1,0,5,5,1.0,50,0.0,11.886608724829932,0.0841282844543457,0.0755219459533691,0.1110001564025879,0.1168833351135253,0.0217252691799963,1.0,ATTACK,0,0,0,0,20958823053,2898169162,16292700,5911510,5,5.0,0.073,0.079,0.0103923048454132,0,23068672,0,5,0
0,1,1,0,5,5,1.0,50,0.0,6.605714962482132,0.1513840675354004,0.1642193794250488,0.1830892562866211,0.1913543224334716,0.0341655711175453,1.0,ATTACK,0,0,0,0,20958826629,2898181308,16292754,5911604,5,5.0,0.072,0.0726666666666666,0.0005773502691893,0,24117248,0,5,0
0,1,1,0,5,5,1.0,50,0.0,11.521971196610355,0.0867907047271728,0.0842916965484619,0.116583776473999,0.1191199016571045,0.0276650561185978,1.0,ATTACK,0,0,0,0,20958830001,2898193032,16292806,5911692,5,5.0,0.074,0.073,0.0009999999999998,0,24117248,0,5,0
0,1,1,0,5,5,1.0,50,0.0,63.97696142136316,0.0156306266784667,0.0112133026123046,0.0238544940948486,0.0259672164916992,0.0065259578692859,1.0,NORMAL,0,0,0,0,20958834117,2898206570,16292869,5911803,5,5.0,0.072,0.0726666666666666,0.0011547005383791,0,24117248,0,5,0
0,1,1,0,5,5,1.0,50,0.0,90.34852962717238,0.0110682487487792,0.0106773376464843,0.0119496345520019,0.0124898529052734,0.000765793982629,1.0,NORMAL,0,0,0,0,20958837189,2898217008,16292916,5911889,5,5.0,0.01,0.052,0.0363868107973205,0,24117248,0,5,0
0,1,1,0,5,5,1.0,50,0.0,68.23445964632579,0.0146553516387939,0.0149927139282226,0.0152415752410888,0.015332384109497,0.0006545491582057,1.0,NORMAL,0,0,0,0,20958840799,2898227862,16292971,5911981,5,5.0,0.01,0.0306666666666666,0.0357957166897567,0,24117248,0,5,0
0,1,1,0,5,5,1.0,50,0.0,69.87339072953594,0.0143115997314453,0.0146067142486572,0.0178241729736328,0.0193433761596679,0.0032377316407414,1.0,NORMAL,0,0,0,0,20958843991,2898238150,16293020,5912066,5,5.0,0.005,0.0083333333333333,0.0028867513459479,0,24117248,0,5,0
0,1,1,0,5,5,1.0,50,0.0,90.67941938245608,0.0110278606414794,0.0112195014953613,0.0124430179595947,0.012901611328125,0.0012870079623337,1.0,NORMAL,0,0,0,0,20958847423,2898249672,16293073,5912161,5,5.0,0.005,0.0066666666666666,0.0028867513459479,0,24117248,0,5,0
0,1,1,0,5,5,1.0,50,0.0,63.980279515896285,0.0156298160552978,0.0121462345123291,0.0232862949371337,0.0258897972106933,0.0061378318663868,1.0,NORMAL,0,0,0,0,20958850555,2898260164,16293121,5912248,5,5.0,0.005,0.005,0.0,0,24117248,0,5,0
0,1,1,0,5,5,1.0,50,0.0,83.38576540755467,0.0119924545288085,0.0103673934936523,0.0154891014099121,0.0176151275634765,0.0030350879187611,1.0,NORMAL,0,0,0,0,20958853687,2898270576,16293169,5912334,5,5.0,0.005,0.005,0.0,0,24117248,0,5,0
0,1,1,0,5,5,1.0,50,0.0,56.65405977826284,0.0176509857177734,0.0136651992797851,0.0271665096282959,0.0278476619720458,0.007742008030604,1.0,NORMAL,0,0,0,0,20958856759,2898280848,16293216,5912419,5,5.0,0.005,0.005,0.0,0,24117248,0,5,0
0,1,1,0,5,5,1.0,50,0.0,59.11050354440013,0.0169174671173095,0.015639305114746,0.0259429931640625,0.0297850322723388,0.0076480378531782,1.0,NORMAL,0,0,0,0,20958860104,2898291387,16293267,5912507,5,5.0,0.005,0.005,0.0,0,24117248,0,5,0
0,1,1,0,5,5,1.0,50,0.0,87.7531874652172,0.0113955974578857,0.0105199813842773,0.0140007495880126,0.0146984672546386,0.0021007258487137,1.0,NORMAL,0,0,0,0,20958863416,2898302763,16293318,5912600,5,5.0,0.005,0.005,0.0,0,24117248,0,5,0
0,1,1,0,5,5,1.0,50,0.0,86.52116871436469,0.0115578651428222,0.0117652416229248,0.0122514247894287,0.0123683261871337,0.0007295780304525,1.0,NORMAL,0,0,0,0,20958866548,2898313197,16293366,5912687,5,5.0,0.005,0.005,0.0,0,24117248,0,5,0
0,1,1,0,5,2,2.5,50,0.0,60.2128111631112,0.0166077613830566,0.0144605636596679,0.0260063648223876,0.0327484512329101,0.0086800686184032,1.0,NORMAL,0,0,0,0,20958869800,2898323677,16293416,5912773,5,5.0,0.005,0.005,0.0,0,24117248,0,5,0
0,1,1,0,5,2,2.5,50,0.0,7.276704297836786,0.1374248504638671,0.1315762996673584,0.1634695053100586,0.1648825359344482,0.0219545869767449,1.0,ATTACK,0,0,0,0,20958873376,2898335301,16293470,5912868,5,5.0,0.005,0.005,0.0,0,24117248,0,5,0
0,1,1,0,2,2,1.0,50,0.0,10.646663018193966,0.0939261436462402,0.0782544612884521,0.129741096496582,0.1443263912200927,0.0291221086142733,1.0,ATTACK,0,0,0,0,20958877277,2898347554,16293524,5912963,5,5.0,0.005,0.005,0.0,0,24117248,0,5,0
0,1,1,0,2,4,0.5,50,0.0,6.401943949655123,0.1562025547027588,0.1301667690277099,0.2468995571136474,0.2629389953613281,0.0738964641418302,1.0,ATTACK,0,0,0,0,20958919989,2898375754,16293669,5913140,4,4.666666666666667,0.044,0.018,0.0225166604983953,0,9437184,1,3,0
0,1,1,0,4,5,0.8,50,0.0,9.748622764010712,0.102578592300415,0.0827844142913818,0.1590535640716552,0.1938943862915039,0.0494965924178794,1.0,ATTACK,0,0,0,0,20958933063,2898390848,16293743,5913255,5,4.666666666666667,0.066,0.0383333333333333,0.0308922859842604,0,9437184,1,4,0
0,1,1,0,5,5,1.0,50,0.0,10.355912392467053,0.0965631961822509,0.0885963439941406,0.1342142581939697,0.1363556480407715,0.0319710963332151,1.0,ATTACK,0,0,0,0,20958943849,2898406311,16293807,5913354,5,4.666666666666667,0.089,0.0663333333333333,0.0225018517756502,0,23068672,0,5,0
0,1,1,0,5,5,1.0,50,0.0,8.556161601408053,0.1168748378753662,0.0929312705993652,0.1768115997314453,0.2047075176239013,0.049802683013484,1.0,ATTACK,0,0,0,0,20958948145,2898419995,16293873,5913463,5,5.0,0.074,0.0763333333333333,0.0116761865920913,0,23068672,0,5,0
0,1,1,0,5,5,1.0,50,0.0,9.21335835740846,0.1085380554199218,0.104382038116455,0.1278094291687011,0.1392842197418212,0.0169794302651234,1.0,ATTACK,0,0,0,0,20958952381,2898434417,16293938,5913574,5,5.0,0.074,0.079,0.0086602540378443,0,23068672,0,5,0
0,1,1,0,5,5,1.0,50,0.0,8.904820440962602,0.1122987270355224,0.1188738346099853,0.1463841438293457,0.1580550575256347,0.0324093858767547,1.0,ATTACK,0,0,0,0,20958956570,2898447986,16294001,5913681,5,5.0,0.071,0.073,0.0017320508075688,0,23068672,0,5,0
0,1,1,0,5,5,1.0,50,0.0,6.887146665230444,0.1451980113983154,0.1490845680236816,0.1555809020996093,0.1580988311767578,0.0119647984426404,1.0,ATTACK,0,0,0,0,20958960833,2898461235,16294061,5913784,5,5.0,0.073,0.0726666666666666,0.0015275252316519,0,24117248,0,5,0
0,1,1,0,5,5,1.0,50,0.0,7.643896770769699,0.1308233261108398,0.1230001449584961,0.1848559856414794,0.1976651000976562,0.0466837079452486,1.0,ATTACK,0,0,0,0,20958964205,2898473525,16294113,5913879,5,5.0,0.071,0.0716666666666666,0.0011547005383792,0,24117248,0,5,0
0,1,1,0,5,5,1.0,50,0.0,70.30321722019035,0.014224100112915,0.0130138397216796,0.0171978950500488,0.0175220775604248,0.0024037117257798,1.0,NORMAL,0,0,0,0,20958968825,2898488949,16294183,5914001,5,5.0,0.074,0.0726666666666666,0.0015275252316519,0,24117248,0,5,0
0,1,1,0,5,5,1.0,50,0.0,81.98853729289328,0.0121968269348144,0.011566162109375,0.0145187854766845,0.0152184772491455,0.0019153129144233,1.0,NORMAL,0,0,0,0,20958972450,2898500526,16294238,5914098,5,5.0,0.037,0.0606666666666666,0.0205507501890644,0,24117248,0,5,0
0,1,1,0,5,5,1.0,50,0.0,77.40853388454157,0.012918472290039,0.0120484828948974,0.0164880752563476,0.0170695781707763,0.0029316133504456,1.0,NORMAL,0,0,0,0,20958975702,2898511432,16294288,5914188,5,5.0,0.037,0.0493333333333333,0.0213619599600161,0,24117248,0,5,0
0,1,1,0,5,5,1.0,50,0.0,77.71431959504028,0.0128676414489746,0.010493516921997,0.0181682109832763,0.020414400100708,0.0043202360208798,1.0,NORMAL,0,0,0,0,20958978954,2898522358,16294338,5914279,5,5.0,0.005,0.0263333333333333,0.0184752086140679,0,24117248,0,5,0
0,1,1,0,5,5,1.0,50,0.0,79.22391126960622,0.0126224517822265,0.0108234882354736,0.0175274848937988,0.0211071395874023,0.0045063517586989,1.0,NORMAL,0,0,0,0,20958982086,2898532744,16294386,5914366,5,5.0,0.005,0.0156666666666666,0.0184752086140679,0,24117248,0,5,0
0,1,1,0,5,5,1.0,50,0.0,73.12117989574799,0.0136759281158447,0.0104663372039794,0.0196602344512939,0.0222681999206542,0.0048761071067704,1.0,NORMAL,0,0,0,0,20958985158,2898542886,16294433,5914450,5,5.0,0.005,0.005,0.0,0,24117248,0,5,0
0,1,1,0,5,5,1.0,50,0.0,74.67745381514663,0.0133909225463867,0.0150299072265625,0.0154924869537353,0.0155669021606445,0.0023940118799072,1.0,NORMAL,0,0,0,0,20958988555,2898553507,16294485,5914540,5,5.0,0.005,0.005,0.0,0,24117248,0,5,0
0,1,1,0,5,5,1.0,50,0.0,79.92377874494082,0.012511920928955,0.0127162933349609,0.0146463394165039,0.0156520175933837,0.0023534429187696,1.0,NORMAL,0,0,0,0,20958992224,2898565048,16294540,5914636,5,5.0,0.005,0.005,0.0,0,24117248,0,5,0
0,1,1,0,5,5,1.0,50,0.0,75.38207711635029,0.0132657527923583,0.014850378036499,0.0160127162933349,0.016334753036499,0.00289076671777,1.0,NORMAL,0,0,0,0,20958995356,2898575288,16294588,5914721,5,5.0,0.005,0.005,0.0,0,24117248,0,5,0
0,1,1,0,5,5,1.0,50,0.0,62.248316270952,0.0160646915435791,0.0136466026306152,0.0256431102752685,0.0312671661376953,0.008363568898815,1.0,NORMAL,0,0,0,0,20958998428,2898585446,16294635,5914804,5,5.0,0.005,0.005,0.0,0,24117248,0,5,0
0,1,1,0,5,5,1.0,50,0.0,91.06767700892372,0.0109808444976806,0.0114209651947021,0.0119461059570312,0.0119500541687011,0.001010158648668,1.0,NORMAL,0,0,0,0,20959001560,2898595890,16294683,5914890,5,5.0,0.005,0.005,0.0,0,24117248,0,5,0
0,1,1,0,5,5,1.0,50,0.0,87.29658290076718,0.0114552021026611,0.0114281177520751,0.0121605396270751,0.0123103141784667,0.0006041226195133,1.0,NORMAL,0,0,0,0,20959004752,2898607180,16294732,5914983,5,5.0,0.005,0.005,0.0,0,24117248,0,5,0
0,1,1,0,1,1,1.0,50,0.0,19.03286993423835,0.0525406837463378,0.0473387241363525,0.0983997344970703,0.1230549430847167,0.0402838361164436,1.0,ATTACK,0,0,0,0,20959554631,2900250680,16302539,5928638,1,1.0,0.001,0.001,0.0,0,5242880,0,1,0
0,1,1,0,1,1,1.0,50,0.0,19.944042802881167,0.0501402854919433,0.0358977317810058,0.0853423118591308,0.08540376663208,0.029563924093624,1.0,ATTACK,0,0,0,0,20959558027,2900262374,16302590,5928727,1,1.0,0.001,0.001,0.0,0,5242880,0,1,0
0,1,1,0,1,1,1.0,50,0.0,32.93214616604639,0.0303654670715332,0.0305280685424804,0.0387103080749511,0.0432179641723632,0.0076248242651901,1.0,ATTACK,0,0,0,0,20959561639,2900274846,16302646,5928823,1,1.0,0.019,0.0069999999999999,0.0103923048454132,0,5242880,0,1,0
0,1,1,0,1,2,0.5,50,0.0,53.81673355847302,0.0185815811157226,0.0176794528961181,0.0240068912506103,0.0246404933929443,0.0047118368605341,1.0,ATTACK,0,0,0,0,20959582232,2900292461,16302732,5928943,2,1.3333333333333333,0.019,0.013,0.0103923048454132,0,5242880,0,2,0
0,1,1,0,2,4,0.5,50,0.0,69.25796640059708,0.014438772201538,0.0150067806243896,0.0156431198120117,0.0160027503967285,0.001372068763587,1.0,ATTACK,0,0,0,0,20959608536,2900311921,16302831,5929075,4,2.333333333333333,0.039,0.0256666666666666,0.0115470053837925,0,5242880,2,2,0
0,1,1,0,2,4,0.5,50,0.0,53.88158215896099,0.0185592174530029,0.0166330337524414,0.026652717590332,0.0301894569396972,0.0068847443604288,1.0,ATTACK,0,0,0,0,20959622618,2900327442,16302898,5929175,4,3.333333333333333,0.053,0.037,0.017088007490635,0,9437184,0,4,0
0,1,1,0,4,4,1.0,50,0.0,34.625095348322695,0.0288807868957519,0.0188853740692138,0.0479054450988769,0.0525463104248046,0.015083200465176,1.0,ATTACK,0,0,0,0,20959626374,2900339556,16302955,5929271,4,4.0,0.042,0.0446666666666666,0.0073711147958319,0,18874368,0,4,0
0,1,1,0,4,4,1.0,50,0.0,62.88934137410898,0.0159009456634521,0.0142788887023925,0.0230329990386962,0.0234333133697509,0.0059870814021491,1.0,ATTACK,0,0,0,0,20959629866,2900351040,16303009,5929362,4,4.0,0.042,0.0456666666666666,0.0063508529610858,0,18874368,0,4,0
0,1,1,0,4,4,1.0,50,0.0,44.39882797283336,0.0225231170654296,0.021573781967163,0.0310706615447998,0.0338385295867919,0.007199064421349,1.0,ATTACK,0,0,0,0,20959633298,2900363180,16303062,5929456,4,4.0,0.042,0.042,0.0,0,19922944,0,4,0
0,1,1,0,4,4,1.0,50,0.0,82.38114131053908,0.0121387004852294,0.0103137493133544,0.0165316581726074,0.0193578910827636,0.003868776714541,1.0,ATTACK,0,0,0,0,20959637076,2900375528,16303119,5929554,4,4.0,0.042,0.042,0.0,0,19922944,0,4,0
0,1,1,0,4,4,1.0,50,0.0,81.62315952532003,0.0122514247894287,0.0119669437408447,0.0154858112335205,0.0173253345489501,0.0028965315507112,1.0,ATTACK,0,0,0,0,20959640268,2900386694,16303168,5929642,4,4.0,0.042,0.042,0.0,0,19922944,0,4,0
0,1,1,0,4,4,1.0,50,0.0,69.927676615439,0.0143004894256591,0.0128097534179687,0.0201838016510009,0.0243478775024414,0.0053965365565884,1.0,NORMAL,0,0,0,0,20959644324,2900400818,16303230,5929752,4,4.0,0.041,0.0416666666666666,0.0005773502691896,0,19922944,0,4,0
0,1,1,0,4,4,1.0,50,0.0,67.58335320619003,0.0147965431213378,0.0106878280639648,0.0245706558227539,0.0318896961212158,0.0090361156228141,1.0,NORMAL,0,0,0,0,20959647456,2900411166,16303278,5929838,4,4.0,0.042,0.0416666666666666,0.0005773502691896,0,19922944,0,4,0
0,1,1,0,4,4,1.0,50,0.0,76.80187504577748,0.0130205154418945,0.0102515220642089,0.0197932720184326,0.025160264968872,0.0064047941654269,1.0,NORMAL,0,0,0,0,20959651033,2900422114,16303333,5929931,4,4.0,0.01,0.031,0.0181934053986602,0,19922944,0,4,0
0,1,1,0,4,4,1.0,50,0.0,82.99504519478874,0.0120489120483398,0.0128099918365478,0.0136691570281982,0.0140996837615966,0.0017184457963531,1.0,NORMAL,0,0,0,0,20959654318,2900432629,16303383,5930018,4,4.0,0.01,0.0206666666666666,0.018475208614068,0,19922944,0,4,0
0,1,1,0,4,4,1.0,50,0.0,74.7487881380097,0.0133781433105468,0.0110781192779541,0.0197743415832519,0.0242281818389892,0.0057826835279765,1.0,NORMAL,0,0,0,0,20959657630,2900443989,16303434,5930111,4,4.0,0.01,0.01,0.0,0,19922944,0,4,0
0,1,1,0,4,4,1.0,50,0.0,53.491133919644135,0.0186946868896484,0.0151002407073974,0.0300121784210205,0.0370148468017578,0.0099271109954563,1.0,NORMAL,0,0,0,0,20959660822,2900454573,16303483,5930199,4,4.0,0.004,0.008,0.0034641016151378,0,19922944,0,4,0
0,1,1,0,4,4,1.0,50,0.0,23.411410365468384,0.0427142143249511,0.0350258350372314,0.0709133148193359,0.0764708518981933,0.0233079920877324,1.0,ATTACK,0,0,0,0,20959663894,2900464833,16303530,5930283,4,4.0,0.005,0.0063333333333333,0.0032145502536643,0,19922944,0,4,0
0,1,1,0,4,4,1.0,50,0.0,65.16314463180986,0.0153460979461669,0.015514850616455,0.0187737464904785,0.0196087074279785,0.0031709882778521,1.0,ATTACK,0,0,0,0,20959667470,2900476985,16303584,5930378,4,4.0,0.005,0.0046666666666666,0.00057735026919,0,19922944,0,4,0
0,1,1,0,4,4,1.0,50,0.0,50.19355549013554,0.0199228763580322,0.0123796463012695,0.036699628829956,0.0498470878601074,0.0157713377654035,1.0,ATTACK,0,0,0,0,20959670815,2900488280,16303635,5930466,4,4.0,0.005,0.005,0.0,0,19922944,0,4,0
0,1,1,0,4,4,1.0,50,0.0,45.71089789139163,0.0218766212463378,0.0188302993774414,0.0314738273620605,0.0330542278289794,0.00808324665181,1.0,ATTACK,0,0,0,0,20959674127,2900499986,16303686,5930556,4,4.0,0.042,0.0173333333333333,0.0213619599600161,0,19922944,0,4,0
0,1,1,0,4,4,1.0,50,0.0,45.44838287433144,0.0220029830932617,0.0236909389495849,0.0279069423675537,0.0282560157775878,0.0061704399950002,1.0,ATTACK,0,0,0,0,20959677259,2900511048,16303734,5930642,4,4.0,0.042,0.0296666666666666,0.0213619599600161,0,19922944,0,4,0
0,1,1,0,4,4,1.0,50,0.0,83.18928653597467,0.0120207786560058,0.012223482131958,0.0142147064208984,0.0151020240783691,0.0020181324188341,1.0,ATTACK,0,0,0,0,20959680751,2900523350,16303788,5930738,4,4.0,0.041,0.0416666666666666,0.0005773502691896,0,19922944,0,4,0
0,1,1,0,4,4,1.0,50,0.0,47.07073790434806,0.0212446212768554,0.0203275680541992,0.030821943283081,0.0367640876770019,0.0088707217745252,1.0,ATTACK,0,0,0,0,20959684259,2900534576,16303836,5930825,4,4.0,0.041,0.0413333333333333,0.0005773502691896,0,19922944,0,4,0
0,1,1,0,4,4,1.0,50,0.0,68.53639486128677,0.0145907878875732,0.0129017829895019,0.0194373607635498,0.0195246505737304,0.0040461417036893,1.0,ATTACK,0,0,0,0,20959688683,2900547256,16303894,5930925,4,4.0,0.041,0.041,0.0,0,19922944,0,4,0
0,1,1,0,4,4,1.0,50,0.0,26.91561916838433,0.037153148651123,0.0276663303375244,0.0713963985443115,0.0937421607971191,0.0307008909978832,1.0,ATTACK,0,0,0,0,20959692226,2900559325,16303948,5931019,4,4.0,0.041,0.041,0.0,0,19922944,0,4,0
0,1,1,0,4,4,1.0,50,0.0,41.568507745215605,0.0240566730499267,0.0227699279785156,0.0326964855194091,0.03684983253479,0.0074359867768231,1.0,ATTACK,0,0,0,0,20959695358,2900570205,16303996,5931103,4,4.0,0.042,0.0413333333333333,0.0005773502691896,0,19922944,0,4,0
0,1,1,0,4,4,1.0,50,0.0,52.00070420265167,0.0192305088043212,0.0175821781158447,0.0238553524017334,0.0273710632324218,0.0043719700231041,1.0,ATTACK,0,0,0,0,20959698610,2900582001,16304046,5931194,4,4.0,0.043,0.042,0.001,0,19922944,0,4,0
0,1,1,0,4,4,1.0,50,0.0,58.60602114358692,0.0170630931854248,0.0118575096130371,0.0261990547180175,0.0269996833801269,0.0073339792286907,1.0,ATTACK,0,0,0,0,20959701742,2900592849,16304094,5931278,4,4.0,0.043,0.0426666666666666,0.0005773502691896,0,19922944,0,4,0
0,1,1,0,4,4,1.0,50,0.0,68.0641580713632,0.0146920204162597,0.0145125389099121,0.0191363334655761,0.0198131942749023,0.0038384675481295,1.0,NORMAL,0,0,0,0,20959705858,2900606377,16304157,5931389,4,4.0,0.043,0.043,0.0,0,19922944,0,4,0
0,1,1,0,4,4,1.0,50,0.0,101.42046059058508,0.0098599433898925,0.0098538398742675,0.0099957466125488,0.0100251007080078,0.0001161226837301,1.0,NORMAL,0,0,0,0,20959709143,2900617102,16304207,5931478,4,4.0,0.017,0.0343333333333333,0.0150111069989302,0,19922944,0,4,0
0,1,1,0,4,4,1.0,50,0.0,64.67461497184375,0.0154620170593261,0.012714147567749,0.0247824192047119,0.0304064750671386,0.0081439208124233,1.0,NORMAL,0,0,0,0,20959712986,2900627901,16304260,5931569,4,4.0,0.004,0.0213333333333333,0.0198578280114753,0,19922944,0,4,0
0,1,1,0,4,4,1.0,50,0.0,57.171925902703,0.0174911022186279,0.0133287906646728,0.0287853717803955,0.0372196102142333,0.010453984453298,1.0,NORMAL,0,0,0,0,20959716058,2900638269,16304307,5931654,4,4.0,0.004,0.0083333333333333,0.0075055534994651,0,19922944,0,4,0
0,1,1,0,4,4,1.0,50,0.0,82.93793354372811,0.0120572090148925,0.010843276977539,0.014216136932373,0.0143086624145507,0.0017541356022749,1.0,NORMAL,0,0,0,0,20959719190,2900648713,16304355,5931740,4,4.0,0.004,0.004,0.0,0,19922944,0,4,0
0,1,1,0,4,4,1.0,50,0.0,54.92931996825488,0.0182052135467529,0.0144879817962646,0.0297508239746093,0.0355933189392089,0.0097217844159883,1.0,NORMAL,0,0,0,0,20959722622,2900660175,16304408,5931834,4,4.0,0.004,0.004,0.0,0,19922944,0,4,0
0,1,1,0,4,4,1.0,50,0.0,25.30142954177208,0.0395234584808349,0.0408980846405029,0.06775484085083,0.0777016735076904,0.0247732086242315,1.0,ATTACK,0,0,0,0,20959725907,2900670840,16304458,5931924,4,4.0,0.004,0.004,0.0,0,19922944,0,4,0
0,1,1,0,4,4,1.0,50,0.0,43.25879965015924,0.0231166839599609,0.0167102813720703,0.0362661838531494,0.0392328357696533,0.0105614541541239,1.0,ATTACK,0,0,0,0,20959729039,2900681784,16304506,5932009,4,4.0,0.004,0.004,0.0,0,19922944,0,4,0
0,1,1,0,4,4,1.0,50,0.0,77.13350448349676,0.0129645347595214,0.0112092494964599,0.0197015762329101,0.0238569831848144,0.0059531112086323,1.0,ATTACK,0,0,0,0,20959732675,2900694166,16304561,5932105,4,4.0,0.031,0.013,0.0155884572681199,0,19922944,0,4,0
0,1,1,0,4,4,1.0,50,0.0,91.77948262355632,0.0108956813812255,0.0104148387908935,0.0122304916381835,0.0125338172912597,0.0010744933809714,1.0,ATTACK,0,0,0,0,20959735747,2900704754,16304608,5932185,4,4.0,0.043,0.026,0.0199749843554381,0,19922944,0,4,0
0,1,1,0,4,4,1.0,50,0.0,39.94407853385192,0.0250349998474121,0.0145673751831054,0.047005033493042,0.0597937202453613,0.0188169866104206,1.0,ATTACK,0,0,0,0,20959739119,2900716642,16304660,5932277,4,4.0,0.043,0.039,0.0069282032302755,0,19922944,0,4,0
0,1,1,0,4,4,1.0,50,0.0,70.37044990872974,0.0142105102539062,0.0161690711975097,0.017983341217041,0.0185606384277343,0.0038406727097569,1.0,ATTACK,0,0,0,0,20959742311,2900728276,16304709,5932366,4,4.0,0.042,0.0426666666666666,0.0005773502691895,0,19922944,0,4,0
0,1,1,0,4,4,1.0,50,0.0,35.38678820255907,0.0282591342926025,0.0164687633514404,0.0554162502288818,0.0743849182128906,0.0245259278868357,1.0,ATTACK,0,0,0,0,20959746016,2900740131,16304766,5932460,4,4.0,0.042,0.0423333333333333,0.0005773502691895,0,19922944,0,4,0
0,1,1,0,4,4,1.0,50,0.0,54.43429553318123,0.018370771408081,0.0187897682189941,0.021494722366333,0.021901044845581,0.0028209843394929,1.0,ATTACK,0,0,0,0,20959749592,2900752303,16304820,5932554,4,4.0,0.041,0.0416666666666666,0.0005773502691895,0,19922944,0,4,0
0,1,1,0,4,4,1.0,50,0.0,28.08488869306928,0.0356063365936279,0.0280458927154541,0.0623805046081543,0.0718805027008056,0.0219336323010274,1.0,ATTACK,0,0,0,0,20959752844,2900763425,16304870,5932641,4,4.0,0.041,0.0413333333333333,0.0005773502691895,0,19922944,0,4,0
0,1,1,0,4,4,1.0,50,0.0,50.89186565715395,0.0196495056152343,0.0157141685485839,0.0309168338775634,0.0382468605041503,0.0100282059093153,1.0,ATTACK,0,0,0,0,20959756156,2900775205,16304921,5932732,4,4.0,0.042,0.0413333333333333,0.0005773502691895,0,19922944,0,4,0
0,1,1,0,4,4,1.0,50,0.0,41.31114473020676,0.02420654296875,0.0190088748931884,0.0371451377868652,0.0394874572753906,0.0104342698091824,1.0,ATTACK,0,0,0,0,20959759288,2900786085,16304969,5932816,4,4.0,0.043,0.042,0.0009999999999999,0,19922944,0,4,0
0,1,1,0,4,4,1.0,50,0.0,42.02734685779674,0.0237940311431884,0.0137701034545898,0.0460314273834228,0.0643295001983642,0.0213731707726988,1.0,ATTACK,0,0,0,0,20959762753,2900798350,16305022,5932911,4,4.0,0.042,0.0423333333333333,0.0005773502691895,0,19922944,0,4,0
0,1,1,0,4,4,1.0,50,0.0,60.92440343731661,0.0164137840270996,0.0154309272766113,0.0240121841430664,0.0284782981872558,0.0067483343867128,1.0,NORMAL,0,0,0,0,20959766749,2900811064,16305083,5933016,4,4.0,0.042,0.0423333333333333,0.0005773502691895,0,19922944,0,4,0
0,1,1,0,4,4,1.0,50,0.0,58.48523891594019,0.017098331451416,0.0126760005950927,0.0278969764709472,0.0352088069915771,0.0096663722127516,1.0,NORMAL,0,0,0,0,20959770151,2900822686,16305135,5933112,4,4.0,0.042,0.042,0.0,0,19922944,0,4,0
0,1,1,0,4,4,1.0,50,0.0,59.45100396027816,0.0168205738067626,0.0147545337677001,0.0258458614349365,0.0310694313049316,0.0078806711995811,1.0,NORMAL,0,0,0,0,20959773283,2900833038,16305183,5933197,4,4.0,0.009,0.031,0.0190525588832576,0,19922944,0,4,0
0,1,1,0,4,4,1.0,50,0.0,88.58535596313224,0.0112885475158691,0.0099096298217773,0.0138861656188964,0.0150867652893066,0.0021322234797231,1.0,NORMAL,0,0,0,0,20959776415,2900843422,16305231,5933282,4,4.0,0.009,0.02,0.0190525588832576,0,19922944,0,4,0
0,1,1,0,4,4,1.0,50,0.0,80.62496155502245,0.0124031066894531,0.011805772781372,0.0147946834564208,0.0152576541900634,0.0019587048462249,1.0,NORMAL,0,0,0,0,20959780043,2900853822,16305281,5933369,4,4.0,0.009,0.009,0.0,0,19922944,0,4,0
0,1,1,0,4,4,1.0,50,0.0,98.30691848664256,0.0101722240447998,0.0100712776184082,0.0108431339263916,0.011270055770874,0.0006057586678509,1.0,NORMAL,0,0,0,0,20959784416,2900865607,16305339,5933468,4,4.0,0.004,0.0073333333333333,0.0028867513459481,0,19922944,0,4,0
0,1,1,0,1,1,1.0,50,0.0,29.2641241144302,0.0341715335845947,0.0137202739715576,0.073302412033081,0.091706314086914,0.0321617235809761,1.0,ATTACK,0,0,0,0,20959843997,2901055917,16306237,5935062,1,1.0,0.001,0.001,0.0,0,5242880,0,1,0
0,1,1,0,1,1,1.0,50,0.0,52.69318807114698,0.0189777851104736,0.0191280841827392,0.0240750312805175,0.0242771625518798,0.0045753823396597,1.0,ATTACK,0,0,0,0,20959847189,2901066819,16306286,5935147,1,1.0,0.001,0.001,0.0,0,5242880,0,1,0
0,1,1,0,1,1,1.0,50,0.0,88.07122459264237,0.0113544464111328,0.0105853080749511,0.0129243850708007,0.0134971332550048,0.0012613583721852,1.0,ATTACK,0,0,0,0,20959850561,2901078937,16306338,5935241,1,1.0,0.001,0.001,0.0,0,5242880,0,1,0
0,1,1,0,1,1,1.0,50,0.0,71.21301232639479,0.0140423774719238,0.0116012096405029,0.0200743198394775,0.0235696029663085,0.0051948022688316,1.0,ATTACK,0,0,0,0,20959853966,2901090152,16306390,5935329,1,1.0,0.028,0.01,0.0155884572681198,0,5242880,0,1,0
0,1,1,0,1,2,0.5,50,0.0,62.40335174252523,0.0160247802734375,0.0158767700195312,0.0179860591888427,0.0186529636383056,0.0016731294074965,1.0,ATTACK,0,0,0,0,20959874336,2901108141,16306474,5935448,2,1.3333333333333333,0.028,0.019,0.0155884572681198,0,5242880,0,2,0
0,1,1,0,2,3,0.6666666666666666,50,0.0,56.65161109070084,0.0176517486572265,0.0172879695892334,0.0199654579162597,0.0201840686798095,0.0019656283534404,1.0,ATTACK,0,0,0,0,20959894464,2901125372,16306554,5935564,3,2.0,0.03,0.0286666666666666,0.0011547005383792,0,5242880,1,2,0
0,1,1,0,3,3,1.0,50,0.0,60.689208116774125,0.0164773941040039,0.0144057273864746,0.0226207733154296,0.023688850402832,0.0049746615173152,1.0,NORMAL,0,0,0,0,20959898280,2901138334,16306612,5935667,3,2.6666666666666665,0.031,0.0296666666666666,0.0015275252316519,0,9437184,0,3,0
0,1,1,0,3,3,1.0,50,0.0,65.96954359430885,0.0151585102081298,0.0142722129821777,0.0218690395355224,0.0255446529388427,0.0058770469614517,1.0,NORMAL,0,0,0,0,20959901892,2901150258,16306668,5935766,3,3.0,0.022,0.0276666666666666,0.0049328828623162,0,14680064,0,3,0
0,1,1,0,3,3,1.0,50,0.0,59.91178151068449,0.0166912078857421,0.0137703418731689,0.0267474174499511,0.0330012989044189,0.0088645447103536,1.0,NORMAL,0,0,0,0,20959905144,2901160878,16306718,5935855,3,3.0,0.022,0.025,0.0051961524227066,0,14680064,0,3,0
0,1,1,0,3,3,1.0,50,0.0,72.06311680457432,0.013876724243164,0.0109188556671142,0.0203250885009765,0.0226803684234619,0.0052112890762788,1.0,NORMAL,0,0,0,0,20959908925,2901171587,16306770,5935945,3,3.0,0.003,0.0156666666666666,0.0109696551146028,0,14680064,0,3,0
0,1,1,0,3,3,1.0,50,0.0,64.97840407007368,0.0153897285461425,0.0137615203857421,0.0234039306640625,0.0277209568023681,0.0069204549868853,1.0,NORMAL,0,0,0,0,20959912725,2901182065,16306819,5936032,3,3.0,0.004,0.0096666666666666,0.0106926766215636,0,14680064,0,3,0
0,1,1,0,3,3,1.0,50,0.0,59.93438275203768,0.0166849136352539,0.0118758678436279,0.0267841815948486,0.0317996978759765,0.0083809514823711,1.0,NORMAL,0,0,0,0,20959916235,2901193395,16306873,5936126,3,3.0,0.003,0.0033333333333333,0.0005773502691897,0,14680064,0,3,0
0,1,1,0,3,3,1.0,50,0.0,63.4664003510524,0.0157563686370849,0.0106723308563232,0.0252824783325195,0.0288636779785156,0.007650376890877,1.0,NORMAL,0,0,0,0,20959919367,2901203877,16306921,5936213,3,3.0,0.003,0.0033333333333333,0.0005773502691897,0,14680064,0,3,0
0,1,1,0,3,3,1.0,50,0.0,65.10670267920896,0.0153594017028808,0.0126948356628417,0.0236935138702392,0.0263871383666992,0.0067619746580488,1.0,NORMAL,0,0,0,0,20959922499,2901214267,16306969,5936299,3,3.0,0.003,0.003,0.0,0,14680064,0,3,0
0,1,1,0,3,3,1.0,50,0.0,59.40721729794654,0.0168329715728759,0.0125823020935058,0.0275078296661376,0.0354529190063476,0.0098643078554589,1.0,NORMAL,0,0,0,0,20959925724,2901224772,16307018,5936386,3,3.0,0.003,0.003,0.0,0,14680064,0,3,0
0,1,1,0,3,3,1.0,50,0.0,91.6904000944382,0.0109062671661376,0.0103192329406738,0.0121021747589111,0.0121298122406005,0.0009879153556564,1.0,NORMAL,0,0,0,0,20959928916,2901235330,16307067,5936474,3,3.0,0.003,0.003,0.0,0,14680064,0,3,0
0,1,1,0,3,3,1.0,50,0.0,49.8325254253398,0.0200672149658203,0.015571117401123,0.0295788764953613,0.0355589580535888,0.0082974417936758,1.0,NORMAL,0,0,0,0,20959932372,2901246884,16307119,5936569,3,3.0,0.003,0.003,0.0,0,14680064,0,3,0
0,1,1,0,3,3,1.0,50,0.0,74.75091961561493,0.0133777618408203,0.0121724605560302,0.0174926280975341,0.0178041076660156,0.0034144897522328,1.0,NORMAL,0,0,0,0,20959936275,2901257753,16307173,5936661,3,3.0,0.003,0.003,0.0,0,14680064,0,3,0
0,1,1,0,3,1,3.0,50,0.0,25.649250819750325,0.0389874935150146,0.0306127071380615,0.0770106792449951,0.0918239402770996,0.0315703998160176,1.0,ATTACK,0,0,0,0,20959939347,2901267981,16307220,5936745,3,3.0,0.004,0.0033333333333333,0.0005773502691897,0,14680064,0,3,0
0,1,1,0,1,1,1.0,50,0.0,56.97838130092566,0.01755051612854,0.0166661739349365,0.023163366317749,0.0233630943298339,0.0048357541420061,1.0,ATTACK,0,0,0,0,20959942779,2901280115,16307273,5936839,3,3.0,0.004,0.0036666666666666,0.0005773502691897,0,14680064,0,3,0
0,1,1,0,1,1,1.0,50,0.0,63.939315408044735,0.0156398296356201,0.0164453983306884,0.0187004089355468,0.0191172885894775,0.0030971259174874,1.0,ATTACK,0,0,0,0,20959946064,2901291326,16307323,5936928,3,3.0,0.022,0.01,0.0103923048454132,0,14680064,0,3,0
0,1,1,0,1,2,0.5,50,0.0,46.91919609997069,0.0213132381439208,0.0205347537994384,0.027211570739746,0.0277639770507812,0.005042753209766,1.0,ATTACK,0,0,0,0,20959966433,2901309501,16307407,5937051,2,2.6666666666666665,0.03,0.0186666666666666,0.0133166562369587,0,5242880,0,2,0
0,1,1,0,2,3,0.6666666666666666,50,0.0,70.10369379909744,0.0142645835876464,0.0138473510742187,0.0165146827697753,0.0174254322052001,0.0019128274133015,1.0,ATTACK,0,0,0,0,20959986681,2901326950,16307489,5937168,3,2.6666666666666665,0.03,0.0273333333333333,0.004618802153517,0,5242880,0,3,0
0,1,1,0,3,3,1.0,50,0.0,68.94126774361098,0.0145051002502441,0.0135321617126464,0.0181950569152832,0.019698896408081,0.0030646554058097,1.0,ATTACK,0,0,0,0,20959990317,2901339134,16307544,5937263,3,2.6666666666666665,0.031,0.0303333333333333,0.0005773502691896,0,10485760,0,3,0
0,1,1,0,3,3,1.0,50,0.0,66.13055502123781,0.0151216030120849,0.0143897533416748,0.019273042678833,0.0200390815734863,0.0034851522823019,1.0,NORMAL,0,0,0,0,20959994049,2901352136,16307602,5937367,3,3.0,0.032,0.031,0.001,0,14680064,0,3,0
0,1,1,0,3,3,1.0,50,0.0,86.85010022031905,0.0115140914916992,0.009448766708374,0.0155534267425537,0.0183230113983154,0.0036126589722524,1.0,NORMAL,0,0,0,0,20959997514,2901362931,16307655,5937458,3,3.0,0.022,0.0283333333333333,0.0055075705472861,0,14680064,0,3,0
0,1,1,0,3,3,1.0,50,0.0,91.45847597699094,0.0109339237213134,0.0108594894409179,0.0118617534637451,0.0120950412750244,0.0008441062555455,1.0,NORMAL,0,0,0,0,20960000586,2901373337,16307702,5937544,3,3.0,0.022,0.0253333333333333,0.0057735026918962,0,14680064,0,3,0
0,1,1,0,3,3,1.0,50,0.0,58.46730306004104,0.0171035766601562,0.0143599510192871,0.0245494365692138,0.0285639953613281,0.006316171484758,1.0,NORMAL,0,0,0,0,20960003958,2901384783,16307754,5937638,3,3.0,0.003,0.0156666666666666,0.0109696551146028,0,14680064,0,3,0
0,1,1,0,3,3,1.0,50,0.0,67.98736959495821,0.0147086143493652,0.0116634368896484,0.0209843158721923,0.0256372833251953,0.0057691664156829,1.0,NORMAL,0,0,0,0,20960007030,2901395113,16307801,5937723,3,3.0,0.003,0.0093333333333333,0.0109696551146028,0,14680064,0,3,0
0,1,1,0,3,3,1.0,50,0.0,66.78360114896408,0.0149737358093261,0.0134613513946533,0.020268964767456,0.0207626628875732,0.0044202971833621,1.0,NORMAL,0,0,0,0,20960010162,2901405459,16307849,5937808,3,3.0,0.003,0.003,0.0,0,14680064,0,3,0
0,1,1,0,3,3,1.0,50,0.0,70.38414810141026,0.0142077445983886,0.0148334503173828,0.0162076950073242,0.0169531345367431,0.0019644239091929,1.0,NORMAL,0,0,0,0,20960013387,2901416002,16307898,5937896,3,3.0,0.003,0.003,0.0,0,14680064,0,3,0
0,1,1,0,3,3,1.0,50,0.0,92.19750025278836,0.0108462810516357,0.0104916095733642,0.0124041080474853,0.0125222110748291,0.0013012060563466,1.0,NORMAL,0,0,0,0,20960016579,2901426442,16307947,5937983,3,3.0,0.003,0.003,0.0,0,14680064,0,3,0
0,1,1,0,3,3,1.0,50,0.0,94.979279985145,0.0105286121368408,0.0102672576904296,0.0114766120910644,0.0118245697021484,0.0007878154605002,1.0,NORMAL,0,0,0,0,20960020155,2901437932,16308001,5938078,3,3.0,0.003,0.003,0.0,0,14680064,0,3,0
0,1,1,0,3,3,1.0,50,0.0,76.94276489580275,0.0129966735839843,0.0109438896179199,0.0177983283996582,0.0194390678405761,0.0038600165347183,1.0,NORMAL,0,0,0,0,20960023287,2901448366,16308049,5938165,3,3.0,0.003,0.003,0.0,0,14680064,0,3,0
0,1,1,0,3,3,1.0,50,0.0,65.59913917145252,0.0152441024780273,0.0132324695587158,0.0238926410675048,0.0300145149230957,0.0079570784596903,1.0,NORMAL,0,0,0,0,20960026479,2901458836,16308098,5938251,3,3.0,0.003,0.003,0.0,0,14680064,0,3,0
0,1,1,0,3,3,1.0,50,0.0,63.42916078141966,0.0157656192779541,0.0120997428894042,0.0249176502227783,0.0319035816192627,0.0085424677608799,1.0,NORMAL,0,0,0,0,20960029611,2901469258,16308146,5938337,3,3.0,0.003,0.003,0.0,0,14680064,0,3,0
0,1,1,0,3,2,1.5,50,0.0,25.641316574558616,0.0389995574951171,0.0105111598968505,0.0880207061767578,0.1079420948028564,0.0395882794172204,1.0,ATTACK,0,0,0,0,20960033136,2901480997,16308200,5938434,3,3.0,0.003,0.003,0.0,0,14680064,0,3,0
0,1,1,0,2,1,2.0,50,0.0,70.18909855214099,0.0142472267150878,0.0121293067932128,0.0185203075408935,0.0187514495849609,0.0034927920231772,1.0,ATTACK,0,0,0,0,20960036764,2901492251,16308250,5938522,3,3.0,0.003,0.003,0.0,0,14680064,0,3,0
0,1,1,0,2,1,2.0,50,0.0,72.6188324347534,0.0137705326080322,0.0147163867950439,0.0174259662628173,0.0183845233917236,0.0034202427735318,1.0,ATTACK,0,0,0,0,20960040804,2901504423,16308303,5938616,3,3.0,0.013,0.0063333333333333,0.0057735026918962,0,14680064,0,3,0
0,1,1,0,1,1,1.0,50,0.0,74.32518544508592,0.0134543895721435,0.0125854015350341,0.0156933307647705,0.016419973373413,0.001811145353778,1.0,ATTACK,0,0,0,0,20960044236,2901515587,16308356,5938704,2,2.6666666666666665,0.031,0.0156666666666666,0.0141891977691951,0,9437184,0,2,0
0,1,1,0,1,2,0.5,50,0.0,70.16584974153939,0.0142519474029541,0.0126175880432128,0.0196858406066894,0.0212749099731445,0.0044149314949755,1.0,ATTACK,0,0,0,0,20960073249,2901542181,16308480,5938862,2,2.333333333333333,0.03,0.0246666666666666,0.0101159939369956,0,5242880,1,1,0
0,1,1,0,1,2,0.5,50,0.0,62.46282882195959,0.016009521484375,0.0157184600830078,0.0186970233917236,0.0193394660949707,0.0022640928823612,1.0,ATTACK,0,0,0,0,20960076765,2901554321,16308533,5938956,2,2.0,0.03,0.0303333333333333,0.0005773502691895,0,5242880,0,2,0
0,1,1,0,2,3,0.6666666666666666,50,0.0,60.07878143737449,0.016644811630249,0.0121371746063232,0.0257267475128173,0.0287482452392578,0.007272459332667,1.0,NORMAL,0,0,0,0,20960097374,2901573180,16308621,5939084,3,2.333333333333333,0.043,0.0343333333333333,0.0075055534994651,0,9437184,0,3,0
0,1,1,0,3,3,1.0,50,0.0,66.82211693182217,0.0149651050567626,0.0123262405395507,0.0206101417541503,0.0219213771820068,0.0044940105280888,1.0,NORMAL,0,0,0,0,20960101130,2901584906,16308678,5939182,3,2.6666666666666665,0.008,0.0269999999999999,0.0176918060129541,0,13631488,0,3,0
0,1,1,0,3,3,1.0,50,0.0,79.92956646021915,0.0125110149383544,0.0128571987152099,0.0153255939483642,0.0154201793670654,0.002578643046475,1.0,NORMAL,0,0,0,0,20960104502,2901595316,16308730,5939269,3,3.0,0.008,0.0196666666666666,0.0202072594216369,0,13631488,0,3,0
0,1,1,0,3,3,1.0,50,0.0,93.34947653301047,0.0107124328613281,0.0105478763580322,0.0117214679718017,0.01230073928833,0.0009045260211318,1.0,NORMAL,0,0,0,0,20960108811,2901606629,16308789,5939366,3,3.0,0.008,0.008,0.0,0,14680064,0,3,0
0,1,1,0,3,3,1.0,50,0.0,86.00101701031774,0.0116277694702148,0.0111305713653564,0.0130300998687744,0.0138117599487304,0.0011994951795842,1.0,NORMAL,0,0,0,0,20960111883,2901616917,16308836,5939451,3,3.0,0.003,0.0063333333333333,0.0028867513459481,0,14680064,0,3,0
0,1,1,0,3,3,1.0,50,0.0,58.16681043210065,0.0171919345855712,0.0136847496032714,0.0253766536712646,0.0293565368652343,0.0068258655037946,1.0,NORMAL,0,0,0,0,20960115075,2901627351,16308885,5939538,3,3.0,0.003,0.0046666666666666,0.0028867513459481,0,14680064,0,3,0
0,1,1,0,3,3,1.0,50,0.0,94.1816401776612,0.0106177806854248,0.0106821060180664,0.0114037036895751,0.0116604232788085,0.0007852481642954,1.0,NORMAL,0,0,0,0,20960118447,2901638657,16308937,5939631,3,3.0,0.003,0.003,0.0,0,14680064,0,3,0
0,1,1,0,3,3,1.0,50,0.0,65.29725690444313,0.0153145790100097,0.0133659839630126,0.0231356620788574,0.0283631801605224,0.0070528894624517,1.0,NORMAL,0,0,0,0,20960121639,2901649037,16308986,5939717,3,3.0,0.003,0.003,0.0,0,14680064,0,3,0
0,1,1,0,3,3,1.0,50,0.0,88.3134077577095,0.0113233089447021,0.0121071338653564,0.0129093170166015,0.0130016708374023,0.0016213315254157,1.0,NORMAL,0,0,0,0,20960125177,2901659693,16309039,5939807,3,3.0,0.003,0.003,0.0,0,14680064,0,3,0
0,1,1,0,3,3,1.0,50,0.0,56.33250152438615,0.0177517414093017,0.0153436660766601,0.0266807556152343,0.0322582054138183,0.0079378559148409,1.0,NORMAL,0,0,0,0,20960128552,2901670023,16309088,5939892,3,3.0,0.003,0.003,0.0,0,14680064,0,3,0
0,1,1,0,3,3,1.0,50,0.0,78.4744798682832,0.0127429962158203,0.0107684135437011,0.0164736270904541,0.0167168712615966,0.0030132256522761,1.0,NORMAL,0,0,0,0,20960131684,2901680349,16309136,5939978,3,3.0,0.003,0.003,0.0,0,15728640,0,3,0
0,1,1,0,3,3,1.0,50,0.0,55.72981634675943,0.0179437160491943,0.0136196613311767,0.0274895668029785,0.0315245532989501,0.007848397615694,1.0,NORMAL,0,0,0,0,20960135116,2901691871,16309189,5940073,3,3.0,0.003,0.003,0.0,0,15728640,0,3,0
0,1,1,0,1,1,1.0,50,0.0,7.865903012981362,0.1271309852600097,0.1163327693939209,0.1965090751647949,0.2044941616058349,0.0584909857731739,1.0,ATTACK,0,0,0,0,20960195258,2901882076,16310094,5941671,1,1.0,0.001,0.001,0.0,0,5242880,0,1,0
0,1,1,0,1,1,1.0,50,0.0,5.306300908457889,0.1884552001953125,0.200139045715332,0.2507351875305176,0.2781959438323975,0.0571656132517196,1.0,ATTACK,0,0,0,0,20960199287,2901895645,16310155,5941776,1,1.0,0.001,0.001,0.0,0,5242880,0,1,0
0,1,1,0,1,2,0.5,50,0.0,5.152293660926997,0.1940883159637451,0.1878292560577392,0.2982180118560791,0.3555130004882812,0.0924624489609977,1.0,ATTACK,0,0,0,0,20960204276,2901909856,16310221,5941886,1,1.0,0.038,0.0133333333333333,0.0213619599600161,0,5242880,0,1,0
0,1,1,0,1,2,0.5,50,0.0,5.601180516141956,0.1785337924957275,0.1604158878326416,0.2500433444976807,0.3012810897827148,0.0659489475917497,1.0,ATTACK,0,0,0,0,20960224884,2901928833,16310309,5942013,2,1.3333333333333333,0.071,0.0366666666666666,0.0350190424388408,0,5242880,0,2,0
0,1,1,0,2,4,0.5,50,0.0,6.5423839006004085,0.1528494834899902,0.1492245197296142,0.1703846931457519,0.1734545993804931,0.0157012658585534,1.0,ATTACK,0,0,0,0,20960262105,2901954971,16310432,5942175,4,2.333333333333333,0.071,0.06,0.0190525588832576,0,10485760,0,4,0
0,1,1,0,4,5,0.8,50,0.0,5.631542299699324,0.1775712490081787,0.195448637008667,0.232761526107788,0.2550947570800781,0.0662897474676174,1.0,ATTACK,0,0,0,0,20960283159,2901974442,16310526,5942308,5,3.6666666666666665,0.07,0.0706666666666666,0.0005773502691894,0,20971520,0,5,0
0,1,1,0,5,5,1.0,50,0.0,5.658794308156627,0.1767160892486572,0.1709587574005127,0.2101768970489502,0.2200678539276123,0.0306960887790253,1.0,ATTACK,0,0,0,0,20960287284,2901988191,16310590,5942417,5,4.666666666666667,0.07,0.0703333333333333,0.0005773502691894,0,20971520,0,5,0
0,1,1,0,5,5,1.0,50,0.0,7.903128311573984,0.1265321731567383,0.1158022880554199,0.1854517936706543,0.2183543014526367,0.0522441516414308,1.0,ATTACK,0,0,0,0,20960291100,2902001629,16310648,5942521,5,5.0,0.071,0.0703333333333333,0.0005773502691894,0,25165824,0,5,0
0,1,1,0,5,5,1.0,50,0.0,4.861972417435341,0.205677843093872,0.1735115051269531,0.332742977142334,0.396300344467163,0.1082395148800647,1.0,ATTACK,0,0,0,0,20960294952,2902014819,16310708,5942623,5,5.0,0.075,0.072,0.0026457513110645,0,26214400,0,5,0
0,1,1,0,5,5,1.0,50,0.0,4.942125704708536,0.2023420810699462,0.1402273178100586,0.3109940528869629,0.3239112281799316,0.0867868652544153,1.0,ATTACK,0,0,0,0,20960298708,2902027651,16310765,5942722,5,5.0,0.075,0.0736666666666666,0.0023094010767584,0,26214400,0,5,0
0,1,1,0,5,5,1.0,50,0.0,81.61045409793323,0.0122533321380615,0.011733055114746,0.0139098167419433,0.0148964405059814,0.0014632639524472,1.0,NORMAL,0,0,0,0,20960302977,2902042000,16310830,5942837,5,5.0,0.074,0.0746666666666666,0.0005773502691893,0,26214400,0,5,0
0,1,1,0,5,5,1.0,50,0.0,67.95828823632345,0.0147149085998535,0.014949083328247,0.0180438041687011,0.018751220703125,0.0029254819947505,1.0,NORMAL,0,0,0,0,20960306169,2902052380,16310879,5942923,5,5.0,0.074,0.0743333333333333,0.0005773502691893,0,26214400,0,5,0
0,1,1,0,5,5,1.0,50,0.0,87.02633839463189,0.011490774154663,0.0097014904022216,0.0147526741027832,0.0150116252899169,0.0026367032787895,1.0,NORMAL,0,0,0,0,20960309301,2902062658,16310927,5943008,5,5.0,0.074,0.074,0.0,0,26214400,0,5,0
0,1,1,0,5,5,1.0,50,0.0,76.13327621633788,0.0131348609924316,0.0131175518035888,0.0157997608184814,0.0165833950042724,0.0023070823987841,1.0,NORMAL,0,0,0,0,20960312613,2902073884,16310978,5943100,5,5.0,0.006,0.0513333333333333,0.0392598183048945,0,26214400,0,5,0
0,1,1,0,5,5,1.0,50,0.0,67.44728750980921,0.0148263931274414,0.0171005725860595,0.0179609775543212,0.0183436107635498,0.0034369508686686,1.0,NORMAL,0,0,0,0,20960315745,2902084318,16311026,5943187,5,5.0,0.005,0.0283333333333333,0.0395516539898565,0,26214400,0,5,0
0,1,1,0,5,5,1.0,50,0.0,82.5270249530728,0.0121172428131103,0.0108940601348876,0.0153897285461425,0.0156272220611572,0.002678963145092,1.0,NORMAL,0,0,0,0,20960318817,2902094702,16311073,5943272,5,5.0,0.005,0.0053333333333333,0.0005773502691919,0,26214400,0,5,0
0,1,1,0,5,5,1.0,50,0.0,6.817456886042618,0.1466822624206543,0.1587045192718505,0.2002934455871582,0.223396577835083,0.0547152886187878,1.0,ATTACK,0,0,0,0,20960322666,2902106583,16311131,5943372,5,5.0,0.005,0.005,0.0,0,26214400,0,5,0
0,1,1,0,5,5,1.0,50,0.0,5.504270946931073,0.1816771030426025,0.1913392543792724,0.2364861011505127,0.2416252994537353,0.0532824418752523,1.0,ATTACK,0,0,0,0,20960326278,2902119563,16311187,5943471,5,5.0,0.017,0.009,0.0069282032302756,0,26214400,0,5,0
0,1,1,0,5,5,1.0,50,0.0,7.214673796188025,0.1386064052581787,0.1263036727905273,0.1776769638061523,0.1908208179473877,0.0318306012169166,1.0,ATTACK,0,0,0,0,20960330154,2902132755,16311246,5943574,5,5.0,0.076,0.0326666666666666,0.0380043857118271,0,26214400,0,5,0
0,1,1,0,5,5,1.0,50,0.0,8.15303422898763,0.1226537227630615,0.1189427375793457,0.201240587234497,0.214947919845581,0.0674274019607058,1.0,ATTACK,0,0,0,0,20960333826,2902145747,16311303,5943674,5,5.0,0.073,0.0553333333333333,0.0332315111503123,0,26214400,0,5,0
0,1,1,0,5,5,1.0,50,0.0,8.201521453812786,0.121928596496582,0.121065616607666,0.1572894096374511,0.1671990776062011,0.034417135115024,1.0,ATTACK,0,0,0,0,20960338779,2902158838,16311363,5943775,5,5.0,0.073,0.074,0.0017320508075688,0,26214400,0,5,0
0,1,1,0,5,5,1.0,50,0.0,6.974943243309761,0.1433703422546386,0.1483950614929199,0.1864943504333496,0.2038042545318603,0.043016303362778,1.0,ATTACK,0,0,0,0,20960342655,2902172012,16311422,5943876,5,5.0,0.075,0.0736666666666666,0.0011547005383792,0,26214400,0,5,0
0,1,1,0,5,5,1.0,50,0.0,5.232594028288891,0.1911098003387451,0.1584434509277343,0.2660773277282715,0.2848272132873535,0.0605729735229318,1.0,ATTACK,0,0,0,0,20960346345,2902184876,16311479,5943974,5,5.0,0.074,0.074,0.0009999999999999,0,26214400,0,5,0
0,1,1,0,5,5,1.0,50,0.0,7.257779225152387,0.1377831935882568,0.1436324119567871,0.1543051719665527,0.1602050018310546,0.0158830210495249,1.0,ATTACK,0,0,0,0,20960350341,2902198406,16311540,5944080,5,5.0,0.075,0.0746666666666666,0.0005773502691895,0,26214400,0,5,0
0,1,1,0,5,5,1.0,50,0.0,7.377830469955198,0.1355412006378173,0.1230270862579345,0.1779196262359619,0.1857576847076416,0.0345216157325959,1.0,ATTACK,0,0,0,0,20960353953,2902211382,16311596,5944180,5,5.0,0.074,0.0743333333333333,0.0005773502691895,0,26214400,0,5,0
0,1,1,0,5,5,1.0,50,0.0,6.8085990561504754,0.1468730926513672,0.1293184757232666,0.2025166511535644,0.2262805080413818,0.0478938970268807,1.0,ATTACK,0,0,0,0,20960357922,2902224683,16311656,5944283,5,5.0,0.074,0.0743333333333333,0.0005773502691895,0,26214400,0,5,0
0,1,1,0,5,5,1.0,50,0.0,68.52004809451618,0.0145942687988281,0.0127995014190673,0.0189260959625244,0.0207017612457275,0.0035426912862313,1.0,NORMAL,0,0,0,0,20960362098,2902238841,16311720,5944395,5,5.0,0.075,0.0743333333333333,0.0005773502691895,0,26214400,0,5,0
0,1,1,0,5,5,1.0,50,0.0,99.52929897915116,0.0100472927093505,0.0096735954284667,0.0109210014343261,0.0110463142395019,0.0007148478871061,1.0,NORMAL,0,0,0,0,20960365881,2902249494,16311772,5944484,5,5.0,0.075,0.0746666666666666,0.0005773502691895,0,26214400,0,5,0
0,1,1,0,5,5,1.0,50,0.0,62.79255406744695,0.0159254550933837,0.013099193572998,0.0251726150512695,0.031788101196289,0.00847258168954,1.0,NORMAL,0,0,0,0,20960369073,2902259912,16311821,5944571,5,5.0,0.031,0.0603333333333333,0.0254034118443435,0,26214400,0,5,0
0,1,1,0,5,5,1.0,50,0.0,69.3640272540848,0.0144166946411132,0.0128839015960693,0.0192996501922607,0.0228260898590087,0.0044960900346185,1.0,NORMAL,0,0,0,0,20960372385,2902271298,16311872,5944664,5,5.0,0.005,0.037,0.0353836120259083,0,26214400,0,5,0
0,1,1,0,5,5,1.0,50,0.0,55.36830321783485,0.0180608749389648,0.0137758255004882,0.0283033370971679,0.0368609142303466,0.0099094958597338,1.0,NORMAL,0,0,0,0,20960375730,2902281799,16311923,5944752,5,5.0,0.005,0.0136666666666666,0.0150111069989303,0,26214400,0,5,0
0,1,1,0,5,5,1.0,50,0.0,61.643411217288296,0.016222333908081,0.0126082897186279,0.0243993759155273,0.0278333759307861,0.0066949375091632,1.0,NORMAL,0,0,0,0,20960378862,2902292179,16311971,5944838,5,5.0,0.006,0.0053333333333333,0.0005773502691932,0,26214400,0,5,0
0,1,1,0,5,5,1.0,50,0.0,6.920238564284918,0.1445036888122558,0.1162097454071044,0.2281488418579101,0.2609954738616943,0.0704538123245713,1.0,ATTACK,0,0,0,0,20960382234,2902303561,16312023,5944931,5,5.0,0.005,0.0053333333333333,0.0005773502691932,0,26214400,0,5,0
0,1,1,0,5,5,1.0,50,0.0,7.468513966034791,0.1338954448699951,0.1250112056732177,0.210521650314331,0.2514369678497314,0.0671555915229217,1.0,ATTACK,0,0,0,0,20960386050,2902316639,16312081,5945032,5,5.0,0.027,0.0126666666666666,0.0124230967690563,0,26214400,0,5,0
0,1,1,0,5,5,1.0,50,0.0,4.172540861375239,0.2396621227264404,0.2849605083465576,0.2982029438018799,0.2985490989685058,0.068966949228717,1.0,ATTACK,0,0,0,0,20960389986,2902330131,16312141,5945137,5,5.0,0.074,0.0353333333333333,0.0352467492590924,0,26214400,0,5,0
0,1,1,0,5,5,1.0,50,0.0,4.634121010514295,0.2157906532287597,0.1799664497375488,0.2976184844970703,0.3031407451629638,0.068056575918573,1.0,ATTACK,0,0,0,0,20960393691,2902343346,16312198,5945240,5,5.0,0.074,0.0583333333333333,0.0271354626519124,0,26214400,0,5,0
0,1,1,0,5,5,1.0,50,0.0,6.175355609331207,0.1619339942932129,0.1247649192810058,0.2325440406799316,0.2386417961120605,0.0567763114303351,1.0,ATTACK,0,0,0,0,20960397567,2902356714,16312257,5945343,5,5.0,0.075,0.0743333333333333,0.0005773502691903,0,26214400,0,5,0
0,1,1,0,5,5,1.0,50,0.0,6.481892043675575,0.1542759418487548,0.117250919342041,0.232926082611084,0.2898659896850586,0.0718282258121696,1.0,ATTACK,0,0,0,0,20960401179,2902369860,16312313,5945443,5,5.0,0.075,0.0746666666666666,0.0005773502691903,0,26214400,0,5,0
0,1,1,0,5,5,1.0,50,0.0,6.583730855744493,0.1518895626068115,0.1113409996032714,0.2324225425720215,0.2680382442474365,0.0657225554123547,1.0,ATTACK,0,0,0,0,20960405055,2902382872,16312372,5945542,5,5.0,0.075,0.075,0.0,0,26214400,0,5,0
0,1,1,0,5,5,1.0,50,0.0,4.5856537822123205,0.2180714130401611,0.2208354473114013,0.2524793148040771,0.2647595405578613,0.0317239624885915,1.0,ATTACK,0,0,0,0,20960409171,2902397114,16312435,5945652,5,5.0,0.074,0.0746666666666666,0.0005773502691903,0,26214400,0,5,0
0,1,1,0,5,5,1.0,50,0.0,4.508787413289531,0.2217891216278076,0.2360551357269287,0.2969127655029296,0.3017492389678955,0.0841193041150368,1.0,ATTACK,0,0,0,0,20960413200,2902410667,16312496,5945757,5,5.0,0.074,0.0743333333333333,0.0005773502691903,0,26214400,0,5,0
0,1,1,0,5,5,1.0,50,0.0,6.64738420458893,0.1504351139068603,0.1281182765960693,0.2121954917907715,0.2351443862915039,0.0518993095993054,1.0,ATTACK,0,0,0,0,20960416812,2902423899,16312552,5945858,5,5.0,0.074,0.074,0.0,0,26214400,0,5,0
0,1,1,0,5,5,1.0,50,0.0,90.21715937639812,0.0110843658447265,0.0110094547271728,0.0118829250335693,0.0123803997039794,0.0007307252194121,1.0,NORMAL,0,0,0,0,20960421111,2902437489,16312615,5945966,5,5.0,0.075,0.0743333333333333,0.0005773502691903,0,26214400,0,5,0
0,1,1,0,5,5,1.0,50,0.0,99.67026125308328,0.0100330829620361,0.0094020366668701,0.0115002155303955,0.0120824909210205,0.0011946492575477,1.0,NORMAL,0,0,0,0,20960424243,2902447777,16312663,5946051,5,5.0,0.069,0.0726666666666666,0.0032145502536644,0,26214400,0,5,0
0,1,1,0,5,5,1.0,50,0.0,71.94395844911458,0.0138997077941894,0.0145699977874755,0.0176119327545166,0.0179756832122802,0.0034127316215646,1.0,NORMAL,0,0,0,0,20960427811,2902458299,16312712,5946138,5,5.0,0.005,0.0496666666666666,0.0387986254052039,0,26214400,0,5,0
0,1,1,0,5,5,1.0,50,0.0,86.99998340607006,0.0114942550659179,0.0105249881744384,0.0141383171081542,0.0153583145141601,0.0021896325576149,1.0,NORMAL,0,0,0,0,20960431764,2902469004,16312763,5946227,5,5.0,0.005,0.0263333333333333,0.0369504172281361,0,26214400,0,5,0
0,1,1,0,5,5,1.0,50,0.0,89.74883275060022,0.0111422061920166,0.0107603073120117,0.0126924037933349,0.0137749862670898,0.0014175219510098,1.0,NORMAL,0,0,0,0,20960434896,2902479384,16312811,5946313,5,5.0,0.005,0.005,0.0,0,26214400,0,5,0
0,1,1,0,5,5,1.0,50,0.0,99.61013793365504,0.0100391387939453,0.0099496841430664,0.0105645179748535,0.0105656337738037,0.0004524461881443,1.0,NORMAL,0,0,0,0,20960446754,2902493725,16312890,5946431,5,5.0,0.005,0.005,0.0,0,26214400,0,5,0
0,1,1,0,1,1,1.0,50,0.0,26.62242189354596,0.0375623226165771,0.015181541442871,0.0775625705718994,0.0819948673248291,0.0319498193142358,1.0,ATTACK,0,0,0,0,20960505813,2902683016,16313787,5948024,1,1.0,0.001,0.001,0.0,0,5242880,0,1,0
0,1,1,0,1,1,1.0,50,0.0,58.99161744022504,0.016951560974121,0.0151152610778808,0.0240764617919921,0.0292378902435302,0.0066004979722182,1.0,ATTACK,0,0,0,0,20960509329,2902694980,16313840,5948117,1,1.0,0.001,0.001,0.0,0,5242880,0,1,0
0,1,1,0,1,1,1.0,50,0.0,58.49747421918366,0.0170947551727294,0.0137960910797119,0.0271325588226318,0.0336314010620117,0.0089139052584385,1.0,ATTACK,0,0,0,0,20960512461,2902706032,16313888,5948203,1,1.0,0.03,0.0106666666666666,0.0167431578064991,0,5242880,0,1,0
0,1,1,0,1,2,0.5,50,0.0,87.28895252524411,0.0114562034606933,0.0100338459014892,0.0140029430389404,0.0142133140563964,0.0020443165461432,1.0,ATTACK,0,0,0,0,20960532922,2902724316,16313974,5948326,2,1.3333333333333333,0.03,0.0203333333333333,0.0167431578064991,0,5242880,0,2,0
0,1,1,0,2,3,0.6666666666666666,50,0.0,82.80170882127656,0.0120770454406738,0.0123858451843261,0.0146000385284423,0.0158145427703857,0.0022982798184138,1.0,ATTACK,0,0,0,0,20960536801,2902736013,16314027,5948417,3,2.0,0.03,0.03,0.0,0,5242880,1,2,0
0,1,1,0,2,3,0.6666666666666666,50,0.0,61.30445967119572,0.016312026977539,0.0133183002471923,0.0226642131805419,0.023802843093872,0.0050754077483437,1.0,ATTACK,0,0,0,0,20960556576,2902753540,16314108,5948535,3,2.6666666666666665,0.043,0.0343333333333333,0.0075055534994651,0,9437184,0,3,0
0,1,1,0,3,3,1.0,50,0.0,84.01445408584317,0.0119027137756347,0.0128581523895263,0.0137580871582031,0.0142087841033935,0.001921590258541,1.0,ATTACK,0,0,0,0,20960559888,2902764736,16314159,5948624,3,3.0,0.0559999999999999,0.043,0.0129999999999999,0,13631488,0,3,0
0,1,1,0,3,3,1.0,50,0.0,53.10616918799285,0.0188302040100097,0.0167658329010009,0.0272315025329589,0.0309464263916015,0.0071424632252858,1.0,ATTACK,0,0,0,0,20960563440,2902776834,16314214,5948720,3,3.0,0.032,0.0436666666666666,0.0120138808606267,0,14680064,0,3,0
0,1,1,0,3,3,1.0,50,0.0,65.02171884252986,0.0153794765472412,0.0147843360900878,0.0190121173858642,0.0195533657073974,0.0030394365061959,1.0,ATTACK,0,0,0,0,20960567008,2902787818,16314263,5948805,3,3.0,0.032,0.04,0.013856406460551,0,14680064,0,3,0
0,1,1,0,3,3,1.0,50,0.0,90.3411347609386,0.0110691547393798,0.0101537704467773,0.0133974552154541,0.0153428077697753,0.0022562849354475,1.0,ATTACK,0,0,0,0,20960571312,2902800176,16314319,5948903,3,3.0,0.033,0.0323333333333333,0.0005773502691895,0,14680064,0,3,0
0,1,1,0,3,3,1.0,50,0.0,67.59598772594828,0.0147937774658203,0.0121011734008789,0.0213418960571289,0.0253672695159912,0.0056942479566137,1.0,ATTACK,0,0,0,0,20960574837,2902811417,16314373,5948992,3,3.0,0.033,0.0326666666666666,0.0005773502691895,0,14680064,0,3,0
0,1,1,0,3,3,1.0,50,0.0,75.3587816981627,0.0132698535919189,0.0124709606170654,0.0158477306365966,0.0159071254730224,0.002262620596111,1.0,ATTACK,0,0,0,0,20960587681,2902833336,16314474,5949134,3,3.0,0.033,0.033,0.0,0,14680064,0,3,0
0,1,1,0,3,3,1.0,50,0.0,84.2003155777361,0.0118764400482177,0.0111844539642333,0.0135578632354736,0.014466209411621,0.0014217194151595,1.0,NORMAL,0,0,0,0,20960591497,2902846038,16314532,5949239,3,3.0,0.032,0.0326666666666666,0.0005773502691895,0,14680064,0,3,0
0,1,1,0,3,3,1.0,50,0.0,84.02219595745107,0.0119016170501708,0.0112991333007812,0.0140454292297363,0.0151464653015136,0.0018245291535914,1.0,NORMAL,0,0,0,0,20960594689,2902856482,16314581,5949326,3,3.0,0.019,0.028,0.0078102496759066,0,14680064,0,3,0
0,1,1,0,3,3,1.0,50,0.0,48.56384629278843,0.0205914497375488,0.0163133144378662,0.0295732975006103,0.0349303340911865,0.0077330404215273,1.0,NORMAL,0,0,0,0,20960598001,2902867858,16314632,5949419,3,3.0,0.003,0.018,0.0145258390463339,0,14680064,0,3,0
0,1,1,0,3,3,1.0,50,0.0,79.74598732218162,0.0125398159027099,0.0108568668365478,0.0159186363220214,0.0171975994110107,0.0027284555583433,1.0,NORMAL,0,0,0,0,20960601193,2902878222,16314681,5949505,3,3.0,0.003,0.0083333333333333,0.009237604307034,0,14680064,0,3,0
0,1,1,0,3,3,1.0,50,0.0,60.19673749867244,0.0166121959686279,0.0119440555572509,0.0265774726867675,0.0297029972076416,0.0079596617636461,1.0,NORMAL,0,0,0,0,20960605844,2902890097,16314741,5949605,3,3.0,0.003,0.003,0.0,0,14680064,0,3,0
0,1,1,0,3,3,1.0,50,0.0,95.60495267966228,0.0104597091674804,0.0103042125701904,0.0109959125518798,0.0111840534210205,0.0004412290044311,1.0,NORMAL,0,0,0,0,20960609036,2902900599,16314790,5949691,3,3.0,0.004,0.0033333333333333,0.0005773502691896,0,14680064,0,3,0
0,1,1,0,3,3,1.0,50,0.0,28.155586941695173,0.0355169296264648,0.0302789211273193,0.0659533977508544,0.0744429969787597,0.0252142585642826,1.0,ATTACK,0,0,0,0,20960612168,2902911139,16314838,5949778,3,3.0,0.004,0.0036666666666666,0.0005773502691896,0,14680064,0,3,0
0,1,1,0,3,3,1.0,50,0.0,73.86808967788521,0.0135376453399658,0.0137553215026855,0.0158428192138671,0.0169187927246093,0.0022579400940035,1.0,ATTACK,0,0,0,0,20960615540,2902923157,16314890,5949872,3,3.0,0.003,0.0036666666666666,0.0005773502691896,0,14680064,0,3,0
0,1,1,0,3,3,1.0,50,0.0,51.107791362751286,0.0195664882659912,0.0175988674163818,0.0262709140777587,0.028696231842041,0.0055639433164179,1.0,ATTACK,0,0,0,0,20960663573,2902943700,16314981,5949984,3,3.0,0.022,0.0096666666666666,0.0106926766215636,0,14680064,0,3,0
0,1,1,0,3,3,1.0,50,0.0,68.70659463426301,0.0145546436309814,0.0154023170471191,0.0177711963653564,0.0191177082061767,0.0031263299766785,1.0,ATTACK,0,0,0,0,20960667347,2902955834,16315038,5950079,3,3.0,0.032,0.019,0.0147309198626562,0,14680064,0,3,0
0,1,1,0,3,3,1.0,50,0.0,74.22548471356065,0.0134724617004394,0.0121650695800781,0.0169521808624267,0.0191379451751709,0.0030521353607286,1.0,ATTACK,0,0,0,0,20960671005,2902967292,16315093,5950170,3,3.0,0.032,0.0286666666666666,0.0057735026918962,0,14680064,0,3,0
0,1,1,0,3,3,1.0,50,0.0,73.58014988632218,0.0135906219482421,0.0154640674591064,0.0159006595611572,0.0159991073608398,0.0026792525820794,1.0,ATTACK,0,0,0,0,20960674437,2902979352,16315146,5950264,3,3.0,0.033,0.0323333333333333,0.0005773502691894,0,14680064,0,3,0
0,1,1,0,3,3,1.0,50,0.0,77.23662452167956,0.0129472255706787,0.0140178203582763,0.0148221492767333,0.0151608371734619,0.0020255501911885,1.0,ATTACK,0,0,0,0,20960677569,2902990312,16315194,5950349,3,3.0,0.032,0.0323333333333333,0.0005773502691894,0,14680064,0,3,0
0,1,1,0,3,3,1.0,50,0.0,69.4938944577914,0.0143897533416748,0.0132033824920654,0.0198848247528076,0.0225678920745849,0.0046660990130436,1.0,ATTACK,0,0,0,0,20960681061,2903002410,16315248,5950444,3,3.0,0.032,0.0323333333333333,0.0005773502691894,0,14680064,0,3,0
0,1,1,0,3,3,1.0,50,0.0,79.1620080099955,0.0126323223114013,0.0125520229339599,0.0153098583221435,0.0158220100402832,0.0024035872290522,1.0,ATTACK,0,0,0,0,20960684133,2903013354,16315295,5950529,3,3.0,0.032,0.032,0.0,0,14680064,0,3,0
0,1,1,0,3,3,1.0,50,0.0,90.13999269304335,0.0110938549041748,0.0113871097564697,0.0118676662445068,0.0121132278442382,0.0009060759378698,1.0,ATTACK,0,0,0,0,20960695821,2903030194,16315381,5950653,3,3.0,0.032,0.032,0.0,0,14680064,0,3,0
0,1,1,0,3,3,1.0,50,0.0,49.84887164786476,0.0200606346130371,0.0192246437072753,0.0244801521301269,0.0274620819091796,0.0041365774181871,1.0,ATTACK,0,0,0,0,20960699043,2903041384,16315430,5950741,3,3.0,0.032,0.032,0.0,0,14680064,0,3,0
0,1,1,0,3,3,1.0,50,0.0,72.51763534260975,0.0137897491455078,0.0122056007385253,0.0196561336517334,0.0238736820220947,0.0053980665901835,1.0,ATTACK,0,0,0,0,20960702679,2903053616,16315485,5950836,3,3.0,0.032,0.032,0.0,0,14680064,0,3,0
0,1,1,0,3,3,1.0,50,0.0,64.65826406531338,0.0154659271240234,0.0133285522460937,0.0207242965698242,0.0221254825592041,0.0042101953308576,1.0,NORMAL,0,0,0,0,20960706411,2903066184,16315543,5950940,3,3.0,0.032,0.032,0.0,0,14680064,0,3,0
0,1,1,0,3,3,1.0,50,0.0,80.47892426242593,0.0124256134033203,0.0138654708862304,0.0141288757324218,0.0141638946533203,0.0021278094585191,1.0,NORMAL,0,0,0,0,20960709543,2903076590,16315591,5951026,3,3.0,0.032,0.032,0.0,0,14680064,0,3,0
0,1,1,0,3,3,1.0,50,0.0,71.04125310804127,0.0140763282775878,0.0139746665954589,0.0149472713470458,0.0149639225006103,0.0007937373470822,1.0,NORMAL,0,0,0,0,20960713485,2903088456,16315650,5951126,3,3.0,0.004,0.0226666666666666,0.0161658075373095,0,14680064,0,3,0
0,1,1,0,3,3,1.0,50,0.0,61.30822324281501,0.0163110256195068,0.0150778293609619,0.0238259315490722,0.0281176376342773,0.0066000198458389,1.0,NORMAL,0,0,0,0,20960716737,2903098980,16315700,5951213,3,3.0,0.004,0.0133333333333333,0.0161658075373095,0,14680064,0,3,0
0,1,1,0,3,3,1.0,50,0.0,79.14647263285416,0.012634801864624,0.0135555267333984,0.0147562980651855,0.0149772262573242,0.0021114937671573,1.0,NORMAL,0,0,0,0,20960719929,2903109424,16315749,5951299,3,3.0,0.003,0.0036666666666666,0.0005773502691896,0,14680064,0,3,0
0,1,1,0,3,3,1.0,50,0.0,94.87529575693416,0.0105401515960693,0.010495901107788,0.0112756729125976,0.0116911792755126,0.0006880438097197,1.0,NORMAL,0,0,0,0,20960723437,2903119854,16315797,5951384,3,3.0,0.003,0.0033333333333333,0.0005773502691896,0,14680064,0,3,0
0,1,1,0,3,3,1.0,50,0.0,23.058802832387737,0.0433673858642578,0.0117428302764892,0.1028542995452881,0.1404109764099121,0.0518941376345498,1.0,ATTACK,0,0,0,0,20960727657,2903131564,16315853,5951480,3,3.0,0.003,0.003,0.0,0,14680064,0,3,0
0,1,1,0,3,3,1.0,50,0.0,51.86926035393196,0.0192792415618896,0.0172867774963378,0.0252540588378906,0.0274635124206542,0.0048680433179172,1.0,ATTACK,0,0,0,0,20960730849,2903142712,16315902,5951567,3,3.0,0.004,0.0033333333333333,0.0005773502691896,0,14680064,0,3,0
0,1,1,0,3,3,1.0,50,0.0,52.14124105557848,0.0191786766052246,0.0185530185699462,0.0269234657287597,0.0315065670013427,0.007023250792162,1.0,ATTACK,0,0,0,0,20960734647,2903155110,16315960,5951665,3,3.0,0.032,0.013,0.0164620776331543,0,14680064,0,3,0
0,1,1,0,3,3,1.0,50,0.0,97.57780765955864,0.0102482318878173,0.0096120834350585,0.0118367195129394,0.0127914142608642,0.0013898350032796,1.0,ATTACK,0,0,0,0,20960746349,2903169009,16316036,5951774,3,3.0,0.032,0.0226666666666666,0.0161658075373095,0,14680064,0,3,0
0,1,1,0,3,3,1.0,50,0.0,45.132849253866254,0.022156810760498,0.014674425125122,0.0395415306091308,0.0474960613250732,0.0142980632803852,1.0,ATTACK,0,0,0,0,20960749481,2903180217,16316084,5951862,3,3.0,0.032,0.032,0.0,0,14680064,0,3,0
0,1,1,0,3,3,1.0,50,0.0,88.26545901446153,0.0113294601440429,0.0107698440551757,0.0131512641906738,0.0141828632354736,0.0015675249399813,1.0,ATTACK,0,0,0,0,20960753117,2903192379,16316139,5951957,3,3.0,0.032,0.032,0.0,0,14680064,0,3,0
0,1,1,0,3,3,1.0,50,0.0,56.47175405196533,0.0177079677581787,0.0171730518341064,0.0235679626464843,0.0245217132568359,0.0050001624372624,1.0,ATTACK,0,0,0,0,20960756309,2903203371,16316188,5952042,3,3.0,0.032,0.032,0.0,0,14680064,0,3,0
0,1,1,0,3,3,1.0,50,0.0,59.96711626829693,0.0166758060455322,0.0162966251373291,0.018834114074707,0.0189057826995849,0.0018401314513953,1.0,ATTACK,0,0,0,0,20960760179,2903215868,16316248,5952142,3,3.0,0.032,0.032,0.0,0,14680064,0,3,0
0,1,1,0,3,3,1.0,50,0.0,55.00625562284758,0.0181797504425048,0.0183339118957519,0.0209276676177978,0.02231125831604,0.0027219289391195,1.0,ATTACK,0,0,0,0,20960764702,2903227652,16316308,5952237,3,3.0,0.032,0.032,0.0,0,14680064,0,3,0
0,1,1,0,3,3,1.0,50,0.0,73.07557215733281,0.0136844635009765,0.0143022537231445,0.0166450023651123,0.0175210762023925,0.0027049716250912,1.0,ATTACK,0,0,0,0,20960768014,2903239678,16316359,5952329,3,3.0,0.032,0.032,0.0,0,14680064,0,3,0
0,1,1,0,3,3,1.0,50,0.0,64.68179603116344,0.0154603004455566,0.0130579471588134,0.0243099212646484,0.0309915828704833,0.0083205956256952,1.0,ATTACK,0,0,0,0,20960771206,2903250784,16316408,5952416,3,3.0,0.032,0.032,0.0,0,14680064,0,3,0
0,1,1,0,3,3,1.0,50,0.0,89.73769565849943,0.0111435890197753,0.0111193656921386,0.0129146575927734,0.0137317657470703,0.0015661565119638,1.0,ATTACK,0,0,0,0,20960774518,2903262994,16316459,5952511,3,3.0,0.032,0.032,0.0,0,14680064,0,3,0
0,1,1,0,3,3,1.0,50,0.0,87.526116117077,0.0114251613616943,0.0119831562042236,0.012623119354248,0.0129554557800292,0.001184649092037,1.0,NORMAL,0,0,0,0,20960778394,2903275464,16316518,5952613,3,3.0,0.032,0.032,0.0,0,14680064,0,3,0
0,1,1,0,3,3,1.0,50,0.0,91.16268556152058,0.0109694004058837,0.0106089115142822,0.0132757186889648,0.0140322303771972,0.0019447358485128,1.0,NORMAL,0,0,0,0,20960781839,2903285957,16316570,5952701,3,3.0,0.024,0.0293333333333333,0.0046188021535169,0,14680064,0,3,0
0,1,1,0,3,3,1.0,50,0.0,64.31916185662497,0.0155474662780761,0.0115129947662353,0.0226389408111572,0.0232376956939697,0.005688181710922,1.0,NORMAL,0,0,0,0,20960785091,2903296311,16316620,5952788,3,3.0,0.003,0.0196666666666666,0.0149777612924406,0,14680064,0,3,0
0,1,1,0,3,3,1.0,50,0.0,91.9694597569586,0.0108731746673583,0.0099258422851562,0.0125237941741943,0.0127006912231445,0.0013231152550667,1.0,NORMAL,0,0,0,0,20960788463,2903307783,16316672,5952882,3,3.0,0.003,0.01,0.0121243556529821,0,14680064,0,3,0
0,1,1,0,3,3,1.0,50,0.0,63.89665153407879,0.0156502723693847,0.0132310390472412,0.023738145828247,0.0286489486694335,0.0070728638016272,1.0,NORMAL,0,0,0,0,20960791655,2903318255,16316721,5952970,3,3.0,0.003,0.003,0.0,0,14680064,0,3,0
0,1,1,0,3,3,1.0,50,0.0,84.54349017963686,0.0118282318115234,0.0109803676605224,0.0148945331573486,0.0150831031799316,0.00255227234986,1.0,NORMAL,0,0,0,0,20960794787,2903328489,16316769,5953054,3,3.0,0.003,0.003,0.0,0,14680064,0,3,0
0,1,1,0,1,1,1.0,50,0.0,24.19493915938775,0.0413309574127197,0.0444531440734863,0.0703564167022705,0.0734748172760009,0.0260939829825572,1.0,ATTACK,0,0,0,0,20960855310,2903519186,16317680,5954659,1,1.0,0.001,0.001,0.0,0,5242880,0,1,0
0,1,1,0,1,1,1.0,50,0.0,47.80236737912941,0.0209194660186767,0.0161330699920654,0.0348934650421142,0.041480369567871,0.0116268473496107,1.0,ATTACK,0,0,0,0,20960859277,2903531001,16317735,5954753,1,1.0,0.001,0.001,0.0,0,5242880,0,1,0
0,1,1,0,1,1,1.0,50,0.0,74.32255137878364,0.0134548664093017,0.0118062496185302,0.0176358699798583,0.0188758659362792,0.0033967128637757,1.0,ATTACK,0,0,0,0,20960862469,2903542577,16317784,5954842,1,1.0,0.018,0.0066666666666666,0.0098149545762236,0,5242880,0,1,0
0,1,1,0,1,2,0.5,50,0.0,54.63752181955553,0.0183024406433105,0.0179762840270996,0.0226879596710205,0.0229580688476562,0.0039356274482063,1.0,ATTACK,0,0,0,0,20960882778,2903560110,16317867,5954957,2,1.3333333333333333,0.018,0.0123333333333333,0.0098149545762236,0,5242880,1,1,0
0,1,1,0,1,2,0.5,50,0.0,75.92544856849086,0.0131708145141601,0.0120851993560791,0.0161870002746582,0.0184307861328124,0.0027981451294578,1.0,ATTACK,0,0,0,0,20960885970,2903571252,16317916,5955043,2,1.6666666666666667,0.04,0.0253333333333333,0.0127017059221717,0,5242880,0,2,0
0,1,1,0,2,4,0.5,50,0.0,43.83477348449695,0.0228129386901855,0.0203051567077636,0.0301928520202636,0.0341406345367431,0.006411219653408,1.0,ATTACK,0,0,0,0,20960926686,2903602061,16318053,5955214,4,2.6666666666666665,0.039,0.0323333333333333,0.0124230967690561,0,5242880,0,4,0
0,1,1,0,4,4,1.0,50,0.0,60.76024476172817,0.0164581298828125,0.0169117450714111,0.0218867778778076,0.0241194915771484,0.0048794170877825,1.0,ATTACK,0,0,0,0,20960930058,2903613407,16318105,5955304,4,3.333333333333333,0.063,0.0473333333333333,0.0135769412362775,0,17825792,0,4,0
0,1,1,0,4,4,1.0,50,0.0,65.86511977035248,0.0151825428009033,0.0139343738555908,0.0195719242095947,0.0225258731842041,0.00406348549673,1.0,ATTACK,0,0,0,0,20960933754,2903625505,16318161,5955399,4,4.0,0.063,0.055,0.013856406460551,0,17825792,0,4,0
0,1,1,0,4,4,1.0,50,0.0,77.70827234830941,0.0128686428070068,0.0124804973602294,0.015434980392456,0.0168520450592041,0.0022496993331756,1.0,ATTACK,0,0,0,0,20960937186,2903636721,16318214,5955488,4,4.0,0.039,0.055,0.013856406460551,0,18874368,0,4,0
0,1,1,0,4,4,1.0,50,0.0,53.52526505464439,0.0186827659606933,0.0173823833465576,0.025857400894165,0.0294754219055175,0.0061821421743551,1.0,ATTACK,0,0,0,0,20960940558,2903648787,16318266,5955582,4,4.0,0.042,0.048,0.013076696830622,0,18874368,0,4,0
0,1,1,0,4,4,1.0,50,0.0,59.7828361293633,0.0167272090911865,0.0171060562133789,0.0188747406005859,0.0196033573150634,0.002006108164479,1.0,ATTACK,0,0,0,0,20960943943,2903659904,16318317,5955669,4,4.0,0.041,0.0406666666666666,0.0015275252316518,0,18874368,0,4,0
0,1,1,0,4,4,1.0,50,0.0,87.79286237571952,0.0113904476165771,0.0101552009582519,0.0143095970153808,0.0166187000274658,0.0027563643304867,1.0,ATTACK,0,0,0,0,20960947315,2903671888,16318369,5955761,4,4.0,0.041,0.0413333333333333,0.0005773502691892,0,18874368,0,4,0
0,1,1,0,4,4,1.0,50,0.0,76.52163759760636,0.0130681991577148,0.0115246772766113,0.0170965194702148,0.0183470726013183,0.0032494035485416,1.0,NORMAL,0,0,0,0,20960951131,2903684386,16318427,5955864,4,4.0,0.041,0.041,0.0,0,18874368,0,4,0
0,1,1,0,4,4,1.0,50,0.0,73.13597003630377,0.0136731624603271,0.0127890110015869,0.0182202339172363,0.0203429985046386,0.0039081980436448,1.0,NORMAL,0,0,0,0,20960954203,2903694572,16318474,5955948,4,4.0,0.004,0.0286666666666666,0.0213619599600161,0,18874368,0,4,0
0,1,1,0,4,4,1.0,50,0.0,54.51934425547624,0.018342113494873,0.0140037536621093,0.0295344829559326,0.0386364841461181,0.0107523672959825,1.0,NORMAL,0,0,0,0,20960957335,2903705064,16318522,5956035,4,4.0,0.004,0.0163333333333333,0.0213619599600161,0,18874368,0,4,0
0,1,1,0,4,4,1.0,50,0.0,78.58475259026099,0.0127251148223876,0.0111019611358642,0.0174273490905761,0.0210391902923583,0.0044374875474233,1.0,NORMAL,0,0,0,0,20960961020,2903716807,16318578,5956133,4,4.0,0.004,0.004,0.0,0,18874368,0,4,0
0,1,1,0,4,4,1.0,50,0.0,61.1501934678715,0.0163531780242919,0.0120861530303955,0.0242656707763671,0.0268492603302001,0.0063056090044634,1.0,NORMAL,0,0,0,0,20960964212,2903727331,16318627,5956220,4,4.0,0.004,0.004,0.0,0,18874368,0,4,0
0,1,1,0,4,4,1.0,50,0.0,61.65754757753676,0.016218614578247,0.011573314666748,0.0256616115570068,0.0293331050872802,0.0076199778937063,1.0,NORMAL,0,0,0,0,20960967284,2903737725,16318674,5956305,4,4.0,0.004,0.004,0.0,0,18874368,0,4,0
0,1,1,0,4,4,1.0,50,0.0,68.8905386672273,0.0145157814025878,0.0115225315093994,0.0200092315673828,0.0215728950500488,0.0043707550506063,1.0,NORMAL,0,0,0,0,20960970356,2903748081,16318721,5956390,4,4.0,0.004,0.004,0.0,0,18874368,0,4,0
0,1,1,0,4,4,1.0,50,0.0,58.2964871754244,0.0171536922454834,0.0180470943450927,0.0247636318206787,0.02698166847229,0.0067641730823001,1.0,NORMAL,0,0,0,0,20960973548,2903758563,16318770,5956477,4,4.0,0.005,0.0043333333333333,0.0005773502691897,0,18874368,0,4,0
0,1,1,0,4,4,1.0,50,0.0,89.90041796163327,0.0111234188079833,0.010416030883789,0.013477611541748,0.0153128433227539,0.0022278499511621,1.0,NORMAL,0,0,0,0,20960977740,2903770474,16318828,5956577,4,4.0,0.004,0.0043333333333333,0.0005773502691897,0,18874368,0,4,0
0,1,1,0,4,4,1.0,50,0.0,68.77509190664057,0.014540147781372,0.0119297504425048,0.0206058979034423,0.0250479793548583,0.0055714581303738,1.0,NORMAL,0,0,0,0,20960981753,2903781169,16318880,5956666,4,4.0,0.004,0.0043333333333333,0.0005773502691897,0,18874368,0,4,0
0,1,1,0,4,4,1.0,50,0.0,103.70697115503488,0.0096425533294677,0.0094423294067382,0.010465383529663,0.0105263233184814,0.0006880782894644,1.0,NORMAL,0,0,0,0,20960984885,2903791377,16318928,5956751,4,4.0,0.004,0.004,0.0,0,18874368,0,4,0
0,1,1,0,4,4,1.0,50,0.0,67.12024759399195,0.0148986339569091,0.013939619064331,0.0206527233123779,0.0229588222503662,0.004843511541603,1.0,NORMAL,0,0,0,0,20960988017,2903801831,16318976,5956837,4,4.0,0.004,0.004,0.0,0,18874368,0,4,0
0,1,1,0,4,2,2.0,50,0.0,21.1977208795052,0.0471748828887939,0.0441083908081054,0.0929884910583496,0.1218709468841552,0.0417461143093492,1.0,ATTACK,0,0,0,0,20960991527,2903813305,16319030,5956931,4,4.0,0.004,0.004,0.0,0,18874368,0,4,0
0,1,1,0,4,2,2.0,50,0.0,60.748628402922215,0.0164612770080566,0.0182664394378662,0.020405626296997,0.0204892253875732,0.0040327077928387,1.0,ATTACK,0,0,0,0,20960994659,2903824329,16319078,5957016,4,4.0,0.004,0.004,0.0,0,18874368,0,4,0
0,1,1,0,2,2,1.0,50,0.0,63.64707417669963,0.0157116413116455,0.0154707431793212,0.0212038040161132,0.0214288520812988,0.0048093137357419,1.0,ATTACK,0,0,0,0,20960998184,2903836450,16319132,5957110,4,4.0,0.023,0.0103333333333333,0.0109696551146028,0,18874368,0,4,0
0,1,1,0,2,2,1.0,50,0.0,49.86048634820401,0.0200559616088867,0.0237109661102294,0.0252342700958251,0.0259494113922119,0.0056428333790139,1.0,ATTACK,0,0,0,0,20961001316,2903847672,16319180,5957196,2,3.333333333333333,0.039,0.022,0.0175214154679352,0,10485760,0,2,0
0,1,1,0,2,4,0.5,50,0.0,51.93348439260552,0.0192553997039794,0.019266128540039,0.0278778076171875,0.0326916217803955,0.0077713106078402,1.0,ATTACK,0,0,0,0,20961006342,2903860492,16319246,5957295,4,3.333333333333333,0.04,0.034,0.0095393920141694,0,10485760,2,2,0
0,1,1,0,2,4,0.5,50,0.0,74.46215026274677,0.0134296417236328,0.0124375820159912,0.0168744087219238,0.0191248035430908,0.0031072536648062,1.0,ATTACK,0,0,0,0,20961043225,2903883823,16319360,5957438,4,3.333333333333333,0.04,0.0396666666666666,0.0005773502691893,0,10485760,0,4,0
0,1,1,0,4,4,1.0,50,0.0,52.36635312389975,0.0190962314605712,0.0202410221099853,0.0238926887512207,0.0244692134857177,0.0051115681651365,1.0,ATTACK,0,0,0,0,20961048063,2903897569,16319418,5957533,4,4.0,0.066,0.0486666666666666,0.0150111069989302,0,18874368,0,4,0
0,1,1,0,4,4,1.0,50,0.0,51.40771427520867,0.0194523334503173,0.0204341411590576,0.0244179725646972,0.0261885738372802,0.0045259609124352,1.0,ATTACK,0,0,0,0,20961052021,2903911011,16319478,5957632,4,4.0,0.042,0.0493333333333333,0.0144683562761404,0,19922944,0,4,0
0,1,1,0,4,4,1.0,50,0.0,37.037824587306325,0.0269994258880615,0.0174024105072021,0.0471951007843017,0.0489384078979492,0.0162931743378247,1.0,ATTACK,0,0,0,0,20961055186,2903922086,16319526,5957718,4,4.0,0.042,0.0499999999999999,0.013856406460551,0,19922944,0,4,0
0,1,1,0,4,4,1.0,50,0.0,56.52411332034208,0.0176915645599365,0.0158092975616455,0.0256146907806396,0.0271135520935058,0.0064990362462585,1.0,ATTACK,0,0,0,0,20961058558,2903934252,16319578,5957812,4,4.0,0.042,0.042,0.0,0,20971520,0,4,0
0,1,1,0,4,4,1.0,50,0.0,49.31852708912437,0.0202763557434082,0.0128231048583984,0.0373161315917968,0.0498445796966552,0.0156457936880455,1.0,ATTACK,0,0,0,0,20961061810,2903945374,16319628,5957899,4,4.0,0.042,0.042,0.0,0,20971520,0,4,0
0,1,1,0,4,4,1.0,50,0.0,44.64980018693221,0.0223965167999267,0.0210661888122558,0.0266027927398681,0.0281410503387451,0.0034776145968447,1.0,ATTACK,0,0,0,0,20961065386,2903957670,16319682,5957995,4,4.0,0.041,0.0416666666666666,0.0005773502691892,0,20971520,0,4,0
0,1,1,0,4,4,1.0,50,0.0,83.0088425519114,0.0120469093322753,0.0113303661346435,0.0137166023254394,0.0144479656219482,0.0013689166226319,1.0,NORMAL,0,0,0,0,20961068998,2903969996,16319738,5958097,4,4.0,0.041,0.0413333333333333,0.0005773502691893,0,20971520,0,4,0
0,1,1,0,4,4,1.0,50,0.0,74.30148556770794,0.0134586811065673,0.0110206604003906,0.0191080570220947,0.023543357849121,0.0053165659202115,1.0,NORMAL,0,0,0,0,20961072283,2903980583,16319788,5958186,4,4.0,0.041,0.041,0.0,0,20971520,0,4,0
0,1,1,0,4,4,1.0,50,0.0,90.34736193623154,0.0110683917999267,0.0112073421478271,0.0117281436920166,0.0118855571746826,0.0006144797224163,1.0,NORMAL,0,0,0,0,20961075799,2903991923,16319841,5958280,4,4.0,0.011,0.0309999999999999,0.0173205080756887,0,20971520,0,4,0
0,1,1,0,4,4,1.0,50,0.0,98.8732938874614,0.0101139545440673,0.0102899074554443,0.0103174209594726,0.0103233432769775,0.0003226067157964,1.0,NORMAL,0,0,0,0,20961078931,2904002265,16319889,5958366,4,4.0,0.004,0.0186666666666666,0.0196553639837407,0,20971520,0,4,0
0,1,1,0,4,4,1.0,50,0.0,77.78263240077591,0.0128563404083251,0.0134694576263427,0.0148304939270019,0.0155863189697265,0.0019592106155813,1.0,NORMAL,0,0,0,0,20961082246,2904012541,16319937,5958450,4,4.0,0.004,0.0063333333333333,0.0040414518843274,0,20971520,0,4,0
0,1,1,0,4,4,1.0,50,0.0,58.17681473816783,0.0171889781951904,0.0132815837860107,0.0289585590362548,0.0377823829650878,0.0109381547955886,1.0,NORMAL,0,0,0,0,20961085378,2904022937,16319985,5958536,4,4.0,0.004,0.004,0.0,0,20971520,0,4,0
0,1,1,0,4,4,1.0,50,0.0,71.03451546252074,0.0140776634216308,0.0132999420166015,0.0191616058349609,0.0199496173858642,0.0042630878919495,1.0,NORMAL,0,0,0,0,20961088603,2904033496,16320034,5958624,4,4.0,0.005,0.0043333333333333,0.0005773502691898,0,20971520,0,4,0
0,1,1,0,4,4,1.0,50,0.0,60.12201275170864,0.0166328430175781,0.0135762691497802,0.0269813537597656,0.0343310356140136,0.0094625773259462,1.0,NORMAL,0,0,0,0,20961091795,2904043870,16320083,5958710,4,4.0,0.005,0.0046666666666666,0.0005773502691898,0,20971520,0,4,0
0,1,1,0,4,4,1.0,50,0.0,93.82306887017832,0.0106583595275878,0.0098133087158203,0.0126077651977539,0.0139714431762695,0.0017606483146078,1.0,NORMAL,0,0,0,0,20961095227,2904055360,16320136,5958805,4,4.0,0.004,0.0046666666666666,0.0005773502691898,0,20971520,0,4,0
0,1,1,0,4,4,1.0,50,0.0,65.8866404647232,0.015177583694458,0.016942024230957,0.019725227355957,0.0200205707550048,0.0045011368159884,1.0,NORMAL,0,0,0,0,20961098419,2904065792,16320185,5958891,4,4.0,0.004,0.0043333333333333,0.0005773502691898,0,20971520,0,4,0
0,1,1,0,4,4,1.0,50,0.0,72.43998314346706,0.0138045310974121,0.0102410316467285,0.0208061218261718,0.0237511444091796,0.0056814425988525,1.0,NORMAL,0,0,0,0,20961101551,2904075924,16320233,5958974,4,4.0,0.004,0.004,0.0,0,20971520,0,4,0
0,1,1,0,4,4,1.0,50,0.0,78.36480901597076,0.0127608299255371,0.0123300552368164,0.0157920837402343,0.0165588092803955,0.0025256401334583,1.0,NORMAL,0,0,0,0,20961104683,2904086050,16320281,5959057,4,4.0,0.004,0.004,0.0,0,20971520,0,4,0
0,1,1,0,4,4,1.0,50,0.0,21.724198298446268,0.0460316181182861,0.0357980728149414,0.0765360355377197,0.0830839729309082,0.0248567203907394,1.0,ATTACK,0,0,0,0,20961108704,2904097723,16320337,5959154,4,4.0,0.004,0.004,0.0,0,20971520,0,4,0
0,1,1,0,4,2,2.0,50,0.0,51.90880356033435,0.0192645549774169,0.0191130638122558,0.0260215282440185,0.0296759414672851,0.0061031151759388,1.0,ATTACK,0,0,0,0,20961112684,2904109001,16320389,5959242,4,4.0,0.024,0.0106666666666666,0.0115470053837925,0,20971520,0,4,0
0,1,1,0,4,2,2.0,50,0.0,67.87448822720285,0.014733076095581,0.0143971443176269,0.0202858924865722,0.0211482334136962,0.0047433045592956,1.0,ATTACK,0,0,0,0,20961115996,2904120999,16320440,5959334,4,4.0,0.024,0.0173333333333333,0.0115470053837925,0,20971520,0,4,0
0,1,1,0,2,2,1.0,50,0.0,65.66178335373701,0.0152295589447021,0.0133764743804931,0.0210277557373046,0.0225643825531005,0.0046875460832636,1.0,ATTACK,0,0,0,0,20961119308,2904132071,16320491,5959421,4,4.0,0.042,0.0299999999999999,0.0103923048454132,0,20971520,0,4,0
0,1,1,0,2,4,0.5,50,0.0,35.56544449343689,0.0281171798706054,0.0264122486114501,0.0370163440704345,0.0394554805755615,0.0075055633673615,1.0,ATTACK,0,0,0,0,20961165545,2904166036,16320655,5959617,4,4.0,0.04,0.0353333333333333,0.0098657657246324,0,10485760,1,3,0
0,1,1,0,4,4,1.0,50,0.0,44.589327402695154,0.0224268913269042,0.0188171863555908,0.0340896606445312,0.0405109977722168,0.0100555052427816,1.0,ATTACK,0,0,0,0,20961168557,2904176770,16320701,5959699,4,4.0,0.066,0.0493333333333333,0.0144683562761404,0,18874368,0,4,0
0,1,1,0,4,4,1.0,50,0.0,65.99632436242794,0.015152359008789,0.0146994590759277,0.0189798355102539,0.0209940242767333,0.003354882061128,1.0,ATTACK,0,0,0,0,20961171989,2904188862,16320754,5959793,4,4.0,0.066,0.0573333333333333,0.0150111069989302,0,18874368,0,4,0
0,1,1,0,4,4,1.0,50,0.0,47.51051181673191,0.0210479736328125,0.0195765495300292,0.0277876853942871,0.0323242664337158,0.0061094813074229,1.0,ATTACK,0,0,0,0,20961175481,2904200310,16320808,5959885,4,4.0,0.041,0.0576666666666666,0.0144337567297406,0,18874368,0,4,0
0,1,1,0,4,4,1.0,50,0.0,58.61159011193248,0.0170614719390869,0.0166249275207519,0.0202165603637695,0.0204632377624511,0.0027146073984509,1.0,ATTACK,0,0,0,0,20961179564,2904212853,16320865,5959984,4,4.0,0.041,0.0493333333333333,0.0144337567297406,0,18874368,0,4,0
0,1,1,0,4,4,1.0,50,0.0,30.68555366802598,0.0325886249542236,0.0352663993835449,0.0389568328857421,0.0396609020233154,0.0063073577334691,1.0,ATTACK,0,0,0,0,20961183606,2904225439,16320925,5960085,4,4.0,0.041,0.041,0.0,0,18874368,0,4,0
0,1,1,0,4,4,1.0,50,0.0,49.06330274800088,0.0203818321228027,0.0153496265411376,0.0323921680450439,0.0423074150085449,0.0115839871669517,1.0,ATTACK,0,0,0,0,20961186738,2904236479,16320973,5960170,4,4.0,0.042,0.0413333333333333,0.0005773502691893,0,18874368,0,4,0
0,1,1,0,4,4,1.0,50,0.0,58.58833849704006,0.0170682430267333,0.0186772346496582,0.0191666603088378,0.0193463039398193,0.0023724374976673,1.0,ATTACK,0,0,0,0,20961190170,2904248603,16321026,5960264,4,4.0,0.042,0.0416666666666666,0.0005773502691893,0,18874368,0,4,0
0,1,1,0,4,4,1.0,50,0.0,69.71312320078717,0.0143445014953613,0.015514850616455,0.0170641422271728,0.0173063564300537,0.0027851929972084,1.0,NORMAL,0,0,0,0,20961193986,2904261069,16321084,5960367,4,4.0,0.026,0.0366666666666666,0.0092376043070339,0,19922944,0,4,0
0,1,1,0,4,4,1.0,50,0.0,57.125517211321856,0.0175053119659423,0.0143346786499023,0.0277230262756347,0.0313775253295898,0.0083346704773376,1.0,NORMAL,0,0,0,0,20961197118,2904271459,16321132,5960453,4,4.0,0.026,0.0313333333333333,0.0092376043070339,0,19922944,0,4,0
0,1,1,0,4,4,1.0,50,0.0,48.59907165584062,0.020576524734497,0.0192830562591552,0.0296135425567626,0.0312792587280273,0.0076738983128683,1.0,NORMAL,0,0,0,0,20961200343,2904281974,16321181,5960540,4,4.0,0.026,0.026,0.0,0,18874368,0,4,0
0,1,1,0,4,4,1.0,50,0.0,92.64798526221853,0.0107935428619384,0.0106639862060546,0.0124632835388183,0.012957067489624,0.0014242682962518,1.0,NORMAL,0,0,0,0,20961203968,2904293625,16321236,5960636,4,4.0,0.004,0.0186666666666666,0.0127017059221717,0,19922944,0,4,0
0,1,1,0,4,4,1.0,50,0.0,87.83956305393134,0.0113843917846679,0.0103085041046142,0.0142888069152832,0.0158269786834716,0.0024531939232154,1.0,NORMAL,0,0,0,0,20961207220,2904304139,16321286,5960723,4,4.0,0.004,0.0113333333333333,0.0127017059221717,0,19922944,0,4,0
0,1,1,0,4,4,1.0,50,0.0,64.82354868523137,0.01542649269104,0.0111162662506103,0.0259975433349609,0.0332825088500976,0.0095003444724464,1.0,NORMAL,0,0,0,0,20961210292,2904314367,16321333,5960807,4,4.0,0.004,0.004,0.0,0,19922944,0,4,0
0,1,1,0,4,4,1.0,50,0.0,71.0872475941575,0.0140672206878662,0.0105364322662353,0.020779800415039,0.0209345531463623,0.005470946264139,1.0,NORMAL,0,0,0,0,20961213484,2904324859,16321382,5960893,4,4.0,0.004,0.004,0.0,0,19922944,0,4,0
0,1,1,0,4,4,1.0,50,0.0,59.240410500357335,0.0168803691864013,0.0142014026641845,0.0258898258209228,0.0313029956817626,0.0078638143515575,1.0,NORMAL,0,0,0,0,20961216616,2904335259,16321430,5960978,4,4.0,0.004,0.004,0.0,0,19922944,0,4,0
0,1,1,0,4,4,1.0,50,0.0,69.34957655843361,0.0144196987152099,0.0098488330841064,0.0237229824066162,0.0318454837799072,0.009166472670245,1.0,NORMAL,0,0,0,0,20961220586,2904347314,16321491,5961080,4,4.0,0.004,0.004,0.0,0,19922944,0,4,0
0,1,1,0,4,4,1.0,50,0.0,80.67086211937037,0.0123960494995117,0.0121407508850097,0.0151625156402587,0.0160278606414794,0.002417762959807,1.0,NORMAL,0,0,0,0,20961223778,2904357830,16321540,5961167,4,4.0,0.004,0.004,0.0,0,19922944,0,4,0
0,1,1,0,4,4,1.0,50,0.0,61.66570611966456,0.0162164688110351,0.0133512020111083,0.0247156620025634,0.0288891792297363,0.0071180739545159,1.0,NORMAL,0,0,0,0,20961226850,2904368220,16321587,5961253,4,4.0,0.004,0.004,0.0,0,19922944,0,4,0
0,1,1,0,4,3,1.3333333333333333,50,0.0,79.6466482091247,0.012555456161499,0.0124754905700683,0.0134437561035156,0.0135125923156738,0.0007678557721329,1.0,NORMAL,0,0,0,0,20961229922,2904378598,16321634,5961338,4,4.0,0.004,0.004,0.0,0,19922944,0,4,0
0,1,1,0,1,1,1.0,50,0.0,8.576053076890991,0.1166037559509277,0.1327283382415771,0.1636154174804687,0.1784463596343994,0.0447896121304644,1.0,ATTACK,0,0,0,0,20961290798,2904570306,16322545,5962946,1,1.0,0.001,0.001,0.0,0,5242880,0,1,0
0,1,1,0,1,1,1.0,50,0.0,7.572875974887462,0.1320502281188965,0.1329412460327148,0.1655735492706299,0.1834081363677978,0.0301490151006978,1.0,ATTACK,0,0,0,0,20961294323,2904582195,16322599,5963036,1,1.0,0.001,0.001,0.0,0,5242880,0,1,0
0,1,1,0,1,1,1.0,50,0.0,6.5793210331640255,0.1519913673400879,0.1635360717773437,0.2347047805786133,0.2607425498962402,0.0748893597897923,1.0,ATTACK,0,0,0,0,20961298139,2904595665,16322657,5963141,1,1.0,0.043,0.015,0.0242487113059642,0,5242880,0,1,0
0,1,1,0,1,2,0.5,50,0.0,6.963509141724202,0.1436057567596435,0.1341364383697509,0.219530439376831,0.2462782001495361,0.06457705607073,1.0,ATTACK,0,0,0,0,20961318320,2904614920,16322747,5963270,2,1.3333333333333333,0.07,0.038,0.0347706773014274,0,5242880,1,1,0
0,1,1,0,2,4,0.5,50,0.0,5.155722510952351,0.1939592361450195,0.1954686641693115,0.2656167030334472,0.2768100547790527,0.0627562173244676,1.0,ATTACK,0,0,0,0,20961322624,2904628030,16322804,5963370,4,2.333333333333333,0.087,0.0666666666666666,0.0221885856541901,0,9437184,2,2,0
0,1,1,0,2,4,0.5,50,0.0,7.081554209133496,0.1412119388580322,0.1604297161102295,0.1866723537445068,0.2001019382476806,0.0458485844241562,1.0,ATTACK,0,0,0,0,20961359284,2904652742,16322919,5963521,4,3.333333333333333,0.087,0.0813333333333333,0.0098149545762236,0,9437184,0,4,0
0,1,1,0,4,5,0.8,50,0.0,7.561487164972336,0.132249116897583,0.1146674156188964,0.1825364589691162,0.2177286720275879,0.0457423846853025,1.0,ATTACK,0,0,0,0,20961380310,2904671850,16323012,5963651,5,4.333333333333333,0.103,0.0923333333333333,0.0092376043070339,0,17825792,0,5,0
0,1,1,0,5,5,1.0,50,0.0,7.86752011380629,0.1271048545837402,0.1071743965148925,0.1986637592315674,0.2487766075134277,0.0654419792478474,1.0,ATTACK,0,0,0,0,20961384426,2904685342,16323075,5963759,5,4.666666666666667,0.089,0.093,0.0087177978870813,0,23068672,0,5,0
0,1,1,0,5,5,1.0,50,0.0,7.091623766072506,0.1410114288330078,0.1272554397583007,0.1931421279907226,0.2034854125976562,0.0434915362147238,1.0,ATTACK,0,0,0,0,20961387798,2904697160,16323127,5963851,5,5.0,0.072,0.088,0.01552417469626,0,23068672,0,5,0
0,1,1,0,5,5,1.0,50,0.0,5.890709280438954,0.1697588443756103,0.1571207046508789,0.2066016674041748,0.2224041271209716,0.0307703008033241,1.0,ATTACK,0,0,0,0,20961391410,2904710180,16323183,5963952,5,5.0,0.075,0.0786666666666666,0.0090737717258774,0,24117248,0,5,0
0,1,1,0,5,5,1.0,50,0.0,68.15440712888277,0.014672565460205,0.0141518115997314,0.0184494495391845,0.0196395778656005,0.0031888604597063,1.0,NORMAL,0,0,0,0,20961395679,2904724451,16323248,5964063,5,5.0,0.061,0.0693333333333333,0.0073711147958319,0,24117248,0,5,0
0,1,1,0,5,5,1.0,50,0.0,78.67555532212623,0.012710428237915,0.0115206241607666,0.0161040306091308,0.0184941577911376,0.0030929933251674,1.0,NORMAL,0,0,0,0,20961399255,2904735609,16323302,5964156,5,5.0,0.061,0.0656666666666666,0.0080829037686547,0,24117248,0,5,0
0,1,1,0,5,5,1.0,50,0.0,67.07173308856217,0.0149094104766845,0.0124545097351074,0.0221873760223388,0.0251130008697509,0.005959476283363,1.0,NORMAL,0,0,0,0,20961402387,2904745865,16323350,5964241,5,5.0,0.005,0.0423333333333333,0.032331615074619,0,24117248,0,5,0
0,1,1,0,5,5,1.0,50,0.0,63.04114662241781,0.0158626556396484,0.014333963394165,0.023725414276123,0.0288251304626464,0.0070809804667272,1.0,NORMAL,0,0,0,0,20961405895,2904756279,16323398,5964327,5,5.0,0.005,0.0236666666666666,0.032331615074619,0,24117248,0,5,0
0,1,1,0,5,5,1.0,50,0.0,97.57599162498546,0.0102484226226806,0.0099742412567138,0.01198410987854,0.0130565643310546,0.0015717507464729,1.0,NORMAL,0,0,0,0,20961409755,2904766735,16323448,5964414,5,5.0,0.005,0.005,0.0,0,24117248,0,5,0
0,1,1,0,5,5,1.0,50,0.0,57.82997509934067,0.0172920703887939,0.0133533477783203,0.0265113830566406,0.0333012771606445,0.0084734850381338,1.0,NORMAL,0,0,0,0,20961413067,2904778079,16323499,5964507,5,5.0,0.005,0.005,0.0,0,24117248,0,5,0
0,1,1,0,5,5,1.0,50,0.0,8.797723245449175,0.113665771484375,0.0887742042541503,0.1597567558288574,0.1644288635253906,0.0370756882418923,1.0,ATTACK,0,0,0,0,20961416775,2904788856,16323553,5964599,5,5.0,0.006,0.0053333333333333,0.0005773502691911,0,24117248,0,5,0
0,1,1,0,5,5,1.0,50,0.0,6.437855407099608,0.1553312301635742,0.1517171859741211,0.1799705505371093,0.1959974575042724,0.0223768645529122,1.0,ATTACK,0,0,0,0,20961420669,2904802042,16323612,5964700,5,5.0,0.045,0.0186666666666666,0.0228108161479008,0,24117248,0,5,0
0,1,1,0,5,5,1.0,50,0.0,6.5028251285431935,0.1537793159484863,0.1495592594146728,0.2343782424926758,0.2714820766448974,0.0704087177969333,1.0,ATTACK,0,0,0,0,20961424101,2904814856,16323665,5964798,5,5.0,0.045,0.032,0.0225166604983954,0,24117248,0,5,0
0,1,1,0,5,5,1.0,50,0.0,6.311667853968764,0.1584367275238037,0.1750807762145996,0.1937655925750732,0.2003452014923095,0.0399186786772018,1.0,ATTACK,0,0,0,0,20961427917,2904828096,16323723,5964901,5,5.0,0.045,0.045,0.0,0,24117248,0,5,0
0,1,1,0,5,5,1.0,50,0.0,6.896920059407217,0.1449922561645507,0.1450872421264648,0.1609543323516845,0.1645896053314209,0.015966091945939,1.0,ATTACK,0,0,0,0,20961431562,2904840783,16323779,5964997,5,5.0,0.074,0.0546666666666666,0.0167431578064991,0,24117248,0,5,0
0,1,1,0,5,5,1.0,50,0.0,7.649406110619101,0.1307291030883789,0.1466872692108154,0.1664622783660888,0.1699486351013183,0.0380873496637912,1.0,ATTACK,0,0,0,0,20961436255,2904853460,16323840,5965095,5,5.0,0.074,0.0643333333333333,0.0167431578064991,0,24117248,0,5,0
0,1,1,0,5,5,1.0,50,0.0,5.900622376284425,0.169473648071289,0.1732985973358154,0.1984669208526611,0.2128805541992187,0.0301458062290876,1.0,ATTACK,0,0,0,0,20961439927,2904866548,16323897,5965195,5,5.0,0.074,0.074,0.0,0,24117248,0,5,0
0,1,1,0,5,5,1.0,50,0.0,4.377878972214487,0.2284211158752441,0.1991162300109863,0.3489872932434082,0.3978612613677978,0.1008638300498161,1.0,ATTACK,0,0,0,0,20961443983,2904880344,16323959,5965301,5,5.0,0.074,0.074,0.0,0,24117248,0,5,0
0,1,1,0,5,5,1.0,50,0.0,6.299899124807067,0.1587327003479003,0.1371147632598877,0.2250254154205322,0.2583028316497803,0.0566992958256841,1.0,ATTACK,0,0,0,0,20961447799,2904893352,16324017,5965401,5,5.0,0.073,0.0736666666666666,0.0005773502691904,0,24117248,0,5,0
0,1,1,0,5,5,1.0,50,0.0,7.899564896230143,0.1265892505645752,0.1188890933990478,0.1557260036468506,0.176268892288208,0.0266732586565382,1.0,ATTACK,0,0,0,0,20961451624,2904906481,16324076,5965502,5,5.0,0.073,0.0733333333333333,0.0005773502691904,0,24117248,0,5,0
0,1,1,0,5,5,1.0,50,0.0,92.00940647923906,0.0108684539794921,0.0098140239715576,0.0127200603485107,0.0128447723388671,0.0014908497156625,1.0,NORMAL,0,0,0,0,20961455800,2904920413,16324140,5965612,5,5.0,0.073,0.073,0.0,0,24117248,0,5,0
0,1,1,0,5,5,1.0,50,0.0,84.48116532857448,0.0118369579315185,0.0113201141357421,0.0131636142730712,0.013433723449707,0.0010635765366492,1.0,NORMAL,0,0,0,0,20961458932,2904930681,16324188,5965698,5,5.0,0.073,0.073,0.0,0,24117248,0,5,0
0,1,1,0,5,5,1.0,50,0.0,76.32529616217495,0.0131018161773681,0.0110602378845214,0.0173597335815429,0.0191673278808593,0.0034876517654129,1.0,NORMAL,0,0,0,0,20961462448,2904942159,16324241,5965792,5,5.0,0.013,0.053,0.0346410161513775,0,24117248,0,5,0
0,1,1,0,5,5,1.0,50,0.0,72.24931614450193,0.0138409614562988,0.0144948959350585,0.0154549598693847,0.0157882404327392,0.0022083128696567,1.0,NORMAL,0,0,0,0,20961465580,2904952607,16324289,5965878,5,5.0,0.013,0.033,0.0346410161513775,0,24117248,0,5,0
0,1,1,0,5,5,1.0,50,0.0,84.56155772309206,0.0118257045745849,0.0098073482513427,0.0156396865844726,0.0171739959716796,0.003082723693391,1.0,NORMAL,0,0,0,0,20961468865,2904962968,16324339,5965965,5,5.0,0.005,0.0103333333333333,0.004618802153517,0,24117248,0,5,0
0,1,1,0,5,5,1.0,50,0.0,71.60863611996052,0.0139647960662841,0.0131785869598388,0.0193684101104736,0.0227389812469482,0.0048620969595012,1.0,NORMAL,0,0,0,0,20961471997,2904973380,16324387,5966051,5,5.0,0.005,0.0076666666666666,0.004618802153517,0,24117248,0,5,0
0,1,1,0,5,5,1.0,50,0.0,6.93438208949499,0.1442089557647705,0.1248605251312255,0.1903931140899658,0.2078863525390624,0.037368514366112,1.0,ATTACK,0,0,0,0,20961475369,2904984934,16324439,5966146,5,5.0,0.005,0.005,0.0,0,24117248,0,5,0
0,1,1,0,5,5,1.0,50,0.0,6.646425642124319,0.1504568099975586,0.150803804397583,0.1881148338317871,0.1947532367706299,0.0326726931834703,1.0,ATTACK,0,0,0,0,20961478981,2904997946,16324495,5966245,5,5.0,0.005,0.005,0.0,0,24117248,0,5,0
0,1,1,0,5,5,1.0,50,0.0,8.780664677866751,0.1138865947723388,0.1127076148986816,0.1495496273040771,0.1705696487426757,0.0323014376138507,1.0,ATTACK,0,0,0,0,20961482857,2905011084,16324554,5966347,5,5.0,0.052,0.0206666666666666,0.0271354626519124,0,24117248,0,5,0
0,1,1,0,5,5,1.0,50,0.0,6.754680506155268,0.1480454921722412,0.1124477386474609,0.268704080581665,0.29052490234375,0.0985448505916698,1.0,ATTACK,0,0,0,0,20961486382,2905023371,16324608,5966443,5,5.0,0.074,0.0436666666666666,0.0352467492590924,0,24117248,0,5,0
0,1,1,0,5,5,1.0,50,0.0,7.7482407004759075,0.1290615558624267,0.1221930980682373,0.1717286109924316,0.1843955039978027,0.0354508271037519,1.0,ATTACK,0,0,0,0,20961490198,2905036573,16324666,5966545,5,5.0,0.075,0.067,0.013,0,24117248,0,5,0
0,1,1,0,5,5,1.0,50,0.0,4.939809125665336,0.2024369716644287,0.2366065979003906,0.2414556503295898,0.2419199085235595,0.0487602616936245,1.0,ATTACK,0,0,0,0,20961493954,2905049539,16324723,5966645,5,5.0,0.075,0.0746666666666666,0.0005773502691908,0,24117248,0,5,0
0,1,1,0,5,5,1.0,50,0.0,9.486752757495552,0.1054101467132568,0.1029179096221923,0.1436347484588623,0.1476651859283447,0.033681601250573,1.0,ATTACK,0,0,0,0,20961497566,2905062745,16324779,5966747,5,5.0,0.073,0.0743333333333333,0.0011547005383798,0,24117248,0,5,0
0,1,1,0,5,5,1.0,50,0.0,5.97651686939849,0.1673215389251709,0.1702110767364502,0.1978727340698242,0.2085770225524902,0.0271432696774825,1.0,ATTACK,0,0,0,0,20961502118,2905076461,16324843,5966854,5,5.0,0.073,0.0736666666666666,0.0011547005383798,0,24117248,0,5,0
0,1,1,0,5,5,1.0,50,0.0,5.711990033476862,0.1750703334808349,0.1660220623016357,0.2143294334411621,0.2226621341705322,0.032408043949633,1.0,ATTACK,0,0,0,0,20961506551,2905089446,16324902,5966955,5,5.0,0.076,0.074,0.0017320508075692,0,24117248,0,5,0
0,1,1,0,5,5,1.0,50,0.0,5.788681780554475,0.1727509021759033,0.1651062965393066,0.2075727462768554,0.2173116970062255,0.0286085157923855,1.0,ATTACK,0,0,0,0,20961510607,2905103602,16324964,5967064,5,5.0,0.073,0.074,0.0017320508075692,0,24117248,0,5,0
0,1,1,0,5,5,1.0,50,0.0,78.58740294390982,0.0127246856689453,0.0113759040832519,0.0157312393188476,0.0158386135101318,0.0024857594572083,1.0,NORMAL,0,0,0,0,20961514981,2905117784,16325031,5967178,5,5.0,0.075,0.0746666666666666,0.0015275252316524,0,24117248,0,5,0
0,1,1,0,5,5,1.0,50,0.0,87.07801159295121,0.0114839553833007,0.0110867023468017,0.0127406597137451,0.0136583614349365,0.0011583364168799,1.0,NORMAL,0,0,0,0,20961518113,2905128294,16325079,5967266,5,5.0,0.017,0.055,0.0329241552663086,0,24117248,0,5,0
0,1,1,0,5,5,1.0,50,0.0,66.54562185660569,0.0150272846221923,0.0130014419555664,0.0209156990051269,0.0242045593261718,0.0050497535040486,1.0,NORMAL,0,0,0,0,20961521425,2905139428,16325130,5967357,5,5.0,0.017,0.0363333333333333,0.0334863156129983,0,24117248,0,5,0
0,1,1,0,5,5,1.0,50,0.0,90.2847401003952,0.0110760688781738,0.0110878944396972,0.0114311695098876,0.0116060924530029,0.0003168749786931,1.0,NORMAL,0,0,0,0,20961524650,2905149825,16325179,5967443,5,5.0,0.005,0.013,0.0069282032302758,0,24117248,0,5,0
0,1,1,0,5,5,1.0,50,0.0,76.68364529894215,0.0130405902862548,0.0113158226013183,0.0162647724151611,0.0178847408294677,0.0026784684924951,1.0,NORMAL,0,0,0,0,20961528557,2905160634,16325233,5967534,5,5.0,0.005,0.009,0.0069282032302758,0,24117248,0,5,0
0,1,1,0,5,5,1.0,50,0.0,99.55386769836936,0.0100448131561279,0.01009202003479,0.0106434345245361,0.0108385276794433,0.0005279514443256,1.0,NORMAL,0,0,0,0,20961531629,2905170824,16325280,5967617,5,5.0,0.005,0.005,0.0,0,24117248,0,5,0
0,1,1,0,1,1,1.0,50,0.0,6.230720185773121,0.1604950904846191,0.1199231147766113,0.2653292655944824,0.3266317749023437,0.0903282342643916,1.0,ATTACK,0,0,0,0,20961592626,2905368949,16326207,5969271,1,1.0,0.001,0.001,0.0,0,5242880,0,1,0
0,1,1,0,1,1,1.0,50,0.0,6.0462061580917865,0.1653929710388183,0.166661262512207,0.1951271533966064,0.2087489986419677,0.0265760233502542,1.0,ATTACK,0,0,0,0,20961597179,2905382374,16326268,5969375,1,1.0,0.048,0.0245,0.0332340187157677,0,5242880,0,1,0
0,1,1,0,1,2,0.5,50,0.0,8.257810881879731,0.1210974693298339,0.1376712322235107,0.1417612075805664,0.1435770416259765,0.0233247117999278,1.0,ATTACK,0,0,0,0,20961617691,2905400467,16326353,5969496,2,1.3333333333333333,0.048,0.0323333333333333,0.0271354626519124,0,5242880,0,2,0
0,1,1,0,2,4,0.5,50,0.0,5.569333441330382,0.1795547008514404,0.1379737854003906,0.2591490745544433,0.2770112991333008,0.0634155178415699,1.0,ATTACK,0,0,0,0,20961654410,2905425523,16326469,5969650,4,2.333333333333333,0.07,0.0553333333333333,0.0127017059221717,0,5242880,0,4,0
0,1,1,0,4,5,0.8,50,0.0,8.067862075333059,0.1239485740661621,0.1176939010620117,0.1800106048583984,0.2135838794708252,0.0504578254262633,1.0,ATTACK,0,0,0,0,20961687775,2905454431,16326612,5969830,5,3.6666666666666665,0.071,0.063,0.013,0,9437184,1,4,0
0,1,1,0,5,5,1.0,50,0.0,6.478379935468027,0.1543595790863037,0.1693940162658691,0.1971663951873779,0.2123003196716308,0.0408526202449924,1.0,ATTACK,0,0,0,0,20961691507,2905467551,16326670,5969931,5,4.666666666666667,0.073,0.0713333333333333,0.0015275252316518,0,20971520,0,5,0
0,1,1,0,5,5,1.0,50,0.0,5.157878167794743,0.193878173828125,0.1833124160766601,0.2398705959320068,0.2469350624084472,0.0393450175184053,1.0,ATTACK,0,0,0,0,20961695683,2905481089,16326734,5970038,5,5.0,0.073,0.0723333333333333,0.0011547005383791,0,25165824,0,5,0
0,1,1,0,5,5,1.0,50,0.0,6.476493299461597,0.1544045448303222,0.1120402812957763,0.2587992191314697,0.3152853393554687,0.0882744121624155,1.0,ATTACK,0,0,0,0,20961699619,2905494191,16326794,5970139,5,5.0,0.073,0.073,0.0,0,25165824,0,5,0
0,1,1,0,5,5,1.0,50,0.0,6.243744426961374,0.1601603031158447,0.1490325927734375,0.2008050918579101,0.2298661613464355,0.0374048292489457,1.0,ATTACK,0,0,0,0,20961703942,2905507510,16326855,5970242,5,5.0,0.074,0.0733333333333333,0.0005773502691893,0,25165824,0,5,0
0,1,1,0,5,5,1.0,50,0.0,6.949711858059855,0.1438908576965332,0.1483945846557617,0.1900984764099121,0.1923371982574463,0.0422880484688964,1.0,ATTACK,0,0,0,0,20961707924,2905519724,16326914,5970338,5,5.0,0.075,0.074,0.0009999999999998,0,25165824,0,5,0
0,1,1,0,5,5,1.0,50,0.0,56.23627714403703,0.0177821159362792,0.011437177658081,0.0286323547363281,0.0309101295471191,0.0085867962778237,1.0,NORMAL,0,0,0,0,20961712100,2905534642,16326978,5970454,5,5.0,0.074,0.0743333333333333,0.0005773502691893,0,25165824,0,5,0
0,1,1,0,5,5,1.0,50,0.0,65.15646359953273,0.015347671508789,0.0151941776275634,0.0217391014099121,0.0255069828033447,0.0058051094293094,1.0,NORMAL,0,0,0,0,20961715232,2905544854,16327026,5970538,5,5.0,0.037,0.062,0.0216564078277077,0,25165824,0,5,0
0,1,1,0,5,5,1.0,50,0.0,92.72704762915409,0.0107843399047851,0.0112445354461669,0.0117270946502685,0.0119270801544189,0.0009427645168441,1.0,NORMAL,0,0,0,0,20961718364,2905555122,16327074,5970624,5,5.0,0.037,0.0493333333333333,0.0213619599600161,0,25165824,0,5,0
0,1,1,0,5,5,1.0,50,0.0,69.93024155362598,0.0142999649047851,0.0110118389129638,0.0205784797668457,0.0244030094146728,0.0054267404320501,1.0,NORMAL,0,0,0,0,20961721679,2905565344,16327122,5970708,5,5.0,0.005,0.0263333333333333,0.018475208614068,0,25165824,0,5,0
0,1,1,0,5,5,1.0,50,0.0,59.00406555532109,0.0169479846954345,0.0123896598815917,0.0256962299346923,0.0290443134307861,0.0070537908316496,1.0,NORMAL,0,0,0,0,20961725397,2905576362,16327178,5970802,5,5.0,0.005,0.0156666666666666,0.018475208614068,0,25165824,0,5,0
0,1,1,0,5,5,1.0,50,0.0,99.90529454919634,0.010009479522705,0.0100255012512207,0.0107266902923583,0.0108940601348876,0.0006371594994831,1.0,NORMAL,0,0,0,0,20961728769,2905587754,16327230,5970896,5,5.0,0.005,0.005,0.0,0,25165824,0,5,0
0,1,1,0,5,5,1.0,50,0.0,88.44861326675215,0.0113059997558593,0.011197805404663,0.0120574474334716,0.0124514961242675,0.0006605819715667,1.0,NORMAL,0,0,0,0,20961731841,2905598106,16327277,5970981,5,5.0,0.005,0.005,0.0,0,25165824,0,5,0
0,1,1,0,5,5,1.0,50,0.0,77.13889512151162,0.0129636287689208,0.0102193355560302,0.0175734519958496,0.0180141067504882,0.0036886880350992,1.0,NORMAL,0,0,0,0,20961735033,2905608416,16327326,5971066,5,5.0,0.005,0.005,0.0,0,25165824,0,5,0
0,1,1,0,5,5,1.0,50,0.0,94.19136933635156,0.0106166839599609,0.0103020668029785,0.0113873481750488,0.0115697383880615,0.000625081656667,1.0,NORMAL,0,0,0,0,20961738105,2905618644,16327373,5971150,5,5.0,0.005,0.005,0.0,0,25165824,0,5,0
0,1,1,0,5,5,1.0,50,0.0,96.08987899142724,0.0104069232940673,0.0101978778839111,0.0110639095306396,0.0115118598937988,0.0005995936585769,1.0,NORMAL,0,0,0,0,20961741802,2905629502,16327430,5971243,5,5.0,0.005,0.005,0.0,0,25165824,0,5,0
0,1,1,0,5,5,1.0,50,0.0,68.71830159806804,0.0145521640777587,0.0125045776367187,0.0195549488067626,0.0215920543670654,0.004071218353064,1.0,NORMAL,0,0,0,0,20961745267,2905640941,16327483,5971339,5,5.0,0.005,0.005,0.0,0,25165824,0,5,0
0,1,1,0,5,3,1.6666666666666667,50,0.0,53.07807758404685,0.0188401699066162,0.0164871215820312,0.0266193866729736,0.0300447177886962,0.0064543433186552,1.0,NORMAL,0,0,0,0,20961748339,2905651207,16327530,5971424,5,5.0,0.005,0.005,0.0,0,25165824,0,5,0
0,1,1,0,5,3,1.6666666666666667,50,0.0,9.573662785893726,0.1044532299041748,0.0906994342803955,0.1602234840393066,0.1686808109283447,0.0483127031418943,1.0,ATTACK,0,0,0,0,20961752035,2905663035,16327586,5971522,5,5.0,0.005,0.005,0.0,0,25165824,0,5,0
0,1,1,0,3,2,1.5,50,0.0,7.985168538812455,0.1252321720123291,0.1402134895324707,0.1597254753112792,0.1626258659362792,0.034501068486164,1.0,ATTACK,0,0,0,0,20961755227,2905674519,16327635,5971609,5,5.0,0.005,0.005,0.0,0,25165824,0,5,0
0,1,1,0,2,4,0.5,50,0.0,5.2419351411908,0.1907692432403564,0.1610033512115478,0.2538837432861328,0.2712791347503662,0.0507477557495414,1.0,ATTACK,0,0,0,0,20961792449,2905700573,16327758,5971771,5,5.0,0.049,0.0196666666666666,0.0254034118443435,0,15728640,1,4,0
0,1,1,0,4,5,0.8,50,0.0,7.102907815206369,0.1407874107360839,0.1394336223602295,0.1700672626495361,0.185831184387207,0.0262880803012119,1.0,ATTACK,0,0,0,0,20961812422,2905718775,16327844,5971893,5,5.0,0.069,0.041,0.0327414110874898,0,10485760,1,4,0
0,1,1,0,5,5,1.0,50,0.0,8.466827943271117,0.1181079864501953,0.1144800186157226,0.1511423587799072,0.1673089981079101,0.0285682623812818,1.0,ATTACK,0,0,0,0,20961817402,2905732475,16327906,5972000,5,5.0,0.086,0.068,0.0185202591774521,0,18874368,0,5,0
0,1,1,0,5,5,1.0,50,0.0,6.432955942200231,0.1554495334625244,0.1659741401672363,0.1867575168609619,0.1883701038360595,0.0332795430157294,1.0,ATTACK,0,0,0,0,20961822042,2905745901,16327969,5972106,5,5.0,0.087,0.0806666666666666,0.0101159939369957,0,24117248,0,5,0
0,1,1,0,5,5,1.0,50,0.0,6.627639012316339,0.1508832931518554,0.1217927932739257,0.2079459190368652,0.2228649234771728,0.0453085614995518,1.0,ATTACK,0,0,0,0,20961825858,2905758397,16328027,5972206,5,5.0,0.087,0.0866666666666666,0.0005773502691899,0,24117248,0,5,0
0,1,1,0,5,5,1.0,50,0.0,5.930953657637112,0.168606948852539,0.1854369640350341,0.2006589412689209,0.2067675971984863,0.042651790357108,1.0,ATTACK,0,0,0,0,20961829623,2905771558,16328085,5972308,5,5.0,0.074,0.0826666666666666,0.0075055534994651,0,24117248,0,5,0
0,1,1,0,5,5,1.0,50,0.0,7.169319042683243,0.1394832611083984,0.146615982055664,0.1723876953125,0.1749994373321533,0.0307834157997645,1.0,ATTACK,0,0,0,0,20961833637,2905785046,16328146,5972413,5,5.0,0.074,0.0783333333333333,0.0075055534994651,0,24117248,0,5,0
0,1,1,0,5,5,1.0,50,0.0,7.359881969666288,0.1358717441558838,0.1518535614013672,0.1791020393371582,0.1855813121795654,0.0422770785361117,1.0,ATTACK,0,0,0,0,20961837309,2905798404,16328203,5972517,5,5.0,0.074,0.074,0.0,0,24117248,0,5,0
0,1,1,0,5,5,1.0,50,0.0,66.91422390550368,0.0149445056915283,0.0171058177947998,0.0178069591522216,0.0179308128356933,0.0032886875259965,1.0,NORMAL,0,0,0,0,20961841305,2905812206,16328264,5972624,5,5.0,0.074,0.074,0.0,0,24117248,0,5,0
0,1,1,0,5,5,1.0,50,0.0,79.43847846755834,0.012588357925415,0.0106658935546875,0.0161919593811035,0.0163009643554687,0.0029464764631423,1.0,NORMAL,0,0,0,0,20961844497,2905822644,16328313,5972710,5,5.0,0.074,0.074,0.0,0,24117248,0,5,0
0,1,1,0,5,5,1.0,50,0.0,59.95374433596821,0.0166795253753662,0.0140817165374755,0.0270874977111816,0.034432201385498,0.0095396614115893,1.0,NORMAL,0,0,0,0,20961848955,2905834250,16328371,5972807,5,5.0,0.052,0.0666666666666666,0.0127017059221718,0,24117248,0,5,0
0,1,1,0,5,5,1.0,50,0.0,93.30254616962304,0.0107178211212158,0.0107998847961425,0.0114835739135742,0.0117214107513427,0.0007199124129608,1.0,NORMAL,0,0,0,0,20961852471,2905845632,16328424,5972900,5,5.0,0.005,0.0436666666666666,0.0352467492590924,0,24117248,0,5,0
0,1,1,0,5,5,1.0,50,0.0,76.40371170527865,0.0130883693695068,0.013282299041748,0.0176752567291259,0.0199286556243896,0.0041095460405302,1.0,NORMAL,0,0,0,0,20961855663,2905856044,16328473,5972986,5,5.0,0.005,0.0206666666666666,0.0271354626519124,0,24117248,0,5,0
0,1,1,0,5,5,1.0,50,0.0,81.86307957748129,0.012215518951416,0.0118296146392822,0.0139339447021484,0.014486436843872,0.0014168988775951,1.0,NORMAL,0,0,0,0,20961858795,2905866412,16328521,5973071,5,5.0,0.005,0.005,0.0,0,24117248,0,5,0
0,1,1,0,5,5,1.0,50,0.0,52.2212206479245,0.0191493034362792,0.0136146545410156,0.0306976795196533,0.0341359710693359,0.0092147559704406,1.0,NORMAL,0,0,0,0,20961861927,2905876760,16328569,5973157,5,5.0,0.005,0.005,0.0,0,24117248,0,5,0
0,1,1,0,5,5,1.0,50,0.0,85.8847908527246,0.0116435050964355,0.0097088813781738,0.015167760848999,0.0155374336242675,0.0028356926748387,1.0,NORMAL,0,0,0,0,20961865059,2905887134,16328617,5973243,5,5.0,0.005,0.005,0.0,0,24117248,0,5,0
0,1,1,0,5,5,1.0,50,0.0,79.65632893362454,0.0125539302825927,0.0124359130859375,0.0138193607330322,0.0138331794738769,0.001131057156278,1.0,NORMAL,0,0,0,0,20961868644,2905898681,16328672,5973340,5,5.0,0.005,0.005,0.0,0,24117248,0,5,0
0,1,1,0,5,5,1.0,50,0.0,63.614446136392594,0.0157196998596191,0.0162389278411865,0.0218331813812255,0.025026512145996,0.0055576567970384,1.0,NORMAL,0,0,0,0,20961871776,2905909033,16328720,5973425,5,5.0,0.005,0.005,0.0,0,24117248,0,5,0
0,1,1,0,5,5,1.0,50,0.0,61.62348633773805,0.0162275791168212,0.0136017799377441,0.0255904674530029,0.0301821517944335,0.0078872703210389,1.0,NORMAL,0,0,0,0,20961874968,2905919455,16328769,5973511,5,5.0,0.005,0.005,0.0,0,24117248,0,5,0
0,1,1,0,5,5,1.0,50,0.0,87.99325308079939,0.0113645076751708,0.010939598083496,0.0127076148986816,0.0129591846466064,0.0010940410518,1.0,NORMAL,0,0,0,0,20961878220,2905929985,16328819,5973598,5,5.0,0.005,0.005,0.0,0,24117248,0,5,0
0,1,1,0,5,5,1.0,50,0.0,9.994962370288183,0.100050401687622,0.0763962268829345,0.1634200096130371,0.1832543659210205,0.0515493069687943,1.0,ATTACK,0,0,0,0,20961881532,2905941441,16328870,5973691,5,5.0,0.005,0.005,0.0,0,24117248,0,5,0
0,1,1,0,5,2,2.5,50,0.0,5.218218698431214,0.1916362762451172,0.1693363189697265,0.2721582412719727,0.3103480911254883,0.0688359628346769,1.0,ATTACK,0,0,0,0,20961885621,2905954484,16328932,5973792,5,5.0,0.02,0.0099999999999999,0.0086602540378446,0,24117248,0,5,0
0,1,1,0,2,4,0.5,50,0.0,5.9850228310502285,0.167083740234375,0.1288135051727295,0.2329898357391357,0.2357730674743652,0.0534387113580415,1.0,ATTACK,0,0,0,0,20961889113,2905967310,16328986,5973890,7,5.666666666666667,0.074,0.033,0.0362904946232481,0,24117248,2,5,0
0,1,1,0,4,5,0.8,50,0.0,7.015352707505749,0.1425445079803466,0.1425831317901611,0.1640868186950683,0.1652996063232422,0.0213455812504441,1.0,ATTACK,0,0,0,0,20961926036,2905992192,16329104,5974042,7,6.333333333333333,0.071,0.055,0.030347981810987,0,24117248,0,7,0
0,1,1,0,4,5,0.8,50,0.0,7.25967358414605,0.1377472400665283,0.1345531940460205,0.1873121261596679,0.2147989749908447,0.0447414773591118,1.0,ATTACK,0,0,0,0,20961946788,2906011493,16329193,5974173,5,6.333333333333333,0.071,0.072,0.001732050807569,0,18874368,0,5,0
0,1,1,0,5,5,1.0,50,0.0,6.679595966287844,0.1497096538543701,0.167252779006958,0.1794038295745849,0.1843049335479736,0.0318471630287835,1.0,ATTACK,0,0,0,0,20961950760,2906024977,16329255,5974280,5,5.666666666666667,0.071,0.071,0.0,0,18874368,0,5,0
0,1,1,0,5,5,1.0,50,0.0,6.162864745649648,0.1622622013092041,0.1488542556762695,0.1945433616638183,0.2023037433624267,0.0260639982483146,1.0,ATTACK,0,0,0,0,20961954909,2906038354,16329318,5974386,5,5.0,0.075,0.0723333333333333,0.0023094010767586,0,24117248,0,5,0
0,1,1,0,5,5,1.0,50,0.0,6.474239980242188,0.1544582843780517,0.1427130699157714,0.2190746784210205,0.2626258563995361,0.0603168845088003,1.0,ATTACK,0,0,0,0,20961958101,2906049810,16329367,5974472,5,5.0,0.074,0.0733333333333333,0.0020816659994662,0,24117248,0,5,0
0,1,1,0,5,5,1.0,50,0.0,5.448212222231459,0.1835464477539062,0.130321979522705,0.2783589363098144,0.2807454586029053,0.0771801506199319,1.0,ATTACK,0,0,0,0,20961962593,2906063942,16329430,5974580,5,5.0,0.074,0.0743333333333333,0.0005773502691901,0,25165824,0,5,0
0,1,1,0,5,5,1.0,50,0.0,8.618147179230498,0.1160342216491699,0.1045958995819091,0.1486274719238281,0.1563906860351562,0.026303316736515,1.0,ATTACK,0,0,0,0,20961966753,2906076272,16329485,5974676,5,5.0,0.074,0.074,0.0,0,25165824,0,5,0
0,1,1,0,5,5,1.0,50,0.0,77.10911417351787,0.012968635559082,0.0117034912109375,0.0176677227020263,0.020737714767456,0.0042028304549536,1.0,NORMAL,0,0,0,0,20961971526,2906091929,16329557,5974801,5,5.0,0.074,0.074,0.0,0,25165824,0,5,0
0,1,1,0,5,5,1.0,50,0.0,84.90906440798743,0.0117773056030273,0.0115213394165039,0.0137486457824707,0.0141297340393066,0.0016577709532435,1.0,NORMAL,0,0,0,0,20961974658,2906102373,16329605,5974888,5,5.0,0.074,0.074,0.0,0,25165824,0,5,0
0,1,1,0,5,5,1.0,50,0.0,70.94824232295518,0.0140947818756103,0.0110599994659423,0.0208094120025634,0.0243460655212402,0.005635429114905,1.0,NORMAL,0,0,0,0,20961977928,2906112737,16329655,5974974,5,5.0,0.026,0.058,0.027712812921102,0,25165824,0,5,0
0,1,1,0,5,5,1.0,50,0.0,54.866232373178455,0.018226146697998,0.0160510540008544,0.0265284538269043,0.0294375991821289,0.0068183313324471,1.0,NORMAL,0,0,0,0,20961981120,2906123219,16329704,5975061,5,5.0,0.005,0.035,0.0353694783676548,0,25165824,0,5,0
0,1,1,0,5,5,1.0,50,0.0,84.38292667224619,0.0118507385253906,0.0123236179351806,0.0133521080017089,0.0135330390930175,0.0014727277594279,1.0,NORMAL,0,0,0,0,20961984192,2906133581,16329751,5975146,5,5.0,0.005,0.012,0.0121243556529822,0,25165824,0,5,0
0,1,1,0,5,5,1.0,50,0.0,97.678248719143,0.010237693786621,0.0104613304138183,0.010910415649414,0.0110126399993896,0.0007411928779315,1.0,NORMAL,0,0,0,0,20961987624,2906144991,16329804,5975241,5,5.0,0.005,0.005,0.0,0,25165824,0,5,0
0,1,1,0,5,5,1.0,50,0.0,63.87699467882587,0.0156550884246826,0.0120925903320312,0.0251142024993896,0.0314747714996337,0.0084516468393186,1.0,NORMAL,0,0,0,0,20961991560,2906155973,16329858,5975333,5,5.0,0.005,0.005,0.0,0,25165824,0,5,0
0,1,1,0,5,5,1.0,50,0.0,77.15847798732882,0.0129603385925292,0.0100681781768798,0.0178832530975341,0.0185491275787353,0.0039156211752061,1.0,NORMAL,0,0,0,0,20961994632,2906166335,16329905,5975418,5,5.0,0.005,0.005,0.0,0,25165824,0,5,0
0,1,1,0,5,5,1.0,50,0.0,54.01188845048368,0.0185144424438476,0.0139439105987548,0.0314376831054687,0.0390862274169921,0.011193176562867,1.0,NORMAL,0,0,0,0,20961997764,2906176763,16329953,5975504,5,5.0,0.005,0.005,0.0,0,25165824,0,5,0
0,1,1,0,5,5,1.0,50,0.0,62.73469961620035,0.0159401416778564,0.0121841430664062,0.0250555038452148,0.0317356204986572,0.0083687767070082,1.0,NORMAL,0,0,0,0,20962001136,2906188133,16330005,5975597,5,5.0,0.005,0.005,0.0,0,25165824,0,5,0
0,1,1,0,5,5,1.0,50,0.0,72.63241380504616,0.0137679576873779,0.0138657093048095,0.0164452075958251,0.0172989654541015,0.0023303793218942,1.0,NORMAL,0,0,0,0,20962004208,2906198443,16330052,5975683,5,5.0,0.005,0.005,0.0,0,25165824,0,5,0
0,1,1,0,5,5,1.0,50,0.0,58.29972839911153,0.0171527385711669,0.0140786170959472,0.0255786418914794,0.0298518085479736,0.0070706912639811,1.0,NORMAL,0,0,0,0,20962007493,2906208998,16330102,5975772,5,5.0,0.005,0.005,0.0,0,25165824,0,5,0
0,1,1,0,1,1,1.0,50,0.0,24.87111127977913,0.040207290649414,0.0297701358795166,0.0763251304626464,0.0784338188171386,0.0299648952126599,1.0,ATTACK,0,0,0,0,20962067139,2906397557,16330998,5977354,1,1.0,0.001,0.001,0.0,0,5242880,0,1,0
0,1,1,0,1,1,1.0,50,0.0,42.03374882997509,0.0237904071807861,0.0179624557495117,0.0391589641571044,0.0512723350524902,0.0145259550357261,1.0,ATTACK,0,0,0,0,20962070733,2906409795,16331052,5977449,1,1.0,0.001,0.001,0.0,0,5242880,0,1,0
0,1,1,0,1,1,1.0,50,0.0,45.11149065784436,0.0221673011779785,0.02128267288208,0.0320958614349365,0.033967227935791,0.0084012277610973,1.0,ATTACK,0,0,0,0,20962073805,2906420735,16331099,5977534,1,1.0,0.015,0.0056666666666666,0.0080829037686547,0,5242880,0,1,0
0,1,1,0,1,2,0.5,50,0.0,69.7827143075807,0.0143301963806152,0.0136160850524902,0.0179678440093994,0.0191420936584472,0.0030795402470115,1.0,ATTACK,0,0,0,0,20962094055,2906438430,16331181,5977651,2,1.3333333333333333,0.015,0.0103333333333333,0.0080829037686547,0,5242880,0,2,0
0,1,1,0,2,4,0.5,50,0.0,39.64932646405445,0.0252211093902587,0.0201914310455322,0.0389574527740478,0.0441917514801025,0.0111902428092966,1.0,ATTACK,0,0,0,0,20962114455,2906456204,16331265,5977770,4,2.333333333333333,0.039,0.023,0.013856406460551,0,5242880,2,2,0
0,1,1,0,2,4,0.5,50,0.0,62.55300363896677,0.0159864425659179,0.0105469226837158,0.0266932487487792,0.0313093090057373,0.008717489672784,1.0,ATTACK,0,0,0,0,20962134649,2906473832,16331350,5977888,4,3.333333333333333,0.04,0.0313333333333333,0.0141539158303747,0,10485760,0,4,0
0,1,1,0,4,4,1.0,50,0.0,58.56919433397381,0.0170738220214843,0.014256477355957,0.0265233993530273,0.0321952629089355,0.0082607986705921,1.0,NORMAL,0,0,0,0,20962138525,2906486934,16331409,5977994,4,4.0,0.056,0.045,0.0095393920141694,0,19922944,0,4,0
0,1,1,0,4,4,1.0,50,0.0,74.6059901030605,0.0134037494659423,0.0118269920349121,0.0179924964904785,0.0206674098968505,0.0039965032744463,1.0,NORMAL,0,0,0,0,20962142317,2906498944,16331468,5978096,4,4.0,0.056,0.0506666666666666,0.009237604307034,0,19922944,0,4,0
0,1,1,0,4,4,1.0,50,0.0,61.72142316872537,0.0162018299102783,0.0137786865234375,0.0225183010101318,0.0251160526275634,0.0052097382509297,1.0,NORMAL,0,0,0,0,20962145389,2906509280,16331515,5978181,4,4.0,0.013,0.0416666666666666,0.0248260615751539,0,20971520,0,4,0
0,1,1,0,4,4,1.0,50,0.0,66.47116621975417,0.0150441169738769,0.0104198455810546,0.0224672317504882,0.0232730960845947,0.0059214237566904,1.0,NORMAL,0,0,0,0,20962148674,2906519835,16331565,5978270,4,4.0,0.004,0.0243333333333333,0.0277908857961262,0,20971520,0,4,0
0,1,1,0,4,4,1.0,50,0.0,71.69211204627344,0.0139485359191894,0.0112559795379638,0.0192584514617919,0.0192737293243408,0.0043610479937487,1.0,NORMAL,0,0,0,0,20962151806,2906530215,16331613,5978356,4,4.0,0.004,0.007,0.0051961524227066,0,20971520,0,4,0
0,1,1,0,4,4,1.0,50,0.0,82.19161761132493,0.012166690826416,0.0115272998809814,0.013600206375122,0.0144991970062255,0.0012565270975405,1.0,NORMAL,0,0,0,0,20991461954,2906769243,16352517,5981986,4,4.0,0.004,0.004,0.0,0,20971520,0,4,0
0,1,1,0,4,4,1.0,50,0.0,19.79162262555492,0.0505264282226562,0.0415999889373779,0.0838807106018066,0.0873265552520752,0.0275296770557662,1.0,ATTACK,0,0,0,0,20991465590,2906780893,16352572,5982080,4,4.0,0.004,0.004,0.0,0,20971520,0,4,0
0,1,1,0,4,4,1.0,50,0.0,83.6581950766113,0.0119534015655517,0.0119283199310302,0.0125646114349365,0.0128618431091308,0.000586330987482,1.0,ATTACK,0,0,0,0,20991468722,2906791981,16352620,5982165,4,4.0,0.005,0.0043333333333333,0.0005773502691894,0,20971520,0,4,0
0,1,1,0,4,4,1.0,50,0.0,44.55844233106414,0.0224424362182617,0.0187265872955322,0.0301033020019531,0.0305559730529785,0.0062824959427083,1.0,ATTACK,0,0,0,0,20991472094,2906804313,16352672,5982259,4,4.0,0.005,0.0046666666666666,0.0005773502691894,0,20971520,0,4,0
0,1,1,0,4,4,1.0,50,0.0,21.509626321689712,0.0464908123016357,0.0301473140716552,0.0862377166748046,0.0899517822265625,0.0322058137698785,1.0,ATTACK,0,0,0,0,20991475799,2906816734,16352729,5982355,4,4.0,0.041,0.017,0.0207846096908265,0,20971520,0,4,0
0,1,1,0,4,4,1.0,50,0.0,54.65247247377679,0.0182974338531494,0.0172681808471679,0.0223341941833496,0.0223667240142822,0.003618313559132,1.0,ATTACK,0,0,0,0,21029304575,2907017293,16379537,5985552,4,4.0,0.041,0.029,0.0207846096908265,0,20971520,0,4,0
0,1,1,0,4,4,1.0,50,0.0,66.82871801408496,0.0149636268615722,0.0145604610443115,0.0193816184997558,0.0216534709930419,0.0040293085108073,1.0,ATTACK,0,0,0,0,21141798339,2907431438,16457672,5992336,4,4.0,0.045,0.0423333333333333,0.0023094010767585,0,20971520,0,4,0
0,1,1,0,4,4,1.0,50,0.0,74.3913617208451,0.0134424209594726,0.011988878250122,0.0168408393859863,0.0188291931152343,0.002946502634551,1.0,NORMAL,0,0,0,0,21141801891,2907444254,16457727,5992437,4,4.0,0.045,0.0436666666666666,0.0023094010767585,0,20971520,0,4,0
0,1,1,0,4,4,1.0,50,0.0,81.50198396505424,0.012269639968872,0.0117914676666259,0.0138608932495117,0.0140233707427978,0.0013133850253963,1.0,NORMAL,0,0,0,0,21141805587,2907455996,16457783,5992534,4,4.0,0.045,0.045,0.0,0,20971520,0,4,0
0,1,1,0,4,4,1.0,50,0.0,81.56379561135354,0.0122603416442871,0.0116674900054931,0.0142718791961669,0.0153753185272216,0.0017241918241824,1.0,NORMAL,0,0,0,0,21141808992,2907466813,16457835,5992624,4,4.0,0.0249999999999999,0.0383333333333333,0.0115470053837925,0,20971520,0,4,0
0,1,1,0,4,4,1.0,50,0.0,68.6917415386228,0.0145577907562255,0.0145092010498046,0.0173078060150146,0.0183928775787353,0.0024268156316521,1.0,NORMAL,0,0,0,0,21141823780,2907479111,16457899,5992724,4,4.0,0.004,0.0246666666666666,0.0205020324195757,0,20971520,0,4,0
0,1,1,0,4,4,1.0,50,0.0,69.11325909496864,0.0144690036773681,0.0121018886566162,0.0215124130249023,0.0230450057983398,0.0056843348022359,1.0,NORMAL,0,0,0,0,21141827212,2907490637,16457952,5992818,4,4.0,0.004,0.011,0.0121243556529821,0,20971520,0,4,0
0,1,1,0,4,4,1.0,50,0.0,55.58535324754496,0.0179903507232666,0.0180349349975585,0.0280954837799072,0.0331603527069091,0.0089808688067929,1.0,NORMAL,0,0,0,0,21141830284,2907501031,16457999,5992903,4,4.0,0.004,0.004,0.0,0,20971520,0,4,0
0,1,1,0,4,4,1.0,50,0.0,20.331741102720688,0.0491841793060302,0.0438544750213623,0.0743062973022461,0.0820166397094726,0.0219238029621637,1.0,ATTACK,0,0,0,0,21141833912,2907511403,16458049,5992989,4,4.0,0.004,0.004,0.0,0,20971520,0,4,0
0,1,1,0,4,4,1.0,50,0.0,91.59908975361326,0.0109171390533447,0.0105063915252685,0.011790132522583,0.0122239208221435,0.0007289519043729,1.0,ATTACK,0,0,0,0,21141838165,2907523794,16458105,5993086,4,4.0,0.004,0.004,0.0,0,20971520,0,4,0
0,1,1,0,4,4,1.0,50,0.0,66.68591525111135,0.0149956703186035,0.0122153759002685,0.020665168762207,0.0231362342834472,0.0046244604663122,1.0,ATTACK,0,0,0,0,21141841417,2907535686,16458155,5993178,4,4.0,0.004,0.004,0.0,0,20971520,0,4,0
0,1,1,0,4,4,1.0,50,0.0,74.93414705609113,0.0133450508117675,0.0130999088287353,0.0155786514282226,0.0156881713867187,0.0019270985390703,1.0,ATTACK,0,0,0,0,21141844489,2907546406,16458202,5993261,4,4.0,0.04,0.016,0.0207846096908265,0,20971520,0,4,0
0,1,1,0,4,4,1.0,50,0.0,39.37722032370724,0.025395393371582,0.0250544548034667,0.033513069152832,0.0344087123870849,0.0073111921173457,1.0,ATTACK,0,0,0,0,21141848065,2907558262,16458256,5993353,4,4.0,0.042,0.0286666666666666,0.0213853532431272,0,20971520,0,4,0
0,1,1,0,4,4,1.0,50,0.0,27.50630225097256,0.0363553047180175,0.0421884059906005,0.0520103454589843,0.0538640308380126,0.0153428829462601,1.0,ATTACK,0,0,0,0,21141860357,2907578850,16458353,5993485,4,4.0,0.042,0.0413333333333333,0.0011547005383795,0,20971520,0,4,0
0,1,1,0,4,4,1.0,50,0.0,75.22389772874011,0.0132936477661132,0.0119397640228271,0.0166818141937255,0.0173170471191406,0.0027995589948537,1.0,NORMAL,0,0,0,0,21141864473,2907592890,16458416,5993597,4,4.0,0.042,0.042,0.0,0,20971520,0,4,0
0,1,1,0,4,4,1.0,50,0.0,101.19680555890656,0.0098817348480224,0.0095019340515136,0.0108202457427978,0.011233434677124,0.00077226914174,1.0,NORMAL,0,0,0,0,21141867545,2907603280,16458463,5993683,4,4.0,0.017,0.0336666666666666,0.0144337567297406,0,20971520,0,4,0
0,1,1,0,4,4,1.0,50,0.0,95.1266221837167,0.0105123043060302,0.0102961063385009,0.011354923248291,0.0118119716644287,0.0007321879421855,1.0,NORMAL,0,0,0,0,21141870737,2907613816,16458512,5993771,4,4.0,0.004,0.021,0.0193132079158279,0,20971520,0,4,0
0,1,1,0,4,4,1.0,50,0.0,54.9058787183797,0.0182129859924316,0.0178275108337402,0.0267377376556396,0.0317255306243896,0.0076842142096638,1.0,NORMAL,0,0,0,0,21141874986,2907625209,16458567,5993865,4,4.0,0.004,0.0083333333333333,0.0075055534994651,0,20971520,0,4,0
0,1,1,0,4,4,1.0,50,0.0,57.4653506584608,0.0174017906188964,0.0139989852905273,0.0250105857849121,0.0311453342437744,0.0072434667325558,1.0,NORMAL,0,0,0,0,21141878824,2907637079,16458625,5993965,4,4.0,0.004,0.004,0.0,0,20971520,0,4,0
0,1,1,0,4,4,1.0,50,0.0,97.31112245371445,0.0102763175964355,0.0103557109832763,0.0111387252807617,0.0115689086914062,0.0008300231559737,1.0,NORMAL,0,0,0,0,21141881896,2907647211,16458672,5994048,4,4.0,0.004,0.004,0.0,0,20971520,0,4,0
0,1,1,0,1,1,1.0,50,0.0,10.94636097719856,0.0913545608520507,0.0695118904113769,0.1390328407287597,0.1467657566070556,0.0380778998059097,1.0,ATTACK,0,0,0,0,21141941577,2907836467,16459570,5995635,1,1.0,0.001,0.001,0.0,0,5242880,0,1,0
0,1,1,0,1,1,1.0,50,0.0,4.594828793137484,0.21763596534729,0.1953742504119873,0.264737606048584,0.2828384399414062,0.037996322486434,1.0,ATTACK,0,0,0,0,21141945453,2907849581,16459629,5995735,1,1.0,0.001,0.001,0.0,0,5242880,0,1,0
0,1,1,0,1,2,0.5,50,0.0,9.25134392830265,0.1080924034118652,0.1099109649658203,0.1572938442230224,0.1823389816284179,0.0479701269678767,1.0,ATTACK,0,0,0,0,21141949719,2907863023,16459689,5995838,2,1.3333333333333333,0.067,0.023,0.0381051177665152,0,5242880,1,1,0
0,1,1,0,2,4,0.5,50,0.0,7.772059820881274,0.1286660194396972,0.141517162322998,0.1599324226379394,0.1653073120117187,0.0359219146460305,1.0,ATTACK,0,0,0,0,21141969730,2907880641,16459772,5995956,2,1.6666666666666667,0.069,0.0456666666666666,0.0386953916291505,0,5242880,0,2,0
0,1,1,0,2,4,0.5,50,0.0,5.863482740186857,0.1705471038818359,0.149033784866333,0.2497331619262695,0.2608004283905029,0.0654138427929868,1.0,ATTACK,0,0,0,0,21142006648,2907905525,16459891,5996108,4,2.6666666666666665,0.085,0.0736666666666666,0.0098657657246324,0,9437184,0,4,0
0,1,1,0,4,5,0.8,50,0.0,53.97838447223673,0.0185259342193603,0.0123107433319091,0.033581256866455,0.0443470001220703,0.0136923655998593,1.0,NORMAL,0,0,0,0,21142028000,2907926040,16459990,5996249,5,3.6666666666666665,0.073,0.0756666666666666,0.0083266639978645,0,18874368,0,5,0
0,1,1,0,5,5,1.0,50,0.0,78.28582520792582,0.0127737045288085,0.0107247829437255,0.0172861576080322,0.0191267108917236,0.0036677349251954,1.0,NORMAL,0,0,0,0,21142031552,2907936976,16460045,5996341,5,4.666666666666667,0.073,0.077,0.0069282032302755,0,18874368,0,5,0
0,1,1,0,5,5,1.0,50,0.0,59.23873712279354,0.0168808460235595,0.0132834911346435,0.0247077941894531,0.0260446071624755,0.0063062705059234,1.0,NORMAL,0,0,0,0,21142035818,2907948701,16460102,5996438,5,5.0,0.024,0.0566666666666666,0.0282901631902916,0,23068672,0,5,0
0,1,1,0,5,5,1.0,50,0.0,64.77229416906289,0.01543869972229,0.0108544826507568,0.0239144325256347,0.0273990726470947,0.0068664509465284,1.0,NORMAL,0,0,0,0,21142039283,2907959398,16460155,5996528,5,5.0,0.005,0.034,0.0350856095856976,0,23068672,0,5,0
0,1,1,0,5,5,1.0,50,0.0,60.09496436687079,0.0166403293609619,0.0125908851623535,0.0257057189941406,0.0316298389434814,0.0080420393893793,1.0,NORMAL,0,0,0,0,21142042415,2907969804,16460203,5996614,5,5.0,0.005,0.0113333333333333,0.0109696551146028,0,23068672,0,5,0
0,1,1,0,5,5,1.0,50,0.0,55.8204505770623,0.0179145812988281,0.0145208835601806,0.0256232261657714,0.0313422107696533,0.0071153290730095,1.0,NORMAL,0,0,0,0,21142045931,2907981396,16460256,5996710,5,5.0,0.005,0.005,0.0,0,23068672,0,5,0
0,1,1,0,5,5,1.0,50,0.0,7.966032291809902,0.1255330085754394,0.0790746212005615,0.2100626945495605,0.2412259292602539,0.0678743774551018,1.0,ATTACK,0,0,0,0,21142049183,2907991814,16460306,5996797,5,5.0,0.005,0.005,0.0,0,23068672,0,5,0
0,1,1,0,5,5,1.0,50,0.0,7.104866599451437,0.1407485961914062,0.1182153224945068,0.1952147006988525,0.2351009082794189,0.0499857002728226,1.0,ATTACK,0,0,0,0,21142052735,2908004558,16460361,5996894,5,5.0,0.025,0.0116666666666666,0.0115470053837925,0,23068672,0,5,0
0,1,1,0,5,5,1.0,50,0.0,8.307835896281988,0.1203682899475097,0.1267790794372558,0.1582008361816406,0.1768899536132812,0.0389585082471985,1.0,ATTACK,0,0,0,0,21142056644,2908017935,16460420,5996998,5,5.0,0.074,0.0346666666666666,0.0355011736895181,0,23068672,0,5,0
0,1,1,0,5,5,1.0,50,0.0,5.992835408717758,0.1668659210205078,0.170743703842163,0.1937653064727783,0.2049714469909667,0.0289542557642049,1.0,ATTACK,0,0,0,0,21142060520,2908031293,16460479,5997102,5,5.0,0.074,0.0576666666666666,0.0282901631902916,0,23068672,0,5,0
0,1,1,0,5,5,1.0,50,0.0,5.947673343535628,0.1681329727172851,0.1677072048187255,0.2066917419433593,0.2077912330627441,0.0344068420403092,1.0,ATTACK,0,0,0,0,21142063952,2908043715,16460532,5997196,5,5.0,0.075,0.0743333333333333,0.000577350269189,0,23068672,0,5,0
0,1,1,0,5,5,1.0,50,0.0,73.56930870208869,0.0135926246643066,0.0151374340057373,0.0156143188476562,0.0156844425201416,0.0022725776997976,1.0,NORMAL,0,0,0,0,21142068068,2908058015,16460595,5997306,5,5.0,0.073,0.074,0.0009999999999996,0,23068672,0,5,0
0,1,1,0,5,5,1.0,50,0.0,62.766806936471546,0.0159319877624511,0.0138008594512939,0.0232483863830566,0.0269874286651611,0.0061917817091999,1.0,NORMAL,0,0,0,0,21142071200,2908068249,16460643,5997390,5,5.0,0.073,0.0736666666666666,0.0011547005383789,0,23068672,0,5,0
0,1,1,0,5,5,1.0,50,0.0,64.77149396034925,0.0154388904571533,0.0155673027038574,0.0171170234680175,0.0172483444213867,0.0016717882450121,1.0,NORMAL,0,0,0,0,21142074725,2908079654,16460697,5997483,5,5.0,0.006,0.0506666666666666,0.0386824680357049,0,23068672,0,5,0
0,1,1,0,5,5,1.0,50,0.0,65.533952063998,0.0152592658996582,0.0125980377197265,0.0220863819122314,0.0260993957519531,0.0058936685052386,1.0,NORMAL,0,0,0,0,21142077917,2908090114,16460746,5997569,5,5.0,0.006,0.0283333333333333,0.0386824680357048,0,23068672,0,5,0
0,1,1,0,5,5,1.0,50,0.0,75.68951142839613,0.0132118701934814,0.012235403060913,0.0177076816558837,0.0192053413391113,0.0037153410815715,1.0,NORMAL,0,0,0,0,21142080989,2908100428,16460793,5997654,5,5.0,0.005,0.0056666666666666,0.0005773502691852,0,23068672,0,5,0
0,1,1,0,5,5,1.0,50,0.0,62.38330378496722,0.016029930114746,0.0147392749786376,0.0249135971069335,0.0305408287048339,0.0080018709976274,1.0,NORMAL,0,0,0,0,21142084061,2908110946,16460840,5997740,5,5.0,0.005,0.0053333333333333,0.0005773502691852,0,23068672,0,5,0
0,1,1,0,5,5,1.0,50,0.0,8.171679331786658,0.1223738670349121,0.1290934085845947,0.1959788799285888,0.2164911270141601,0.0657849033331197,1.0,ATTACK,0,0,0,0,21142087637,2908122436,16460894,5997835,5,5.0,0.005,0.005,0.0,0,23068672,0,5,0
0,1,1,0,5,5,1.0,50,0.0,5.589051902192018,0.1789212226867675,0.1700913906097412,0.2358508586883544,0.2363179492950439,0.0497476679984397,1.0,ATTACK,0,0,0,0,21142091522,2908135977,16460954,5997940,5,5.0,0.006,0.0053333333333333,0.0005773502691852,0,24117248,0,5,0
0,1,1,0,5,5,1.0,50,0.0,5.840295508116225,0.1712242126464843,0.1748297214508056,0.2049117565155029,0.210117130279541,0.030640830284797,1.0,ATTACK,0,0,0,0,21142095578,2908149449,16461016,5998046,5,5.0,0.068,0.0263333333333333,0.0360878557597057,0,24117248,0,5,0
0,1,1,0,5,5,1.0,50,0.0,8.990801066470944,0.1112247943878173,0.1232106685638427,0.1592268943786621,0.1740588665008545,0.0466472872926173,1.0,ATTACK,0,0,0,0,21142099506,2908161613,16461071,5998140,5,5.0,0.074,0.0493333333333333,0.0376474877426546,0,24117248,0,5,0
0,1,1,0,5,5,1.0,50,0.0,6.487175378607669,0.1541502952575683,0.1472840309143066,0.1900471210479736,0.2087714290618896,0.0317014489651529,1.0,ATTACK,0,0,0,0,21142104110,2908174717,16461132,5998243,5,5.0,0.074,0.072,0.0034641016151376,0,24117248,0,5,0
0,1,1,0,5,5,1.0,50,0.0,63.4180357861059,0.0157683849334716,0.0114319324493408,0.0240987300872802,0.0261813259124755,0.0066054222081541,1.0,NORMAL,0,0,0,0,21142108226,2908189163,16461195,5998356,5,5.0,0.074,0.074,0.0,0,24117248,0,5,0
0,1,1,0,5,5,1.0,50,0.0,71.10243161506435,0.0140642166137695,0.0153365135192871,0.0165638446807861,0.0171799373626709,0.0025178119542503,1.0,NORMAL,0,0,0,0,21142111511,2908199700,16461245,5998443,5,5.0,0.074,0.074,0.0,0,24117248,0,5,0
0,1,1,0,5,5,1.0,50,0.0,64.61244585210153,0.0154768943786621,0.0131840705871582,0.0222095489501953,0.0275882148742675,0.0064074831228717,1.0,NORMAL,0,0,0,0,21142114883,2908211114,16461297,5998537,5,5.0,0.026,0.058,0.027712812921102,0,24117248,0,5,0
0,1,1,0,5,5,1.0,50,0.0,62.06483040689914,0.0161121845245361,0.0141770839691162,0.0233859062194824,0.0253463649749755,0.0059307130151992,1.0,NORMAL,0,0,0,0,21142118213,2908221548,16461348,5998623,5,5.0,0.026,0.042,0.0277128129211019,0,24117248,0,5,0
0,1,1,0,5,5,1.0,50,0.0,83.10851671759022,0.0120324611663818,0.0125994682312011,0.0139205932617187,0.0140173244476318,0.0018324518920369,1.0,NORMAL,0,0,0,0,21142121345,2908231922,16461396,5998709,5,5.0,0.026,0.026,0.0,0,24117248,0,5,0
0,1,1,0,5,5,1.0,50,0.0,64.25472070984524,0.0155630588531494,0.0129420757293701,0.0244473457336425,0.0284394168853759,0.0073890756369834,1.0,NORMAL,0,0,0,0,21142124417,2908242280,16461443,5998795,5,5.0,0.005,0.019,0.0121243556529819,0,24117248,0,5,0
0,1,1,0,1,1,1.0,50,0.0,11.039280566905193,0.0905856132507324,0.0822868347167968,0.1239551544189453,0.1339772605895996,0.0275723167960472,1.0,ATTACK,0,0,0,0,21142191412,2908438129,16462365,6000403,1,1.0,0.001,0.001,0.0,0,5242880,0,1,0
0,1,1,0,1,1,1.0,50,0.0,5.702641189282966,0.1753573417663574,0.1771624088287353,0.1902390003204345,0.1912249374389648,0.0155767004393268,1.0,ATTACK,0,0,0,0,21142195288,2908451143,16462424,6000503,1,1.0,0.017,0.009,0.0113137084989847,0,5242880,0,1,0
0,1,1,0,1,2,0.5,50,0.0,6.397742983737427,0.1563051223754882,0.1663143634796142,0.1847624778747558,0.1854100704193115,0.0284947099205436,1.0,ATTACK,0,0,0,0,21142215957,2908470510,16462513,6000633,2,1.3333333333333333,0.072,0.03,0.0372424488990721,0,5242880,0,2,0
0,1,1,0,2,4,0.5,50,0.0,8.987776310161665,0.1112622261047363,0.0972945690155029,0.1461123466491699,0.1533586883544921,0.028578991179087,1.0,ATTACK,0,0,0,0,21142253101,2908495552,16462637,6000788,4,2.333333333333333,0.072,0.0536666666666666,0.0317542648054294,0,5242880,2,2,0
0,1,1,0,4,5,0.8,50,0.0,6.947533853935458,0.1439359664916992,0.1293365955352783,0.1963231563568115,0.2039032936096191,0.0428738618578774,1.0,ATTACK,0,0,0,0,21142258313,2908509298,16462699,6000895,5,3.6666666666666665,0.083,0.0756666666666666,0.0063508529610859,0,9437184,1,4,0
0,1,1,0,5,5,1.0,50,0.0,60.30804624144476,0.0165815353393554,0.0124001502990722,0.02565279006958,0.0276467227935791,0.0072197281030542,1.0,NORMAL,0,0,0,0,21142279342,2908529565,16462794,6001033,5,4.666666666666667,0.072,0.0756666666666666,0.0063508529610859,0,18874368,0,5,0
0,1,1,0,5,5,1.0,50,0.0,59.36567966936534,0.0168447494506835,0.0151474475860595,0.0256459712982177,0.031627082824707,0.0080257706550059,1.0,NORMAL,0,0,0,0,21142282774,2908540529,16462847,6001126,5,5.0,0.087,0.0806666666666666,0.007767453465154,0,23068672,0,5,0
0,1,1,0,5,5,1.0,50,0.0,77.10117647058823,0.012969970703125,0.0127737522125244,0.0169405460357666,0.0181557369232177,0.0034017136156439,1.0,NORMAL,0,0,0,0,21142286668,2908552165,16462906,6001224,5,5.0,0.087,0.082,0.0086602540378444,0,23068672,0,5,0
0,1,1,0,5,5,1.0,50,0.0,71.0287413549012,0.0140788078308105,0.0136110782623291,0.0160769462585449,0.0162967586517333,0.001783681165523,1.0,NORMAL,0,0,0,0,21142290013,2908562892,16462957,6001314,5,5.0,0.011,0.0616666666666666,0.0438786204584115,0,23068672,0,5,0
0,1,1,0,5,5,1.0,50,0.0,57.29610403803071,0.0174531936645507,0.01206636428833,0.0287396430969238,0.0347004127502441,0.0095028502623721,1.0,NORMAL,0,0,0,0,21142293085,2908573206,16463004,6001399,5,5.0,0.005,0.0343333333333333,0.0457092259104585,0,23068672,0,5,0
0,1,1,0,5,5,1.0,50,0.0,84.25410191717421,0.0118688583374023,0.0113337039947509,0.0139317035675048,0.013993330001831,0.0017701304360905,1.0,NORMAL,0,0,0,0,21142297097,2908583616,16463060,6001484,5,5.0,0.005,0.007,0.003464101615137,0,23068672,0,5,0
0,1,1,0,5,5,1.0,50,0.0,7.776890255524826,0.1285861015319824,0.1376504898071289,0.1865287780761718,0.2037175750732421,0.0521713870977318,1.0,ATTACK,0,0,0,0,21142301642,2908596141,16463120,6001588,5,5.0,0.005,0.005,0.0,0,23068672,0,5,0
0,1,1,0,5,5,1.0,50,0.0,7.60599934572111,0.1314751625061035,0.1338465213775634,0.1577464580535888,0.170112600326538,0.0272560758579938,1.0,ATTACK,0,0,0,0,21142306766,2908611575,16463181,6001687,5,5.0,0.012,0.0073333333333333,0.0040414518843267,0,23068672,0,5,0
0,1,1,0,5,5,1.0,50,0.0,7.168931821118546,0.139490795135498,0.0904712677001953,0.226025915145874,0.2511965370178222,0.0686431226516964,1.0,ATTACK,0,0,0,0,21142310531,2908624418,16463239,6001785,5,5.0,0.075,0.0306666666666666,0.0385529938310026,0,23068672,0,5,0
0,1,1,0,5,5,1.0,50,0.0,5.433234737331079,0.1840524196624756,0.1895685195922851,0.2441837787628173,0.2644303798675537,0.0544464872479925,1.0,ATTACK,0,0,0,0,21142314227,2908636980,16463295,6001880,5,5.0,0.074,0.0536666666666666,0.0360878557597058,0,23068672,0,5,0
0,1,1,0,5,5,1.0,50,0.0,5.534555210510301,0.1806829929351806,0.1838023662567138,0.2203490257263183,0.2233666610717773,0.0361066638271239,1.0,ATTACK,0,0,0,0,21142317899,2908650096,16463352,6001982,5,5.0,0.075,0.0746666666666666,0.0005773502691889,0,23068672,0,5,0
0,1,1,0,5,5,1.0,50,0.0,56.00290542417056,0.017856216430664,0.0147514343261718,0.0278087615966796,0.0295870876312255,0.0080761127720959,1.0,NORMAL,0,0,0,0,21142322399,2908665126,16463420,6002099,5,5.0,0.075,0.0746666666666666,0.0005773502691889,0,23068672,0,5,0
0,1,1,0,5,5,1.0,50,0.0,85.72190021500454,0.0116656303405761,0.0111224651336669,0.013572359085083,0.013953104019165,0.0015523936212708,1.0,NORMAL,0,0,0,0,21142325531,2908675392,16463468,6002184,5,5.0,0.075,0.075,0.0,0,23068672,0,5,0
0,1,1,0,5,5,1.0,50,0.0,95.86849094640988,0.0104309558868408,0.0105097293853759,0.0107740879058837,0.0108571720123291,0.0003562758511176,1.0,NORMAL,0,0,0,0,21142328936,2908686023,16463520,6002274,5,5.0,0.01,0.0533333333333333,0.0375277674973256,0,23068672,0,5,0
0,1,1,0,5,5,1.0,50,0.0,70.72476671286881,0.0141393184661865,0.0151934623718261,0.0154085636138916,0.0154327678680419,0.0021868667810034,1.0,NORMAL,0,0,0,0,21142332128,2908696531,16463569,6002361,5,5.0,0.005,0.03,0.0390512483795332,0,23068672,0,5,0
0,1,1,0,5,5,1.0,50,0.0,98.54342973944506,0.0101478099822998,0.0103237628936767,0.0104518890380859,0.010465965270996,0.0004169916002385,1.0,NORMAL,0,0,0,0,21142335500,2908707881,16463621,6002455,5,5.0,0.005,0.0066666666666666,0.0028867513459468,0,23068672,0,5,0
0,1,1,0,5,5,1.0,50,0.0,91.82810953769628,0.0108899116516113,0.0116035938262939,0.0121118068695068,0.0123217487335205,0.0012670319857277,1.0,NORMAL,0,0,0,0,21142338815,2908718201,16463669,6002540,5,5.0,0.005,0.005,0.0,0,23068672,0,5,0
0,1,1,0,5,5,1.0,50,0.0,7.260550750929574,0.137730598449707,0.1442155838012695,0.1910943508148193,0.2082440090179443,0.0475968460458941,1.0,ATTACK,0,0,0,0,21142342187,2908729721,16463721,6002634,5,5.0,0.005,0.005,0.0,0,23068672,0,5,0
0,1,1,0,5,5,1.0,50,0.0,7.848499387359929,0.1274128913879394,0.1272087097167968,0.1668458938598633,0.1714467620849609,0.0398967537754101,1.0,ATTACK,0,0,0,0,21142346276,2908743194,16463783,6002739,5,5.0,0.033,0.0143333333333333,0.0161658075373093,0,23068672,0,5,0
0,1,1,0,5,5,1.0,50,0.0,5.392670870605079,0.1854368686676025,0.2573871612548828,0.25965576171875,0.260792760848999,0.089794085869703,1.0,ATTACK,0,0,0,0,21142349948,2908756196,16463840,6002839,5,5.0,0.075,0.0376666666666666,0.0352325606979301,0,23068672,0,5,0
0,1,1,0,5,5,1.0,50,0.0,6.8914467144443385,0.1451074123382568,0.1258661746978759,0.2067691802978515,0.2179887962341308,0.0500049132384709,1.0,ATTACK,0,0,0,0,21142353704,2908768936,16463897,6002937,5,5.0,0.075,0.061,0.0242487113059642,0,23068672,0,5,0
0,1,1,0,5,5,1.0,50,0.0,5.865332551718583,0.1704933166503906,0.1667590141296386,0.1966644763946533,0.2052635097503662,0.0218694627761691,1.0,ATTACK,0,0,0,0,21142357400,2908781336,16463953,6003030,5,5.0,0.074,0.0746666666666666,0.00057735026919,0,23068672,0,5,0
0,1,1,0,5,5,1.0,50,0.0,63.38736636572192,0.0157760143280029,0.0102756023406982,0.026554536819458,0.0335178089141845,0.0094663505579974,1.0,NORMAL,0,0,0,0,21142361516,2908795514,16464016,6003141,5,5.0,0.074,0.0743333333333333,0.00057735026919,0,23068672,0,5,0
0,1,1,0,5,5,1.0,50,0.0,79.17904418149828,0.0126296043395996,0.011390209197998,0.0158627033233642,0.0168888092041015,0.0026047993048651,1.0,NORMAL,0,0,0,0,21142365237,2908806161,16464067,6003229,5,5.0,0.046,0.0646666666666666,0.0161658075373094,0,23068672,0,5,0
0,1,1,0,5,5,1.0,50,0.0,68.52810853908792,0.0145925521850585,0.0101213455200195,0.0226362705230712,0.0244832611083984,0.0063668916571256,1.0,NORMAL,0,0,0,0,21142369157,2908816935,16464118,6003319,5,5.0,0.005,0.0416666666666666,0.0347035060668706,0,23068672,0,5,0
0,1,1,0,5,5,1.0,50,0.0,96.55440402580122,0.010356855392456,0.010035753250122,0.0113834381103515,0.0115144157409667,0.0008500337222881,1.0,NORMAL,0,0,0,0,21142372349,2908827711,16464167,6003408,5,5.0,0.005,0.0186666666666666,0.0236713610367744,0,23068672,0,5,0
0,1,1,0,5,5,1.0,50,0.0,59.59494289587128,0.0167799472808837,0.013883352279663,0.026401948928833,0.031435317993164,0.008173552142902,1.0,NORMAL,0,0,0,0,21142375601,2908838777,16464217,6003500,5,5.0,0.005,0.005,0.0,0,23068672,0,5,0
0,1,1,0,5,5,1.0,50,0.0,61.45356299339503,0.0162724494934082,0.0141823291778564,0.0264841079711914,0.0335684871673584,0.0093574876882779,1.0,NORMAL,0,0,0,0,21142378733,2908849199,16464265,6003586,5,5.0,0.005,0.005,0.0,0,23068672,0,5,0
0,1,1,0,1,1,1.0,50,0.0,8.863841065984548,0.112817907333374,0.1053187847137451,0.1622440338134765,0.178955955505371,0.042686578385847,1.0,ATTACK,0,0,0,0,21142452051,2909050732,16465233,6005248,1,1.0,0.001,0.001,0.0,0,5242880,0,1,0
0,1,1,0,1,1,1.0,50,0.0,9.62177731673265,0.1039309024810791,0.0895121097564697,0.1589132785797119,0.172920503616333,0.0455712493463936,1.0,ATTACK,0,0,0,0,21142455927,2909064132,16465292,6005352,1,1.0,0.001,0.001,0.0,0,5242880,0,1,0
0,1,1,0,1,1,1.0,50,0.0,9.356087306445197,0.1068822860717773,0.0975790023803711,0.1486763954162597,0.1590284347534179,0.0360138612703146,1.0,ATTACK,0,0,0,0,21142459359,2909076084,16465345,6005444,1,1.0,0.035,0.0123333333333333,0.0196299091524472,0,5242880,0,1,0
0,1,1,0,1,2,0.5,50,0.0,9.715221495164746,0.102931261062622,0.107119083404541,0.1228312015533447,0.131485424041748,0.0188015605211997,1.0,ATTACK,0,0,0,0,21142479811,2909094057,16465429,6005562,2,1.3333333333333333,0.068,0.0346666666666666,0.0335012437580059,0,5242880,0,2,0
0,1,1,0,2,4,0.5,50,0.0,9.318302494520283,0.1073156833648681,0.1182255744934082,0.1387300968170166,0.1442058372497558,0.0324117157675511,1.0,ATTACK,0,0,0,0,21142489178,2909108781,16465497,6005676,4,2.333333333333333,0.082,0.0616666666666666,0.0241315837303176,0,9437184,2,2,0
0,1,1,0,4,5,0.8,50,0.0,9.613617433263087,0.1040191173553466,0.1036393642425537,0.1508741855621337,0.1522085952758789,0.0420192672903171,1.0,ATTACK,0,0,0,0,21142530230,2909134112,16465622,6005833,5,3.6666666666666665,0.082,0.0773333333333333,0.0080829037686547,0,9437184,1,4,0
0,1,1,0,5,5,1.0,50,0.0,54.52912559510963,0.0183388233184814,0.0147264003753662,0.0305665493011474,0.0377268886566162,0.0106099805415031,1.0,NORMAL,0,0,0,0,21142542436,2909151583,16465702,6005957,5,4.666666666666667,0.085,0.083,0.001732050807569,0,13631488,0,5,0
0,1,1,0,5,5,1.0,50,0.0,77.56628903461565,0.012892198562622,0.0104057788848876,0.0182377815246582,0.0215931606292724,0.0046635938731599,1.0,NORMAL,0,0,0,0,21142546716,2909162677,16465759,6006052,5,5.0,0.036,0.0676666666666666,0.0274651294068193,0,17825792,0,5,0
0,1,1,0,5,5,1.0,50,0.0,75.49550911676296,0.0132458209991455,0.010704755783081,0.019551134109497,0.0243790245056152,0.0059006184480405,1.0,NORMAL,0,0,0,0,21142550028,2909173419,16465810,6006141,5,5.0,0.005,0.042,0.0403360880601974,0,23068672,0,5,0
0,1,1,0,5,5,1.0,50,0.0,59.04260500629236,0.0169369220733642,0.0134587287902832,0.024934959411621,0.0314871025085449,0.0076631463493465,1.0,NORMAL,0,0,0,0,21142553604,2909184997,16465864,6006238,5,5.0,0.005,0.0153333333333333,0.0178978583448783,0,23068672,0,5,0
0,1,1,0,5,5,1.0,50,0.0,62.57502789862208,0.0159808158874511,0.0121479034423828,0.026140022277832,0.0327143955230712,0.0089751860164853,1.0,NORMAL,0,0,0,0,21142556889,2909195454,16465914,6006325,5,5.0,0.005,0.005,0.0,0,23068672,0,5,0
0,1,1,0,5,5,1.0,50,0.0,68.27311171953082,0.0146470546722412,0.0117557048797607,0.0207670211791992,0.0232888984680175,0.0049683787802708,1.0,NORMAL,0,0,0,0,21142560099,2909206066,16465963,6006413,5,5.0,0.005,0.005,0.0,0,23068672,0,5,0
0,1,1,0,5,5,1.0,50,0.0,8.355317074647774,0.1196842670440673,0.1228196620941162,0.1660726070404052,0.1738381385803222,0.0470152343796973,1.0,ATTACK,0,0,0,0,21142563591,2909217700,16466017,6006508,5,5.0,0.005,0.005,0.0,0,24117248,0,5,0
0,1,1,0,5,5,1.0,50,0.0,10.94094145794564,0.0913998126983642,0.0948696136474609,0.122430944442749,0.1248823547363281,0.0300498844932578,1.0,ATTACK,0,0,0,0,21142566963,2909229468,16466069,6006598,5,5.0,0.005,0.005,0.0,0,24117248,0,5,0
0,1,1,0,5,5,1.0,50,0.0,8.857394459144691,0.1129000186920166,0.0866467952728271,0.1809433460235595,0.2015821075439453,0.0551100872284589,1.0,ATTACK,0,0,0,0,21142571554,2909243241,16466133,6006706,5,5.0,0.045,0.0183333333333333,0.023094010767585,0,24117248,0,5,0
0,1,1,0,5,5,1.0,50,0.0,10.765822096005486,0.0928865432739257,0.0828511714935302,0.1181392192840576,0.1254539680480957,0.0202588546914676,1.0,ATTACK,0,0,0,0,21142575319,2909256080,16466191,6006806,5,5.0,0.073,0.041,0.0341760149812701,0,25165824,0,5,0
0,1,1,0,5,5,1.0,50,0.0,8.167354370113623,0.1224386692047119,0.112072467803955,0.1849718570709228,0.2108624267578125,0.0537545937348601,1.0,ATTACK,0,0,0,0,21142579135,2909269030,16466249,6006906,5,5.0,0.073,0.0636666666666666,0.0161658075373095,0,24117248,0,5,0
0,1,1,0,5,5,1.0,50,0.0,10.877744979197884,0.0919308185577392,0.0957136154174804,0.1177700042724609,0.1183830070495605,0.0241564526709416,1.0,ATTACK,0,0,0,0,21142582507,2909280906,16466301,6006997,5,5.0,0.071,0.0723333333333333,0.0011547005383796,0,24117248,0,5,0
0,1,1,0,5,5,1.0,50,0.0,60.25381191944905,0.0165964603424072,0.0146341323852539,0.0251838684082031,0.031098289489746,0.0078417501487718,1.0,NORMAL,0,0,0,0,21142586323,2909293324,16466359,6007100,5,5.0,0.071,0.0716666666666666,0.0011547005383796,0,24117248,0,5,0
0,1,1,0,5,5,1.0,50,0.0,63.89392609924929,0.0156509399414062,0.0121161937713623,0.0229282855987548,0.0267908382415771,0.0061062803719583,1.0,NORMAL,0,0,0,0,21142589635,2909304650,16466410,6007192,5,5.0,0.044,0.062,0.0155884572681199,0,24117248,0,5,0
0,1,1,0,5,5,1.0,50,0.0,55.46964599335576,0.0180278778076171,0.014327049255371,0.0283448219299316,0.0326215934753418,0.008448655038901,1.0,NORMAL,0,0,0,0,21142592920,2909315305,16466460,6007280,5,5.0,0.005,0.04,0.0331813200460741,0,24117248,0,5,0
0,1,1,0,5,5,1.0,50,0.0,68.6753205925887,0.0145612716674804,0.0155913829803466,0.0158160209655761,0.0158706951141357,0.0015151336085267,1.0,NORMAL,0,0,0,0,21142596112,2909325659,16466509,6007367,5,5.0,0.005,0.018,0.0225166604983954,0,25165824,0,5,0
0,1,1,0,5,5,1.0,50,0.0,70.02457527513623,0.0142807006835937,0.0140967369079589,0.0153173446655273,0.0158397102355957,0.0008960410141436,1.0,NORMAL,0,0,0,0,21142599184,2909336069,16466556,6007452,5,5.0,0.005,0.005,0.0,0,25165824,0,5,0
0,1,1,0,5,5,1.0,50,0.0,92.77216948162828,0.0107790946960449,0.0094311237335205,0.0133412837982177,0.014215383529663,0.0020482262934879,1.0,NORMAL,0,0,0,0,21142602376,2909346393,16466605,6007536,5,5.0,0.005,0.005,0.0,0,25165824,0,5,0
0,1,1,0,5,5,1.0,50,0.0,14.410622820869085,0.069393253326416,0.0530896186828613,0.1058969020843506,0.1370687198638916,0.0356171255427544,1.0,ATTACK,0,0,0,0,21142605748,2909357823,16466657,6007630,5,5.0,0.005,0.005,0.0,0,25165824,0,5,0
0,1,1,0,5,5,1.0,50,0.0,9.20570246885454,0.1086283206939697,0.0950965881347656,0.1494457721710205,0.1495367527008056,0.0349771784685855,1.0,ATTACK,0,0,0,0,21142609384,2909370097,16466712,6007724,5,5.0,0.038,0.016,0.0190525588832576,0,25165824,0,5,0
0,1,1,0,5,5,1.0,50,0.0,10.271074011021629,0.0973608016967773,0.0875136852264404,0.1339691638946533,0.1569935894012451,0.0324993796105545,1.0,ATTACK,0,0,0,0,21142613149,2909383012,16466770,6007824,5,5.0,0.038,0.027,0.0190525588832576,0,25165824,0,5,0
0,1,1,0,5,5,1.0,50,0.0,6.738099698012356,0.1484097957611084,0.1733453273773193,0.1833045959472656,0.1885348606109619,0.0390481477527634,1.0,ATTACK,0,0,0,0,21142616965,2909396166,16466828,6007926,5,5.0,0.072,0.0493333333333333,0.0196299091524472,0,25165824,0,5,0
0,1,1,0,5,5,1.0,50,0.0,8.21669823943455,0.1217033863067627,0.1334376335144043,0.1554684162139892,0.1595632266998291,0.0330933911786556,1.0,ATTACK,0,0,0,0,21142620277,2909408430,16466879,6008021,5,5.0,0.073,0.061,0.0199248588451712,0,25165824,0,5,0
0,1,1,0,5,5,1.0,50,0.0,10.953152942356224,0.0912979125976562,0.0615348815917968,0.1522071838378906,0.160329942703247,0.0486923049217184,1.0,ATTACK,0,0,0,0,21142624033,2909421744,16466936,6008124,5,5.0,0.073,0.0726666666666666,0.0005773502691895,0,25165824,0,5,0
0,1,1,0,5,5,1.0,50,0.0,88.86049024385076,0.0112535953521728,0.0117554664611816,0.0127898216247558,0.0133137321472167,0.0014622547757523,1.0,NORMAL,0,0,0,0,21142627858,2909434169,16466995,6008227,5,5.0,0.051,0.0656666666666666,0.0127017059221717,0,25165824,0,5,0
0,1,1,0,5,5,1.0,50,0.0,95.75030932824409,0.0104438304901123,0.0093302726745605,0.0132721424102783,0.0153603172302246,0.0026115170136563,1.0,NORMAL,0,0,0,0,21142631110,2909444779,16467045,6008315,5,5.0,0.051,0.0583333333333333,0.0127017059221717,0,25165824,0,5,0
0,1,1,0,5,5,1.0,50,0.0,78.84771125105743,0.0126826763153076,0.0148301124572753,0.0152623653411865,0.0154683589935302,0.002997762820687,1.0,NORMAL,0,0,0,0,21142634558,2909455129,16467092,6008400,5,5.0,0.005,0.0356666666666666,0.0265581123827227,0,25165824,0,5,0
0,1,1,0,5,5,1.0,50,0.0,61.46707192327871,0.0162688732147216,0.0130267143249511,0.0229703426361084,0.0279108428955078,0.0061508385282604,1.0,NORMAL,0,0,0,0,21142638598,2909466619,16467145,6008494,5,5.0,0.005,0.0203333333333333,0.0265581123827227,0,25165824,0,5,0
0,1,1,0,5,5,1.0,50,0.0,73.63854067909688,0.0135798454284667,0.013120412826538,0.0183340549468994,0.0213991546630859,0.0043368819911995,1.0,NORMAL,0,0,0,0,21142641994,2909477295,16467196,6008583,5,5.0,0.005,0.005,0.0,0,25165824,0,5,0
0,1,1,0,5,5,1.0,50,0.0,74.83307403548336,0.0133630752563476,0.0100550651550292,0.019445514678955,0.0225567913055419,0.0050631390048677,1.0,NORMAL,0,0,0,0,21142645489,2909487649,16467247,6008670,5,5.0,0.005,0.005,0.0,0,25165824,0,5,0
0,1,1,0,1,1,1.0,50,0.0,18.10725938819685,0.0552264690399169,0.0530474185943603,0.0622284412384033,0.0647806167602539,0.0059945068746707,1.0,ATTACK,0,0,0,0,21142705312,2909678468,16468153,6010270,1,1.0,0.001,0.001,0.0,0,5242880,0,1,0
0,1,1,0,1,1,1.0,50,0.0,69.24859003315238,0.0144407272338867,0.0101637840270996,0.0238436698913574,0.0311256313323974,0.0088057444175238,1.0,ATTACK,0,0,0,0,21142708624,2909690202,16468204,6010358,1,1.0,0.001,0.001,0.0,0,5242880,0,1,0
0,1,1,0,1,1,1.0,50,0.0,19.536687090045767,0.0511857509613037,0.0486896038055419,0.0911038398742675,0.107085256576538,0.0343691434793639,1.0,ATTACK,0,0,0,0,21142711996,2909702250,16468256,6010451,1,1.0,0.001,0.001,0.0,0,5242880,0,1,0
0,1,1,0,1,1,1.0,50,0.0,22.22180779370502,0.0450008392333984,0.0196354389190673,0.0900803089141845,0.1057420063018798,0.0360115889064806,1.0,ATTACK,0,0,0,0,21142715512,2909714224,16468309,6010543,1,1.0,0.039,0.0136666666666666,0.0219393102292057,0,5242880,0,1,0
0,1,1,0,1,2,0.5,50,0.0,54.203279874904695,0.018449068069458,0.0165841579437255,0.0247712135314941,0.0267822265625,0.0053129288093516,1.0,ATTACK,0,0,0,0,21142735580,2909730889,16468388,6010652,2,1.3333333333333333,0.051,0.0303333333333333,0.0261023626006025,0,5242880,0,2,0
0,1,1,0,2,4,0.5,50,0.0,21.215884558343,0.0471344947814941,0.0471565723419189,0.0606577396392822,0.0618576526641845,0.0118865481863513,1.0,ATTACK,0,0,0,0,21142755493,2909749105,16468473,6010773,4,2.333333333333333,0.051,0.0469999999999999,0.0069282032302755,0,5242880,2,2,0
0,1,1,0,2,4,0.5,50,0.0,23.67809161865341,0.04223313331604,0.0395762920379638,0.0611243247985839,0.0735676288604736,0.0173625988727421,1.0,ATTACK,0,0,0,0,21142775702,2909767072,16468556,6010893,4,3.333333333333333,0.05,0.0506666666666666,0.0005773502691897,0,5242880,0,4,0
0,1,1,0,4,4,1.0,50,0.0,63.09235425428859,0.0158497810363769,0.0172808170318603,0.019847822189331,0.0209655952453613,0.0038382340582467,1.0,ATTACK,0,0,0,0,21142780014,2909779704,16468616,6010993,4,4.0,0.068,0.0563333333333333,0.0101159939369956,0,14680064,0,4,0
0,1,1,0,4,5,0.8,50,0.0,35.78763786286325,0.0279426097869873,0.0194118022918701,0.0475817203521728,0.0614692974090576,0.0178029030566074,1.0,ATTACK,0,0,0,0,21142801411,2909798101,16468707,6011118,5,4.333333333333333,0.054,0.0573333333333333,0.0094516312525052,0,19922944,0,5,0
0,1,1,0,5,5,1.0,50,0.0,21.74530493065233,0.0459869384765625,0.0328564643859863,0.0856152057647705,0.0919977474212646,0.0322531409417007,1.0,ATTACK,0,0,0,0,21142804423,2909809001,16468753,6011201,5,4.666666666666667,0.054,0.0586666666666666,0.0080829037686547,0,19922944,0,5,0
0,1,1,0,5,5,1.0,50,0.0,31.96010838522474,0.031289005279541,0.0202705860137939,0.0634344100952148,0.0833022403717041,0.0281252577253644,1.0,ATTACK,0,0,0,0,21142807948,2909821020,16468807,6011294,5,5.0,0.068,0.0586666666666666,0.0080829037686547,0,25165824,0,5,0
0,1,1,0,5,5,1.0,50,0.0,59.76171139208763,0.0167331218719482,0.0107381343841552,0.0266000270843505,0.0268026733398437,0.0080240250849429,1.0,NORMAL,0,0,0,0,21142812304,2909835638,16468874,6011411,5,5.0,0.057,0.0596666666666666,0.0073711147958319,0,25165824,0,5,0
0,1,1,0,5,5,1.0,50,0.0,68.96802115260658,0.0144994735717773,0.011676549911499,0.0212081909179687,0.023459186553955,0.0053887126854729,1.0,NORMAL,0,0,0,0,21142815574,2909846068,16468924,6011498,5,5.0,0.022,0.0489999999999999,0.0240208242989286,0,25165824,0,5,0
0,1,1,0,5,5,1.0,50,0.0,57.01090930838845,0.0175405025482177,0.0174329280853271,0.0225780010223388,0.0229419231414794,0.0044727679644688,1.0,NORMAL,0,0,0,0,21142818706,2909856618,16468972,6011584,5,5.0,0.022,0.0336666666666666,0.0202072594216369,0,25165824,0,5,0
0,1,1,0,5,5,1.0,50,0.0,61.74741044771725,0.016195011138916,0.0126473903656005,0.024614143371582,0.0294628906249999,0.0072432747301332,1.0,NORMAL,0,0,0,0,21142822078,2909868004,16469024,6011677,5,5.0,0.022,0.022,0.0,0,26214400,0,5,0
0,1,1,0,5,5,1.0,50,0.0,66.80040644320785,0.0149699687957763,0.0113782882690429,0.0225743293762207,0.0269320392608642,0.0064879805376338,1.0,NORMAL,0,0,0,0,21142826194,2909879112,16469081,6011772,5,5.0,0.005,0.0163333333333333,0.0098149545762236,0,26214400,0,5,0
0,1,1,0,5,5,1.0,50,0.0,93.8957416420042,0.0106501102447509,0.010671854019165,0.0112826824188232,0.0116015434265136,0.0005958233492081,1.0,NORMAL,0,0,0,0,21142829326,2909889372,16469129,6011856,5,5.0,0.005,0.0106666666666666,0.0098149545762236,0,26214400,0,5,0
0,1,1,0,5,5,1.0,50,0.0,79.0063328573958,0.0126572132110595,0.0108861923217773,0.0171142101287841,0.0190704631805419,0.003657954664982,1.0,NORMAL,0,0,0,0,21142832518,2909899692,16469178,6011941,5,5.0,0.005,0.005,0.0,0,26214400,0,5,0
0,1,1,0,5,5,1.0,50,0.0,60.27753825636073,0.0165899276733398,0.0117354393005371,0.024797773361206,0.0254255390167236,0.0065958718684385,1.0,NORMAL,0,0,0,0,21142835650,2909910248,16469226,6012028,5,5.0,0.005,0.005,0.0,0,26214400,0,5,0
0,1,1,0,5,5,1.0,50,0.0,56.50598968577726,0.0176972389221191,0.01283860206604,0.0279418468475341,0.0356357955932617,0.0094650272146052,1.0,NORMAL,0,0,0,0,21142839166,2909921652,16469279,6012122,5,5.0,0.005,0.005,0.0,0,26214400,0,5,0
0,1,1,0,5,5,1.0,50,0.0,95.858412257286,0.0104320526123046,0.0100462436676025,0.0122145175933837,0.0127440071105957,0.0014812934722908,1.0,NORMAL,0,0,0,0,21142842418,2909932144,16469329,6012209,5,5.0,0.005,0.005,0.0,0,26214400,0,5,0
0,1,1,0,5,5,1.0,50,0.0,99.563320435825,0.0100438594818115,0.0102961063385009,0.0104786872863769,0.0105793666839599,0.0004492155039241,1.0,NORMAL,0,0,0,0,21142845643,2909942801,16469378,6012298,5,5.0,0.005,0.005,0.0,0,26214400,0,5,0
0,1,1,0,5,5,1.0,50,0.0,82.0575104374127,0.012186574935913,0.0117309093475341,0.0134384632110595,0.0137465953826904,0.0010249042239887,1.0,NORMAL,0,0,0,0,21142848775,2909953239,16469426,6012384,5,5.0,0.005,0.005,0.0,0,26214400,0,5,0
0,1,1,0,5,2,2.5,50,0.0,15.548452866839416,0.0643150806427002,0.0658743381500244,0.0800093173980713,0.0856530284881591,0.0167337171593669,1.0,ATTACK,0,0,0,0,21142852147,2909964533,16469478,6012475,5,5.0,0.005,0.005,0.0,0,26214400,0,5,0
0,1,1,0,5,2,2.5,50,0.0,51.25593604348496,0.0195099353790283,0.0173780918121337,0.0278459072113037,0.0327843475341796,0.0072991159126822,1.0,ATTACK,0,0,0,0,21142855219,2909975369,16469525,6012558,5,5.0,0.005,0.005,0.0,0,26214400,0,5,0
0,1,1,0,2,2,1.0,50,0.0,29.60356402771269,0.0337797164916992,0.029412031173706,0.0484782695770263,0.0582793617248535,0.0133614971037942,1.0,ATTACK,0,0,0,0,21142858591,2909987391,16469577,6012651,5,5.0,0.037,0.0156666666666666,0.018475208614068,0,26214400,0,5,0
0,1,1,0,2,3,0.6666666666666666,50,0.0,44.44578198349034,0.0224993228912353,0.0291147232055664,0.0305404186248779,0.0310801219940185,0.0091806637795479,1.0,ATTACK,0,0,0,0,21142879255,2910005603,16469664,6012772,3,4.333333333333333,0.054,0.032,0.0248797106092494,0,10485760,0,3,0
0,1,1,0,3,5,0.6,50,0.0,26.05659474805708,0.0383780002593994,0.0171992778778076,0.0849647998809814,0.1252178478240966,0.0457044030650037,1.0,ATTACK,0,0,0,0,21142892029,2910019673,16469733,6012879,5,4.333333333333333,0.054,0.0483333333333333,0.0098149545762236,0,10485760,2,3,0
0,1,1,0,3,5,0.6,50,0.0,23.093208534067447,0.0433027744293212,0.022202730178833,0.0833593368530273,0.0892991638183593,0.031931486570415,1.0,ATTACK,0,0,0,0,21142918807,2910040455,16469823,6012998,5,4.333333333333333,0.066,0.0579999999999999,0.0069282032302755,0,14680064,0,5,0
0,1,1,0,5,5,1.0,50,0.0,44.07124018871295,0.0226905345916748,0.0229947566986084,0.0264849662780761,0.0282638072967529,0.0034037167195482,1.0,ATTACK,0,0,0,0,21142922299,2910051995,16469877,6013090,5,5.0,0.079,0.0663333333333333,0.0125033328890073,0,18874368,0,5,0
0,1,1,0,5,5,1.0,50,0.0,79.67297317832991,0.0125513076782226,0.0109987258911132,0.0165485858917236,0.0192074489593505,0.0035642129237115,1.0,ATTACK,0,0,0,0,21142926151,2910064529,16469937,6013189,5,5.0,0.055,0.0666666666666666,0.0120138808606267,0,24117248,0,5,0
0,1,1,0,5,5,1.0,50,0.0,31.494490740810267,0.0317515850067138,0.0164320468902587,0.058903169631958,0.0622800064086914,0.0216560681360106,1.0,ATTACK,0,0,0,0,21142929940,2910076892,16469994,6013286,5,5.0,0.055,0.063,0.013856406460551,0,24117248,0,5,0
0,1,1,0,5,5,1.0,50,0.0,51.26082216692658,0.0195080757141113,0.0148093700408935,0.0293397903442382,0.031133222579956,0.0078470369690376,1.0,ATTACK,0,0,0,0,21142933492,2910089204,16470049,6013382,5,5.0,0.057,0.0556666666666666,0.0011547005383795,0,25165824,0,5,0
0,1,1,0,5,5,1.0,50,0.0,53.13550217898044,0.0188198089599609,0.0122575759887695,0.0317936897277832,0.0401844120025634,0.0113988729438966,1.0,ATTACK,0,0,0,0,21142936804,2910100946,16470100,6013472,5,5.0,0.057,0.0563333333333333,0.0011547005383795,0,25165824,0,5,0
0,1,1,0,5,5,1.0,50,0.0,74.11347693177602,0.0134928226470947,0.0120699405670166,0.0177356719970703,0.0194821548461914,0.0035025084631995,1.0,NORMAL,0,0,0,0,21142941236,2910115064,16470162,6013583,5,5.0,0.055,0.0563333333333333,0.0011547005383795,0,25165824,0,5,0
0,1,1,0,5,5,1.0,50,0.0,63.12045893705267,0.0158427238464355,0.0144820213317871,0.0234457969665527,0.0285199356079101,0.0069125668307358,1.0,NORMAL,0,0,0,0,21142945096,2910125574,16470212,6013671,5,5.0,0.036,0.0493333333333333,0.0115902257671425,0,25165824,0,5,0
0,1,1,0,5,5,1.0,50,0.0,93.01122529083304,0.0107513904571533,0.0099909305572509,0.0130717754364013,0.013479471206665,0.0018782613639996,1.0,NORMAL,0,0,0,0,21142948945,2910137245,16470270,6013769,5,5.0,0.036,0.0423333333333333,0.0109696551146029,0,25165824,0,5,0
0,1,1,0,5,5,1.0,50,0.0,80.99050738014505,0.01234712600708,0.0104091167449951,0.0170193195343017,0.0206140804290771,0.0043664259137431,1.0,NORMAL,0,0,0,0,21142952137,2910147747,16470319,6013856,5,5.0,0.005,0.0256666666666666,0.0178978583448784,0,25165824,0,5,0
0,1,1,0,5,5,1.0,50,0.0,69.99536068194638,0.0142866611480712,0.0107176303863525,0.0210907459259033,0.0221189975738525,0.0054159497571364,1.0,NORMAL,0,0,0,0,21142955509,2910159145,16470371,6013950,5,5.0,0.005,0.0153333333333333,0.0178978583448784,0,25165824,0,5,0
0,1,1,0,5,5,1.0,50,0.0,67.65071920050839,0.0147818088531494,0.0120563507080078,0.0203029155731201,0.0216651344299316,0.0044186585721305,1.0,NORMAL,0,0,0,0,21142958881,2910169717,16470423,6014039,5,5.0,0.005,0.005,0.0,0,25165824,0,5,0
0,1,1,0,5,5,1.0,50,0.0,63.81848502184948,0.0156694412231445,0.0128049850463867,0.0251005172729492,0.0320122051239013,0.008715758097582,1.0,NORMAL,0,0,0,0,21142971209,2910189792,16470516,6014170,5,5.0,0.005,0.005,0.0,0,25165824,0,5,0
0,1,1,0,5,5,1.0,50,0.0,77.07878961625116,0.0129737377166748,0.011277437210083,0.0175457000732421,0.0188250064849853,0.0037045348805879,1.0,NORMAL,0,0,0,0,21142974521,2910200974,16470567,6014261,5,5.0,0.005,0.005,0.0,0,25165824,0,5,0
0,1,1,0,5,5,1.0,50,0.0,87.52903858594712,0.0114247798919677,0.0104753971099853,0.0138013839721679,0.0140431690216064,0.0019258404847505,1.0,NORMAL,0,0,0,0,21142977653,2910211194,16470615,6014347,5,5.0,0.005,0.005,0.0,0,25165824,0,5,0
0,1,1,0,5,5,1.0,50,0.0,78.54531290379364,0.0127315044403076,0.0137979984283447,0.0147238254547119,0.01500337600708,0.0020377032907162,1.0,NORMAL,0,0,0,0,21142981496,2910221943,16470668,6014437,5,5.0,0.005,0.005,0.0,0,25165824,0,5,0
0,1,1,0,5,5,1.0,50,0.0,83.30494470573281,0.0120040893554687,0.0103640556335449,0.0154943466186523,0.01639986038208,0.0027787899158069,1.0,NORMAL,0,0,0,0,21142984628,2910232333,16470716,6014523,5,5.0,0.005,0.005,0.0,0,25165824,0,5,0
0,1,1,0,5,5,1.0,50,0.0,72.28567489314766,0.013833999633789,0.0152139663696289,0.0160848140716552,0.0161157989501953,0.0025072526139118,1.0,NORMAL,0,0,0,0,21142988166,2910242941,16470769,6014612,5,5.0,0.005,0.005,0.0,0,25165824,0,5,0
0,1,1,0,5,3,1.6666666666666667,50,0.0,17.905628722064506,0.0558483600616455,0.0542659759521484,0.0732961177825927,0.0839148330688476,0.0159711977051241,1.0,ATTACK,0,0,0,0,21142991538,2910254295,16470821,6014705,5,5.0,0.005,0.005,0.0,0,25165824,0,5,0
0,1,1,0,5,3,1.6666666666666667,50,0.0,34.546667567198035,0.0289463520050048,0.0276830196380615,0.0446548461914062,0.0490729808807373,0.0132983768990385,1.0,ATTACK,0,0,0,0,21142994994,2910266281,16470873,6014798,5,5.0,0.008,0.006,0.0017320508075692,0,25165824,0,5,0
0,1,1,0,3,2,1.5,50,0.0,30.90500751569454,0.0323572158813476,0.0248312950134277,0.0516670703887939,0.062707815170288,0.0166329717397094,1.0,ATTACK,0,0,0,0,21142998126,2910277461,16470921,6014885,5,5.0,0.057,0.0233333333333333,0.0291947483861966,0,25165824,0,5,0
0,1,1,0,2,4,0.5,50,0.0,36.56779372865071,0.0273464679718017,0.0248720645904541,0.0351408958435058,0.0362490558624267,0.0065228977575987,1.0,ATTACK,0,0,0,0,21143027492,2910297842,16471023,6015023,5,5.0,0.053,0.0393333333333333,0.02720906711619,0,15728640,2,3,0
0,1,1,0,4,4,1.0,50,0.0,22.99539029022312,0.0434869766235351,0.05000901222229,0.0619938373565673,0.0638855457305908,0.0189867594446125,1.0,ATTACK,0,0,0,0,21143038218,2910313233,16471086,6015121,5,5.0,0.052,0.054,0.0026457513110647,0,10485760,0,5,0
0,1,1,0,4,4,1.0,50,0.0,45.999052448718174,0.0217395782470703,0.0222785472869873,0.0267098903656005,0.0282247161865234,0.0044239359814888,1.0,ATTACK,0,0,0,0,21143042260,2910325839,16471146,6015221,4,4.666666666666667,0.08,0.0616666666666666,0.0158850034099251,0,18874368,0,4,0
0,1,1,0,4,4,1.0,50,0.0,42.51460636801155,0.0235213279724121,0.0204789638519287,0.0350195407867431,0.0417646312713623,0.010040277923855,1.0,ATTACK,0,0,0,0,21143045872,2910338171,16471202,6015319,4,4.333333333333333,0.055,0.0623333333333333,0.0153731367434669,0,18874368,0,4,0
0,1,1,0,4,5,0.8,50,0.0,44.11137894333876,0.0226698875427246,0.0248708724975585,0.0280523300170898,0.029794692993164,0.0052693321286588,1.0,ATTACK,0,0,0,0,21143065882,2910355198,16471280,6015432,5,4.333333333333333,0.056,0.0636666666666666,0.0141539158303747,0,18874368,1,4,0
0,1,1,0,5,5,1.0,50,0.0,59.59087873836755,0.0167810916900634,0.0161943435668945,0.0215760707855224,0.0246076965332031,0.0044638642983192,1.0,ATTACK,0,0,0,0,21143069374,2910367316,16471334,6015525,5,4.666666666666667,0.056,0.0556666666666666,0.0005773502691903,0,18874368,0,5,0
0,1,1,0,5,5,1.0,50,0.0,31.605462209569566,0.0316401004791259,0.0198390483856201,0.0663909435272216,0.0935626220703125,0.0327880282432293,1.0,ATTACK,0,0,0,0,21143073395,2910379702,16471395,6015623,5,5.0,0.07,0.0606666666666666,0.0080829037686548,0,24117248,0,5,0
0,1,1,0,5,5,1.0,50,0.0,40.070620065575774,0.024955940246582,0.0149297714233398,0.0495585918426513,0.0680875492095947,0.0228013264320526,1.0,ATTACK,0,0,0,0,21143077220,2910392381,16471454,6015724,5,5.0,0.055,0.0603333333333333,0.0083864970836061,0,24117248,0,5,0
0,1,1,0,5,5,1.0,50,0.0,80.78646491417301,0.0123783111572265,0.0128417015075683,0.0131650924682617,0.0131967639923095,0.0008711874987223,1.0,NORMAL,0,0,0,0,21143080772,2910405089,16471509,6015823,5,5.0,0.056,0.0603333333333333,0.0083864970836061,0,24117248,0,5,0
0,1,1,0,5,5,1.0,50,0.0,57.77453311257366,0.0173086643218994,0.0138623714447021,0.0267428398132324,0.0316666030883789,0.0079571103790665,1.0,NORMAL,0,0,0,0,21143084348,2910416665,16471563,6015919,5,5.0,0.056,0.0556666666666666,0.0005773502691904,0,24117248,0,5,0
0,1,1,0,5,5,1.0,50,0.0,68.45429203742027,0.0146082878112792,0.012904405593872,0.0196255683898925,0.0202543640136718,0.0040788458656919,1.0,NORMAL,0,0,0,0,21143087480,2910427001,16471611,6016004,5,5.0,0.023,0.045,0.0190525588832576,0,24117248,0,5,0
0,1,1,0,5,5,1.0,50,0.0,52.8075622401676,0.0189366817474365,0.0174078941345214,0.0265319347381591,0.030959939956665,0.0066826806658332,1.0,NORMAL,0,0,0,0,21143090552,2910437347,16471658,6016089,5,5.0,0.005,0.028,0.0258650343127551,0,24117248,0,5,0
0,1,1,0,5,5,1.0,50,0.0,53.8116242132192,0.018583345413208,0.0133342742919921,0.0302815914154052,0.0360547351837158,0.0097508666898534,1.0,NORMAL,0,0,0,0,21143093837,2910447928,16471708,6016177,5,5.0,0.005,0.011,0.0103923048454134,0,24117248,0,5,0
0,1,1,0,5,5,1.0,50,0.0,57.16725047363328,0.0174925327301025,0.0155153274536132,0.0259220123291015,0.0295674991607666,0.0070528362383103,1.0,NORMAL,0,0,0,0,21143097705,2910459464,16471762,6016272,5,5.0,0.005,0.005,0.0,0,24117248,0,5,0
0,1,1,0,5,5,1.0,50,0.0,93.27142374268382,0.0107213973999023,0.0109398365020751,0.011348533630371,0.0115405368804931,0.0006697867033128,1.0,NORMAL,0,0,0,0,21143101565,2910470006,16471812,6016360,5,5.0,0.005,0.005,0.0,0,24117248,0,5,0
0,1,1,0,5,5,1.0,50,0.0,101.99213107738098,0.0098046779632568,0.0100190639495849,0.0103160858154296,0.0104669761657714,0.0004979969895863,1.0,NORMAL,0,0,0,0,21143104697,2910480424,16471860,6016447,5,5.0,0.005,0.005,0.0,0,24117248,0,5,0
0,1,1,0,5,5,1.0,50,0.0,92.07201907161956,0.01086106300354,0.0105178356170654,0.0117898941040039,0.0122803306579589,0.0007840795888796,1.0,NORMAL,0,0,0,0,21143107889,2910490782,16471909,6016533,5,5.0,0.005,0.005,0.0,0,24117248,0,5,0
0,1,1,0,5,5,1.0,50,0.0,66.5262009218461,0.0150316715240478,0.0135576725006103,0.0184864997863769,0.0191898822784423,0.0027616113765326,1.0,NORMAL,0,0,0,0,21143111321,2910502292,16471962,6016627,5,5.0,0.005,0.005,0.0,0,24117248,0,5,0
0,1,1,0,5,5,1.0,50,0.0,88.86199634747311,0.0112534046173095,0.0113894939422607,0.0117172718048095,0.0117488574981689,0.0004436544375395,1.0,NORMAL,0,0,0,0,21143114744,2910512935,16472014,6016717,5,5.0,0.005,0.005,0.0,0,24117248,0,5,0
0,1,1,0,5,5,1.0,50,0.0,61.76450491841904,0.0161905288696289,0.0130910873413085,0.0250290870666503,0.0311441802978515,0.0080058231997443,1.0,NORMAL,0,0,0,0,21143117816,2910523137,16472061,6016801,5,5.0,0.005,0.005,0.0,0,24117248,0,5,0
0,1,1,0,1,1,1.0,50,0.0,12.86500818037434,0.0777302265167236,0.0568764209747314,0.1375361919403076,0.1717453861236572,0.0514451329725658,1.0,ATTACK,0,0,0,0,21143178746,2910719389,16472983,6018446,1,1.0,0.001,0.001,0.0,0,5242880,0,1,0
0,1,1,0,1,1,1.0,50,0.0,13.158022863309531,0.0759992599487304,0.0807721614837646,0.1023566246032714,0.1041945171356201,0.0246036839556686,1.0,ATTACK,0,0,0,0,21143182202,2910731303,16473035,6018537,1,1.0,0.001,0.001,0.0,0,5242880,0,1,0
0,1,1,0,1,1,1.0,50,0.0,16.452005908799578,0.0607828617095947,0.0464816093444824,0.1051686763763427,0.1158824062347412,0.0358500816654995,1.0,ATTACK,0,0,0,0,21143186027,2910744706,16473094,6018641,1,1.0,0.001,0.001,0.0,0,5242880,0,1,0
0,1,1,0,1,1,1.0,50,0.0,10.685395239255,0.0935856819152832,0.0831892490386962,0.1223903179168701,0.138470869064331,0.0248429759925559,1.0,ATTACK,0,0,0,0,21143189919,2910756902,16473147,6018735,1,1.0,0.057,0.0196666666666666,0.032331615074619,0,5242880,0,1,0
0,1,1,0,1,2,0.5,50,0.0,9.783162610781504,0.1022164344787597,0.0950555801391601,0.1284850120544433,0.141576509475708,0.022369086413826,1.0,ATTACK,0,0,0,0,21143210835,2910775023,16473230,6018856,2,1.3333333333333333,0.069,0.0423333333333333,0.0362950869035098,0,5242880,0,2,0
0,1,1,0,2,4,0.5,50,0.0,10.191862361026264,0.0981174945831298,0.1074955463409423,0.1191310882568359,0.1221514701843261,0.0209157865205003,1.0,ATTACK,0,0,0,0,21143214387,2910787853,16473285,6018954,4,2.333333333333333,0.084,0.07,0.0135277492584686,0,9437184,2,2,0
0,1,1,0,2,4,0.5,50,0.0,14.921102473578683,0.0670191764831543,0.0711486339569091,0.077786111831665,0.079699363708496,0.0124120010096644,1.0,ATTACK,0,0,0,0,21143251129,2910811849,16473400,6019102,4,3.333333333333333,0.084,0.079,0.0086602540378443,0,9437184,0,4,0
0,1,1,0,4,5,0.8,50,0.0,12.324769698661534,0.0811374187469482,0.0833082199096679,0.1113331794738769,0.113725881576538,0.0290623959610116,1.0,ATTACK,0,0,0,0,21143271771,2910830087,16473488,6019224,5,4.333333333333333,0.117,0.095,0.0190525588832576,0,17825792,0,5,0
0,1,1,0,5,5,1.0,50,0.0,16.394477095518855,0.0609961509704589,0.0557112693786621,0.0956003189086914,0.1189160537719726,0.0317134147218118,1.0,ATTACK,0,0,0,0,21143275701,2910842527,16473549,6019323,5,4.666666666666667,0.088,0.0963333333333333,0.0180092568789867,0,23068672,0,5,0
0,1,1,0,5,5,1.0,50,0.0,11.589164336475868,0.0862874984741211,0.063636302947998,0.1333349227905273,0.1389527130126953,0.0380280898504681,1.0,ATTACK,0,0,0,0,21143279757,2910856109,16473611,6019430,5,5.0,0.085,0.0966666666666666,0.0176729548557487,0,23068672,0,5,0
0,1,1,0,5,5,1.0,50,0.0,9.916657879294128,0.100840425491333,0.0764150619506836,0.1514463424682617,0.1770217418670654,0.0421020735704291,1.0,ATTACK,0,0,0,0,21143283069,2910867985,16473662,6019521,5,5.0,0.073,0.082,0.0079372539331937,0,23068672,0,5,0
0,1,1,0,5,5,1.0,50,0.0,70.5370788935529,0.0141769409179687,0.017413854598999,0.0174170494079589,0.0174182510375976,0.0039673749536429,1.0,NORMAL,0,0,0,0,21143287836,2910882022,16473729,6019637,5,5.0,0.073,0.077,0.0069282032302754,0,23068672,0,5,0
0,1,1,0,5,5,1.0,50,0.0,87.60289565693232,0.011415147781372,0.0114574432373046,0.0126914024353027,0.0133854293823242,0.0011614839356593,1.0,NORMAL,0,0,0,0,21143291061,2910892601,16473778,6019724,5,5.0,0.03,0.0586666666666666,0.0248260615751539,0,23068672,0,5,0
0,1,1,0,5,5,1.0,50,0.0,62.53453761491416,0.0159911632537841,0.0131199359893798,0.0256951808929443,0.0311904048919677,0.0083632135363381,1.0,NORMAL,0,0,0,0,21143294193,2910902917,16473826,6019810,5,5.0,0.005,0.036,0.0343947670438397,0,23068672,0,5,0
0,1,1,0,5,5,1.0,50,0.0,58.11539101036413,0.0172071456909179,0.0145678520202636,0.0261314392089843,0.0321436214447021,0.0080325857740771,1.0,NORMAL,0,0,0,0,21143297505,2910914169,16473877,6019902,5,5.0,0.005,0.0133333333333333,0.0144337567297407,0,23068672,0,5,0
0,1,1,0,5,5,1.0,50,0.0,63.79150177489954,0.0156760692596435,0.0124416351318359,0.0229202270507812,0.0273155307769775,0.0063003919477999,1.0,NORMAL,0,0,0,0,21143300637,2910924543,16473925,6019988,5,5.0,0.005,0.005,0.0,0,23068672,0,5,0
0,1,1,0,5,5,1.0,50,0.0,77.68236623265979,0.0128729343414306,0.0115330219268798,0.0176283836364746,0.0189877700805664,0.0038757379775401,1.0,NORMAL,0,0,0,0,21143303769,2910934993,16473973,6020075,5,5.0,0.005,0.005,0.0,0,23068672,0,5,0
0,1,1,0,5,5,1.0,50,0.0,9.899796023280064,0.1010121822357177,0.0884041786193847,0.1450976371765137,0.1770816707611084,0.041785404099708,1.0,ATTACK,0,0,0,0,21143307618,2910946818,16474031,6020173,5,5.0,0.005,0.005,0.0,0,23068672,0,5,0
0,1,1,0,5,5,1.0,50,0.0,12.660337560384288,0.0789868354797363,0.0582969188690185,0.1341671466827392,0.1488783550262451,0.0446160030896741,1.0,ATTACK,0,0,0,0,21143310930,2910958754,16474082,6020265,5,5.0,0.005,0.005,0.0,0,23068672,0,5,0
0,1,1,0,5,5,1.0,50,0.0,13.4792873014006,0.0741878986358642,0.0718448162078857,0.106468915939331,0.1190735816955566,0.0277198642570998,1.0,ATTACK,0,0,0,0,21143314242,2910970812,16474133,6020357,5,5.0,0.027,0.0123333333333333,0.0127017059221719,0,23068672,0,5,0
0,1,1,0,5,5,1.0,50,0.0,12.663257838332653,0.0789686203002929,0.0727639198303222,0.1050029277801513,0.1060073184967041,0.0223776287189924,1.0,ATTACK,0,0,0,0,21143317758,2910982900,16474186,6020451,5,5.0,0.073,0.035,0.0346987031457949,0,24117248,0,5,0
0,1,1,0,5,5,1.0,50,0.0,12.212774556409087,0.0818814754486084,0.0795845985412597,0.0986116886138916,0.1001458263397216,0.0141819532237484,1.0,ATTACK,0,0,0,0,21143321490,2910995988,16474244,6020552,5,5.0,0.073,0.0576666666666666,0.0265581123827227,0,24117248,0,5,0
0,1,1,0,5,5,1.0,50,0.0,12.732189279994364,0.078541088104248,0.0741477012634277,0.1278309345245361,0.15736252784729,0.0442608619094838,1.0,ATTACK,0,0,0,0,21143325159,2911008191,16474299,6020648,5,5.0,0.073,0.073,0.0,0,23068672,0,5,0
0,1,1,0,5,5,1.0,50,0.0,11.350614387985347,0.0881009578704834,0.0910315513610839,0.1205543994903564,0.1290403079986572,0.0332173872476315,1.0,ATTACK,0,0,0,0,21143328651,2911020429,16474353,6020744,5,5.0,0.073,0.073,0.0,0,23068672,0,5,0
0,1,1,0,5,5,1.0,50,0.0,12.478219736411509,0.0801396369934082,0.0806140899658203,0.0923299312591552,0.093836088180542,0.0124718189231298,1.0,ATTACK,0,0,0,0,21143331963,2911032579,16474404,6020838,5,5.0,0.073,0.073,0.0,0,23068672,0,5,0
0,1,1,0,5,5,1.0,50,0.0,10.919055416567955,0.0915830135345459,0.0958914756774902,0.1155706882476806,0.1171676540374755,0.0224366583170265,1.0,ATTACK,0,0,0,0,21143335839,2911045605,16474463,6020939,5,5.0,0.073,0.073,0.0,0,23068672,0,5,0
0,1,1,0,5,5,1.0,50,0.0,7.45046086837585,0.1342198848724365,0.1293530464172363,0.1857175827026367,0.2114178657531738,0.0453121015882861,1.0,ATTACK,0,0,0,0,21143339271,2911057679,16474516,6021032,5,5.0,0.072,0.0726666666666666,0.0005773502691888,0,23068672,0,5,0
0,1,1,0,5,5,1.0,50,0.0,11.218244025394082,0.089140510559082,0.0885989665985107,0.1134485244750976,0.1189057254791259,0.0233052485567787,1.0,ATTACK,0,0,0,0,21143343159,2911070026,16474573,6021128,5,5.0,0.072,0.0723333333333333,0.0005773502691889,0,23068672,0,5,0
0,1,1,0,5,5,1.0,50,0.0,54.28311107429802,0.0184219360351562,0.0135166645050048,0.0283122539520263,0.0344003963470459,0.0085750274876362,1.0,NORMAL,0,0,0,0,21143347155,2911083540,16474634,6021236,5,5.0,0.074,0.0726666666666666,0.0011547005383788,0,23068672,0,5,0
0,1,1,0,5,5,1.0,50,0.0,77.29526715981675,0.0129374027252197,0.0100290775299072,0.0178600311279296,0.017944917678833,0.0040168886074688,1.0,NORMAL,0,0,0,0,21143350663,2911093916,16474682,6021321,5,5.0,0.055,0.067,0.0104403065089105,0,23068672,0,5,0
0,1,1,0,5,5,1.0,50,0.0,71.3079313698155,0.0140236854553222,0.0133876800537109,0.0158638477325439,0.0166061115264892,0.0015559520273817,1.0,NORMAL,0,0,0,0,21143355027,2911105778,16474739,6021420,5,5.0,0.005,0.0446666666666666,0.0356417358350198,0,23068672,0,5,0
0,1,1,0,5,5,1.0,50,0.0,54.54288211060713,0.0183341979980468,0.013906717300415,0.0292563438415527,0.0342774391174316,0.0090229412339113,1.0,NORMAL,0,0,0,0,21143358279,2911116210,16474789,6021506,5,5.0,0.005,0.0216666666666666,0.0288675134594813,0,23068672,0,5,0
0,1,1,0,5,5,1.0,50,0.0,83.78687633841531,0.0119350433349609,0.0112323760986328,0.0145107746124267,0.0163931274414062,0.0024310454552528,1.0,NORMAL,0,0,0,0,21143361564,2911126791,16474839,6021594,5,5.0,0.005,0.005,0.0,0,23068672,0,5,0
0,1,1,0,5,5,1.0,50,0.0,61.363654983936,0.0162962913513183,0.0138905048370361,0.0243616580963134,0.0288464832305908,0.0069395070242042,1.0,NORMAL,0,0,0,0,21143364696,2911137085,16474887,6021679,5,5.0,0.005,0.005,0.0,0,23068672,0,5,0
0,1,1,0,5,5,1.0,50,0.0,11.2710658796303,0.0887227535247802,0.0902543067932128,0.1281518936157226,0.1434885501861572,0.0346937636313101,1.0,ATTACK,0,0,0,0,21143368008,2911148525,16474938,6021772,5,5.0,0.005,0.005,0.0,0,23068672,0,5,0
0,1,1,0,5,5,1.0,50,0.0,11.63778426432559,0.0859270095825195,0.0860328674316406,0.1027761936187744,0.1101165199279785,0.0172106007861403,1.0,ATTACK,0,0,0,0,21143371578,2911160603,16474993,6021866,5,5.0,0.005,0.005,0.0,0,23068672,0,5,0
0,1,1,0,5,5,1.0,50,0.0,13.809735783653936,0.0724126815795898,0.0890371799468994,0.1179761886596679,0.1338814735412597,0.0437435746584965,1.0,ATTACK,0,0,0,0,21143374890,2911172613,16475044,6021958,5,5.0,0.046,0.0186666666666666,0.0236713610367747,0,23068672,0,5,0
0,1,1,0,5,5,1.0,50,0.0,11.310078075409075,0.0884167194366455,0.095041275024414,0.1106200218200683,0.1159153461456298,0.0256835085294166,1.0,ATTACK,0,0,0,0,21143379454,2911185385,16475107,6022060,5,5.0,0.074,0.0416666666666666,0.0347035060668707,0,23068672,0,5,0
0,1,1,0,5,5,1.0,50,0.0,10.248592203522191,0.0975743770599365,0.0979363918304443,0.1458468914031982,0.1587534236907959,0.04162468903818,1.0,ATTACK,0,0,0,0,21143383126,2911198397,16475164,6022159,5,5.0,0.072,0.064,0.0156204993518132,0,23068672,0,5,0
0,1,1,0,5,5,1.0,50,0.0,11.595206777258234,0.0862425327301025,0.0846130847930908,0.1243699550628662,0.1461734390258789,0.0342004315897844,1.0,ATTACK,0,0,0,0,21143386702,2911210575,16475218,6022254,5,5.0,0.072,0.0726666666666666,0.0011547005383784,0,23068672,0,5,0
0,1,1,0,5,5,1.0,50,0.0,10.753213937042112,0.0929954528808593,0.0778641700744628,0.1236174583435058,0.1253449726104736,0.0248648519732718,1.0,ATTACK,0,0,0,0,21143389954,2911222011,16475268,6022341,5,5.0,0.072,0.072,0.0,0,23068672,0,5,0
0,1,1,0,5,5,1.0,50,0.0,9.84394465259543,0.1015852928161621,0.1098537445068359,0.1456230640411377,0.1548094367980957,0.0412127850020215,1.0,ATTACK,0,0,0,0,21143393710,2911234987,16475325,6022441,5,5.0,0.073,0.0723333333333333,0.000577350269188,0,23068672,0,5,0
0,1,1,0,5,5,1.0,50,0.0,9.075319257582771,0.1101889610290527,0.1152491569519043,0.1356044292449951,0.1462351608276367,0.0276895430102759,1.0,ATTACK,0,0,0,0,21143397355,2911247280,16475381,6022537,5,5.0,0.073,0.0726666666666666,0.000577350269188,0,23068672,0,5,0
0,1,1,0,5,5,1.0,50,0.0,9.010881451261197,0.1109769344329834,0.1179647445678711,0.1339826107025146,0.1368195724487304,0.0231122898883308,1.0,ATTACK,0,0,0,0,21143400967,2911259950,16475437,6022634,5,5.0,0.073,0.073,0.0,0,23068672,0,5,0
0,1,1,0,5,5,1.0,50,0.0,14.094559101454651,0.0709493637084961,0.0739288330078125,0.1216151237487793,0.1241842937469482,0.0456384257301434,1.0,ATTACK,0,0,0,0,21143404603,2911272150,16475492,6022729,5,5.0,0.072,0.0726666666666666,0.000577350269188,0,23068672,0,5,0
0,1,1,0,5,5,1.0,50,0.0,96.66923264850811,0.0103445529937744,0.0095539093017578,0.0121981143951416,0.0123368167877197,0.0015125925665214,1.0,NORMAL,0,0,0,0,21143408599,2911285650,16475553,6022839,5,5.0,0.072,0.0723333333333333,0.000577350269188,0,23068672,0,5,0
0,1,1,0,5,5,1.0,50,0.0,65.09680002731571,0.015361738204956,0.0118436813354492,0.0218735694885253,0.0253946876525878,0.0054768025769712,1.0,NORMAL,0,0,0,0,21143411791,2911295966,16475602,6022925,5,5.0,0.06,0.068,0.0069282032302754,0,23068672,0,5,0
0,1,1,0,5,5,1.0,50,0.0,66.75957788848743,0.0149791240692138,0.0104858875274658,0.0238834381103515,0.0270698165893554,0.0071361659102859,1.0,NORMAL,0,0,0,0,21143415016,2911306417,16475651,6023012,5,5.0,0.005,0.0456666666666666,0.0357258076652345,0,24117248,0,5,0
0,1,1,0,5,5,1.0,50,0.0,95.858412257286,0.0104320526123046,0.0097334384918212,0.0119521141052246,0.0122669410705566,0.0012184112181681,1.0,NORMAL,0,0,0,0,21143418328,2911317713,16475702,6023105,5,5.0,0.005,0.0233333333333333,0.0317542648054294,0,24117248,0,5,0
0,1,1,0,5,5,1.0,50,0.0,75.75075221510643,0.0132011890411376,0.0124354362487792,0.01791353225708,0.0208809566497802,0.0042343350234882,1.0,NORMAL,0,0,0,0,21143421520,2911328093,16475751,6023191,5,5.0,0.005,0.005,0.0,0,23068672,0,5,0
0,1,1,0,5,5,1.0,50,0.0,66.86941798806832,0.0149545192718505,0.015834093093872,0.0162204265594482,0.0162280654907226,0.0018899878611954,1.0,NORMAL,0,0,0,0,21143424652,2911338547,16475799,6023277,5,5.0,0.005,0.005,0.0,0,23068672,0,5,0
0,1,1,0,1,1,1.0,50,0.0,26.14296434991386,0.0382512092590332,0.0279281139373779,0.0739664077758789,0.0841176891326904,0.029011610597283,1.0,ATTACK,0,0,0,0,21143503116,2911542038,16476780,6024949,1,1.0,0.001,0.001,0.0,0,5242880,0,1,0
0,1,1,0,1,1,1.0,50,0.0,67.01729157279493,0.0149215221405029,0.0141153335571289,0.0176704883575439,0.0188441371917724,0.0022744456697018,1.0,ATTACK,0,0,0,0,21143506488,2911554012,16476832,6025042,1,1.0,0.001,0.001,0.0,0,5242880,0,1,0
0,1,1,0,1,1,1.0,50,0.0,57.71030262002846,0.0173279285430908,0.0122303962707519,0.0285976886749267,0.0335792160034179,0.0092649967677638,1.0,ATTACK,0,0,0,0,21143509560,2911564870,16476879,6025126,1,1.0,0.013,0.005,0.0069282032302755,0,5242880,0,1,0
0,1,1,0,1,1,1.0,50,0.0,44.14424882332634,0.0226530075073242,0.0245165824890136,0.0275967597961425,0.0277003574371337,0.0059213098196225,1.0,ATTACK,0,0,0,0,21143512956,2911576720,16476930,6025217,1,1.0,0.013,0.009,0.0069282032302755,0,5242880,0,1,0
0,1,1,0,1,1,1.0,50,0.0,82.53936767698235,0.0121154308319091,0.0112836360931396,0.0142748355865478,0.0145803928375244,0.0017495657598335,1.0,ATTACK,0,0,0,0,21143516208,2911587680,16476980,6025302,1,1.0,0.013,0.013,0.0,0,5242880,0,1,0
0,1,1,0,1,2,0.5,50,0.0,51.32957710626924,0.0194819450378417,0.0203678607940673,0.0210487365722656,0.0211528491973876,0.0016476588164419,1.0,ATTACK,0,0,0,0,21143537022,2911605267,16477069,6025422,2,1.3333333333333333,0.03,0.0186666666666666,0.0098149545762236,0,5242880,0,2,0
0,1,1,0,2,3,0.6666666666666666,50,0.0,69.101872567853,0.0144713878631591,0.011476993560791,0.0216154098510742,0.0244663619995117,0.0058068788224173,1.0,NORMAL,0,0,0,0,21143558074,2911625312,16477163,6025560,3,2.0,0.046,0.0296666666666666,0.0165025250593154,0,9437184,0,3,0
0,1,1,0,3,3,1.0,50,0.0,59.18590704224557,0.0168959140777587,0.0144710540771484,0.0263956069946289,0.0327485370635986,0.0085597999702402,1.0,NORMAL,0,0,0,0,21143561146,2911635546,16477210,6025645,3,2.6666666666666665,0.03,0.0353333333333333,0.009237604307034,0,13631488,0,3,0
0,1,1,0,3,3,1.0,50,0.0,70.63710250563338,0.0141568660736083,0.0132076740264892,0.0195571422576904,0.0226149463653564,0.0047429647653848,1.0,NORMAL,0,0,0,0,21143564458,2911646220,16477261,6025735,3,3.0,0.03,0.0353333333333333,0.009237604307034,0,13631488,0,3,0
0,1,1,0,3,3,1.0,50,0.0,79.38705672148026,0.0125965118408203,0.0110182762145996,0.0161761283874511,0.0167199516296386,0.0028709441486759,1.0,NORMAL,0,0,0,0,21143567830,2911656868,16477313,6025825,3,3.0,0.011,0.0236666666666666,0.0109696551146028,0,14680064,0,3,0
0,1,1,0,3,3,1.0,50,0.0,54.38277303515305,0.0183881759643554,0.0150625705718994,0.0263805389404296,0.0327603340148925,0.0075954890541379,1.0,NORMAL,0,0,0,0,21143572040,2911669276,16477378,6025932,3,3.0,0.003,0.0146666666666666,0.0138684293751431,0,14680064,0,3,0
0,1,1,0,3,3,1.0,50,0.0,86.66812687261081,0.0115382671356201,0.011526346206665,0.0129947662353515,0.0133097648620605,0.0012822728730994,1.0,NORMAL,0,0,0,0,21143575172,2911679618,16477426,6026018,3,3.0,0.003,0.0056666666666666,0.004618802153517,0,14680064,0,3,0
0,1,1,0,3,3,1.0,50,0.0,29.743166446126505,0.0336211681365966,0.0301201343536376,0.0609939098358154,0.0678080081939697,0.0228867504910993,1.0,ATTACK,0,0,0,0,21143578304,2911690040,16477474,6026104,3,3.0,0.003,0.003,0.0,0,14680064,0,3,0
0,1,1,0,3,3,1.0,50,0.0,81.63364448146736,0.0122498512268066,0.0118525028228759,0.0151156425476074,0.015516128540039,0.0024206816338138,1.0,ATTACK,0,0,0,0,21143581676,2911702130,16477526,6026197,3,3.0,0.003,0.003,0.0,0,14680064,0,3,0
0,1,1,0,3,3,1.0,50,0.0,90.85896002842117,0.0110060691833496,0.0102427005767822,0.0131085872650146,0.013945779800415,0.0017160749675971,1.0,ATTACK,0,0,0,0,21143584808,2911713166,16477574,6026283,3,3.0,0.013,0.0063333333333333,0.0057735026918962,0,14680064,0,3,0
0,1,1,0,3,3,1.0,50,0.0,71.16299114005233,0.0140522480010986,0.0133857727050781,0.0176808834075927,0.0184224605560302,0.0031758402207142,1.0,ATTACK,0,0,0,0,21143588324,2911725268,16477627,6026377,3,3.0,0.013,0.0096666666666666,0.0057735026918962,0,14680064,0,3,0
0,1,1,0,3,3,1.0,50,0.0,73.48346654239272,0.0136085033416748,0.0124437808990478,0.0177107810974121,0.0184136486053466,0.0033489690977691,1.0,ATTACK,0,0,0,0,21143591985,2911736263,16477677,6026463,3,3.0,0.032,0.0193333333333333,0.0109696551146028,0,14680064,0,3,0
0,1,1,0,3,3,1.0,50,0.0,63.19997106934918,0.0158227920532226,0.0133817195892333,0.0227262020111084,0.0280495071411132,0.0065222004795113,1.0,ATTACK,0,0,0,0,21143595785,2911747305,16477726,6026549,3,3.0,0.032,0.0256666666666666,0.0109696551146028,0,14680064,0,3,0
0,1,1,0,3,3,1.0,50,0.0,55.062725473001,0.0181611061096191,0.0128335952758789,0.0306689739227294,0.0374435901641845,0.0105656024838558,1.0,NORMAL,0,0,0,0,21143599577,2911761215,16477785,6026659,3,3.0,0.032,0.032,0.0,0,14680064,0,3,0
0,1,1,0,3,3,1.0,50,0.0,76.39007474538488,0.013090705871582,0.0121910572052001,0.0168924331665039,0.0172022819519042,0.0031777943725842,1.0,NORMAL,0,0,0,0,21143602769,2911771563,16477834,6026745,3,3.0,0.032,0.032,0.0,0,14680064,0,3,0
0,1,1,0,3,3,1.0,50,0.0,56.47920627824429,0.0177056312561035,0.0134394168853759,0.0277492523193359,0.0323783588409423,0.0082979584468228,1.0,NORMAL,0,0,0,0,21143605901,2911781727,16477882,6026829,3,3.0,0.012,0.0253333333333333,0.0115470053837925,0,14680064,0,3,0
0,1,1,0,3,3,1.0,50,0.0,96.05159020958524,0.0104110717773437,0.010350227355957,0.0114696025848388,0.0116279602050781,0.000910796486746,1.0,NORMAL,0,0,0,0,21143609186,2911792200,16477932,6026916,3,3.0,0.003,0.0156666666666666,0.0148436293854748,0,14680064,0,3,0
0,1,1,0,3,3,1.0,50,0.0,72.13772939132828,0.0138623714447021,0.0132122039794921,0.0152923107147216,0.0164283657073974,0.0013535490787228,1.0,NORMAL,0,0,0,0,21143613020,2911804080,16477990,6027016,3,3.0,0.003,0.006,0.0051961524227066,0,14680064,0,3,0
0,1,1,0,3,3,1.0,50,0.0,65.65767187319001,0.0152305126190185,0.01507568359375,0.021506929397583,0.0251513862609863,0.0056656053749533,1.0,NORMAL,0,0,0,0,21143616092,2911814486,16478037,6027102,3,3.0,0.003,0.003,0.0,0,14680064,0,3,0
0,1,1,0,3,3,1.0,50,0.0,28.13209455562024,0.035546588897705,0.0282666683197021,0.0676479339599609,0.0872267723083496,0.0284533944110979,1.0,ATTACK,0,0,0,0,21143620178,2911825289,16478091,6027192,3,3.0,0.003,0.003,0.0,0,14680064,0,3,0
0,1,1,0,3,3,1.0,50,0.0,80.1562494027894,0.0124756336212158,0.0110261440277099,0.0155617237091064,0.0161428833007812,0.0024810330147571,1.0,ATTACK,0,0,0,0,21143623550,2911837455,16478143,6027286,3,3.0,0.003,0.003,0.0,0,14680064,0,3,0
0,1,1,0,3,3,1.0,50,0.0,80.11093242061112,0.0124826908111572,0.011885643005371,0.016450023651123,0.0187519168853759,0.0035028184896955,1.0,ATTACK,0,0,0,0,21143626682,2911848217,16478191,6027369,3,3.0,0.003,0.003,0.0,0,14680064,0,3,0
0,1,1,0,3,3,1.0,50,0.0,42.86235171968378,0.0233304977416992,0.0218372344970703,0.0290334701538085,0.0310656833648681,0.004977975936616,1.0,ATTACK,0,0,0,0,21143630147,2911860398,16478244,6027465,3,3.0,0.024,0.01,0.0121243556529821,0,14680064,0,3,0
0,1,1,0,3,3,1.0,50,0.0,77.98742325470698,0.0128225803375244,0.0131165981292724,0.0143220424652099,0.0149400234222412,0.0015799157636996,1.0,ATTACK,0,0,0,0,21143633219,2911871358,16478291,6027550,3,3.0,0.032,0.0196666666666666,0.0149777612924406,0,14680064,0,3,0
0,1,1,0,3,3,1.0,50,0.0,64.78009724032694,0.015436840057373,0.0132861137390136,0.0213202476501464,0.0253144645690917,0.0053418301732196,1.0,ATTACK,0,0,0,0,21143636591,2911882898,16478343,6027640,3,3.0,0.032,0.0293333333333333,0.0046188021535169,0,14680064,0,3,0
0,1,1,0,3,3,1.0,50,0.0,70.29709010582347,0.0142253398895263,0.0117928981781005,0.0198178768157958,0.0224951076507568,0.0046258342634483,1.0,NORMAL,0,0,0,0,21143640587,2911896546,16478404,6027749,3,3.0,0.032,0.032,0.0,0,14680064,0,3,0
0,1,1,0,3,3,1.0,50,0.0,97.48980777723544,0.0102574825286865,0.0099322795867919,0.0119692325592041,0.0130452060699462,0.0015345171926768,1.0,NORMAL,0,0,0,0,21143643719,2911906932,16478452,6027836,3,3.0,0.032,0.032,0.0,0,14680064,0,3,0
0,1,1,0,3,3,1.0,50,0.0,96.31406120115184,0.0103826999664306,0.0099768638610839,0.0114237308502197,0.0114847564697265,0.0008542114460793,1.0,NORMAL,0,0,0,0,21143647004,2911917401,16478502,6027924,3,3.0,0.009,0.0243333333333333,0.0132790561913613,0,14680064,0,3,0
0,1,1,0,3,3,1.0,50,0.0,65.98448831904349,0.0151550769805908,0.0172679424285888,0.0183903694152832,0.0185408306121826,0.0035026979291883,1.0,NORMAL,0,0,0,0,21143650520,2911928799,16478555,6028017,3,3.0,0.009,0.0166666666666666,0.0132790561913613,0,14680064,0,3,0
0,1,1,0,3,3,1.0,50,0.0,82.58649885403294,0.0121085166931152,0.0105409622192382,0.0159162998199462,0.0186090660095214,0.0034638060978476,1.0,NORMAL,0,0,0,0,21143653772,2911939205,16478605,6028103,3,3.0,0.003,0.007,0.0034641016151377,0,14680064,0,3,0
0,1,1,0,3,3,1.0,50,0.0,60.45495034520532,0.0165412425994873,0.014503002166748,0.0266077518463134,0.0332338809967041,0.0090989854660143,1.0,NORMAL,0,0,0,0,21143656844,2911949531,16478652,6028189,3,3.0,0.003,0.005,0.0034641016151378,0,14680064,0,3,0
0,1,1,0,1,1,1.0,50,0.0,19.899305614860108,0.0502530097961425,0.0477762222290039,0.0713536262512207,0.085164041519165,0.0194669839540709,1.0,ATTACK,0,0,0,0,21143716860,2912139407,16479550,6029782,1,1.0,0.001,0.001,0.0,0,5242880,0,1,0
0,1,1,0,1,1,1.0,50,0.0,28.312765201988903,0.0353197574615478,0.0314211845397949,0.0525309085845947,0.0535047435760498,0.0147474558704796,1.0,ATTACK,0,0,0,0,21143720445,2912151560,16479605,6029876,1,1.0,0.001,0.001,0.0,0,5242880,0,1,0
0,1,1,0,1,2,0.5,50,0.0,30.62573017430721,0.0326522827148437,0.0211861133575439,0.0559468746185302,0.0614891338348388,0.0185257447859059,1.0,ATTACK,0,0,0,0,21143740753,2912169451,16479688,6029993,2,1.3333333333333333,0.043,0.015,0.0242487113059642,0,5242880,0,2,0
0,1,1,0,2,4,0.5,50,0.0,19.43639467572212,0.0514498710632324,0.048563003540039,0.08001708984375,0.0949100017547607,0.0249663740578912,1.0,ATTACK,0,0,0,0,21143765204,2912194574,16479800,6030140,4,2.333333333333333,0.043,0.0289999999999999,0.0242487113059642,0,5242880,2,2,0
0,1,1,0,2,4,0.5,50,0.0,27.900125588028693,0.0358421325683593,0.0262999534606933,0.0622977256774902,0.0768087768554687,0.0227527142781727,1.0,ATTACK,0,0,0,0,21143785354,2912212315,16479882,6030257,4,3.333333333333333,0.066,0.0506666666666666,0.0132790561913613,0,10485760,0,4,0
0,1,1,0,4,5,0.8,50,0.0,30.887847094882297,0.0323751926422119,0.0190098285675048,0.0631889820098877,0.0887513351440429,0.0296800605845919,1.0,ATTACK,0,0,0,0,21143805842,2912230520,16479968,6030380,5,4.333333333333333,0.066,0.0583333333333333,0.0132790561913613,0,10485760,0,5,0
0,1,1,0,5,5,1.0,50,0.0,89.19268817570153,0.0112116813659667,0.0110712051391601,0.0119396686553955,0.0119530582427978,0.0006243420747772,1.0,NORMAL,0,0,0,0,21143810198,2912244488,16480035,6030493,5,4.666666666666667,0.085,0.0723333333333333,0.0109696551146028,0,18874368,0,5,0
0,1,1,0,5,5,1.0,50,0.0,90.68373259534722,0.0110273361206054,0.0107908248901367,0.0121478080749511,0.0127006435394287,0.0009540299110267,1.0,NORMAL,0,0,0,0,21143813450,2912255118,16480085,6030581,5,5.0,0.059,0.07,0.0134536240470737,0,24117248,0,5,0
0,1,1,0,5,5,1.0,50,0.0,81.61458292794931,0.0122527122497558,0.0107460021972656,0.0168370723724365,0.0200701427459716,0.004174671062902,1.0,NORMAL,0,0,0,0,21143816895,2912265681,16480137,6030669,5,5.0,0.005,0.0496666666666666,0.0408084958474743,0,25165824,0,5,0
0,1,1,0,5,5,1.0,50,0.0,74.93762796896942,0.0133444309234619,0.0145189762115478,0.0163303852081298,0.016688814163208,0.0029251103607638,1.0,NORMAL,0,0,0,0,21143819967,2912276033,16480184,6030754,5,5.0,0.005,0.023,0.0311769145362398,0,25165824,0,5,0
0,1,1,0,5,5,1.0,50,0.0,93.69856893293242,0.0106725215911865,0.0105326175689697,0.0112541675567626,0.0114952659606933,0.0005118841762922,1.0,NORMAL,0,0,0,0,21143823399,2912287303,16480237,6030848,5,5.0,0.005,0.005,0.0,0,25165824,0,5,0
0,1,1,0,5,5,1.0,50,0.0,73.8863071855127,0.0135343074798583,0.0125541687011718,0.0157922744750976,0.0170257472991943,0.0019104504754848,1.0,NORMAL,0,0,0,0,21143826471,2912297461,16480284,6030931,5,5.0,0.006,0.0053333333333333,0.0005773502691907,0,25165824,0,5,0
0,1,1,0,5,5,1.0,50,0.0,13.388304181674483,0.0746920585632324,0.0826716423034668,0.0862960338592529,0.0877107810974121,0.0139131820092927,1.0,ATTACK,0,0,0,0,21143829543,2912307883,16480331,6031017,5,5.0,0.005,0.0053333333333333,0.0005773502691907,0,25165824,0,5,0
0,1,1,0,5,5,1.0,50,0.0,19.04825571678741,0.0524982452392578,0.0523571968078613,0.0688230991363525,0.0728271007537841,0.0159423906888057,1.0,ATTACK,0,0,0,0,21143833492,2912320186,16480390,6031113,5,5.0,0.005,0.0053333333333333,0.0005773502691907,0,25165824,0,5,0
0,1,1,0,5,5,1.0,50,0.0,24.09799370303128,0.0414972305297851,0.0517277717590332,0.0551321506500244,0.0555012226104736,0.0161041838004189,1.0,ATTACK,0,0,0,0,21143836744,2912331896,16480440,6031203,5,5.0,0.026,0.012,0.0121243556529821,0,25165824,0,5,0
0,1,1,0,5,5,1.0,50,0.0,21.296677674737897,0.0469556808471679,0.0396280288696289,0.0720108985900878,0.0736692333221435,0.0207916734009357,1.0,ATTACK,0,0,0,0,21143840116,2912344052,16480492,6031297,5,5.0,0.069,0.0333333333333333,0.0326241219549788,0,25165824,0,5,0
0,1,1,0,5,5,1.0,50,0.0,17.614925488470075,0.0567700386047363,0.0643885135650634,0.0801100730895996,0.0849801063537597,0.0221495098310597,1.0,ATTACK,0,0,0,0,21143843692,2912356314,16480546,6031390,5,5.0,0.071,0.0553333333333333,0.0254230866208911,0,25165824,0,5,0
0,1,1,0,5,5,1.0,50,0.0,32.13725613390932,0.0311165332794189,0.0224671363830566,0.0538672924041748,0.0629454326629638,0.0185360179220661,1.0,ATTACK,0,0,0,0,21143847064,2912368250,16480598,6031482,5,5.0,0.071,0.0703333333333333,0.0011547005383795,0,25165824,0,5,0
0,1,1,0,5,5,1.0,50,0.0,59.20796383974072,0.0168896198272705,0.0150136947631835,0.0247357368469238,0.0304153251647949,0.0072608189461371,1.0,NORMAL,0,0,0,0,21143852009,2912382548,16480668,6031600,5,5.0,0.07,0.0706666666666666,0.0005773502691902,0,25165824,0,5,0
0,1,1,0,5,5,1.0,50,0.0,73.90192934543212,0.0135314464569091,0.0138862133026123,0.0172179222106933,0.0179716873168945,0.0032668456979333,1.0,NORMAL,0,0,0,0,21143855809,2912393116,16480717,6031687,5,5.0,0.07,0.0703333333333333,0.0005773502691902,0,25165824,0,5,0
0,1,1,0,5,5,1.0,50,0.0,54.35895043248133,0.0183962345123291,0.0142850875854492,0.0267488479614257,0.029109878540039,0.0066590373329107,1.0,NORMAL,0,0,0,0,21143859001,2912403534,16480766,6031774,5,5.0,0.009,0.0496666666666666,0.0352183664205671,0,25165824,0,5,0
0,1,1,0,5,5,1.0,50,0.0,71.9456861446837,0.0138993740081787,0.0123763084411621,0.0194496631622314,0.0233080101013183,0.0050499991308149,1.0,NORMAL,0,0,0,0,21143862073,2912413854,16480813,6031859,5,5.0,0.009,0.0293333333333333,0.0352183664205671,0,25165824,0,5,0
0,1,1,0,5,5,1.0,50,0.0,68.75863109094367,0.0145436286926269,0.0116376876831054,0.019946813583374,0.02222261428833,0.0043818842518137,1.0,NORMAL,0,0,0,0,21143865445,2912425430,16480865,6031955,5,5.0,0.005,0.0076666666666666,0.0023094010767586,0,25165824,0,5,0
0,1,1,0,5,5,1.0,50,0.0,54.21729295122866,0.0184442996978759,0.0142590999603271,0.0315672397613525,0.0392719173431396,0.0113661131364505,1.0,NORMAL,0,0,0,0,21143868577,2912435546,16480913,6032039,5,5.0,0.005,0.0063333333333333,0.0023094010767586,0,25165824,0,5,0
0,1,1,0,5,5,1.0,50,0.0,21.72444584406356,0.0460310935974121,0.057462453842163,0.0654225349426269,0.0667868137359619,0.0206684307174441,1.0,ATTACK,0,0,0,0,21143872060,2912446075,16480966,6032128,5,5.0,0.005,0.005,0.0,0,25165824,0,5,0
0,1,1,0,5,5,1.0,50,0.0,19.477968828220853,0.0513400554656982,0.0534398555755615,0.0625247478485107,0.0649055194854736,0.0104867401986539,1.0,ATTACK,0,0,0,0,21143875612,2912458595,16481021,6032225,5,5.0,0.005,0.005,0.0,0,25165824,0,5,0
0,1,1,0,5,5,1.0,50,0.0,19.575091684502635,0.0510853290557861,0.0452909469604492,0.0705922603607177,0.0734567737579345,0.0163011094043696,1.0,ATTACK,0,0,0,0,21143881181,2912471828,16481090,6032328,5,5.0,0.033,0.0143333333333333,0.0161658075373095,0,25165824,0,5,0
0,1,1,0,5,5,1.0,50,0.0,21.33478742549389,0.04687180519104,0.0575475692749023,0.0652328968048095,0.0694073581695556,0.0189479824390091,1.0,ATTACK,0,0,0,0,21143884673,2912483926,16481144,6032422,5,5.0,0.071,0.0363333333333333,0.0331260219968129,0,25165824,0,5,0
0,1,1,0,5,5,1.0,50,0.0,19.824157250795697,0.0504435062408447,0.0371744632720947,0.0732711791992187,0.0758393192291259,0.018237858568541,1.0,ATTACK,0,0,0,0,21143889353,2912498110,16481199,6032511,5,5.0,0.071,0.0583333333333333,0.0219393102292058,0,25165824,0,5,0
0,1,1,0,5,5,1.0,50,0.0,18.36028372768165,0.0544653892517089,0.0518105030059814,0.0908187389373779,0.1050120449066162,0.0310987523242741,1.0,ATTACK,0,0,0,0,21143893082,2912510607,16481255,6032608,5,5.0,0.071,0.071,0.0,0,25165824,0,5,0
0,1,1,0,5,5,1.0,50,0.0,79.46014966373022,0.0125849246978759,0.0130009651184082,0.0140261173248291,0.0143933010101318,0.0014920163283965,1.0,NORMAL,0,0,0,0,21143897198,2912524371,16481318,6032721,5,5.0,0.071,0.071,0.0,0,25165824,0,5,0
0,1,1,0,5,5,1.0,50,0.0,51.74256424174387,0.0193264484405517,0.0150740146636962,0.0335031986236572,0.044122257232666,0.0132106578398792,1.0,NORMAL,0,0,0,0,21143900330,2912534927,16481366,6032808,5,5.0,0.034,0.0586666666666666,0.0213619599600161,0,25165824,0,5,0
0,1,1,0,5,5,1.0,50,0.0,71.30623416806922,0.014024019241333,0.0134418010711669,0.0185594081878662,0.0214650344848632,0.0041260399101343,1.0,NORMAL,0,0,0,0,21143903582,2912545527,16481416,6032896,5,5.0,0.005,0.0366666666666666,0.0330807093837682,0,26214400,0,5,0
0,1,1,0,5,5,1.0,50,0.0,55.87101311821311,0.0178983688354492,0.0171349048614501,0.0261168479919433,0.0297294616699218,0.0070610762112188,1.0,NORMAL,0,0,0,0,21143906834,2912556747,16481466,6032988,5,5.0,0.005,0.0146666666666666,0.0167431578064991,0,26214400,0,5,0
0,1,1,0,5,5,1.0,50,0.0,73.60132521917356,0.0135867118835449,0.013263463973999,0.017667818069458,0.0182486343383789,0.0034752742816329,1.0,NORMAL,0,0,0,0,21143910119,2912567334,16481516,6033077,5,5.0,0.005,0.005,0.0,0,25165824,0,5,0
0,1,1,0,5,5,1.0,50,0.0,59.378622413876094,0.0168410778045654,0.0131666660308837,0.0257887363433837,0.0328438472747802,0.0084500762108845,1.0,NORMAL,0,0,0,0,21143913251,2912577784,16481564,6033164,5,5.0,0.005,0.005,0.0,0,26214400,0,5,0
0,1,1,0,1,1,1.0,50,0.0,18.23518466025192,0.0548390388488769,0.0528669357299804,0.0652146816253662,0.0705689716339111,0.0094151944231606,1.0,ATTACK,0,0,0,0,21143982455,2912777420,16482509,6034803,1,1.0,0.001,0.001,0.0,0,5242880,0,1,0
0,1,1,0,1,1,1.0,50,0.0,27.22166983818753,0.0367354393005371,0.0321395397186279,0.0560104370117187,0.056911916732788,0.0161826772553448,1.0,ATTACK,0,0,0,0,21143986538,2912789985,16482566,6034902,1,1.0,0.001,0.001,0.0,0,5242880,0,1,0
0,1,1,0,1,2,0.5,50,0.0,24.3392438088562,0.0410859107971191,0.0210778713226318,0.0847365379333496,0.1147616577148437,0.039145372903198,1.0,ATTACK,0,0,0,0,21143990054,2912802045,16482619,6034995,2,1.3333333333333333,0.049,0.017,0.027712812921102,0,5242880,1,1,0
0,1,1,0,1,2,0.5,50,0.0,19.396863244914588,0.0515547275543212,0.0386290550231933,0.101377534866333,0.1323531436920166,0.0440124341564752,1.0,ATTACK,0,0,0,0,21144010183,2912819276,16482699,6035110,2,1.6666666666666667,0.052,0.034,0.0286181760425083,0,5242880,0,2,0
0,1,1,0,2,4,0.5,50,0.0,21.76003851569317,0.0459558010101318,0.038553237915039,0.0752545356750488,0.0880389308929443,0.0250490815787993,1.0,ATTACK,0,0,0,0,21144046781,2912843012,16482813,6035254,4,2.6666666666666665,0.052,0.051,0.0017320508075688,0,5242880,0,4,0
0,1,1,0,4,4,1.0,50,0.0,27.13024939391509,0.0368592262268066,0.0414822101593017,0.0458197116851806,0.0458573055267334,0.0101334238172534,1.0,ATTACK,0,0,0,0,21144050739,2912855792,16482873,6035355,4,3.333333333333333,0.064,0.0559999999999999,0.0069282032302754,0,9437184,0,4,0
0,1,1,0,4,5,0.8,50,0.0,23.54157756426879,0.0424780368804931,0.0375187397003173,0.0577340126037597,0.0682122230529785,0.0139431840840725,1.0,ATTACK,0,0,0,0,21144054195,2912867728,16482925,6035447,5,4.333333333333333,0.07,0.062,0.0091651513899116,0,18874368,1,4,0
0,1,1,0,4,5,0.8,50,0.0,24.97242753221948,0.0400441646575927,0.0386109352111816,0.0610175132751464,0.068779182434082,0.0179159430181302,1.0,ATTACK,0,0,0,0,21144074983,2912886205,16483016,6035573,5,4.666666666666667,0.056,0.0633333333333333,0.0070237691685684,0,19922944,0,5,0
0,1,1,0,5,5,1.0,50,0.0,32.36195855130164,0.0309004783630371,0.0224230289459228,0.0508278369903564,0.0510006999969482,0.0165008436460566,1.0,ATTACK,0,0,0,0,21144078055,2912897111,16483063,6035657,5,5.0,0.056,0.0606666666666666,0.0080829037686547,0,19922944,0,5,0
0,1,1,0,5,5,1.0,50,0.0,16.06582142720343,0.0622439384460449,0.068810224533081,0.086985969543457,0.097095193862915,0.0231205900995141,1.0,ATTACK,0,0,0,0,21144081727,2912909535,16483120,6035755,5,5.0,0.057,0.0563333333333333,0.0005773502691892,0,24117248,0,5,0
0,1,1,0,5,5,1.0,50,0.0,28.426323280243984,0.0351786613464355,0.0226962566375732,0.0719800472259521,0.0961771774291992,0.0327558721632311,1.0,ATTACK,0,0,0,0,21144085625,2912922065,16483179,6035854,5,5.0,0.057,0.0566666666666666,0.0005773502691892,0,24117248,0,5,0
0,1,1,0,5,5,1.0,50,0.0,75.88286589932952,0.0131782054901123,0.0142059326171875,0.0159144878387451,0.0165412235260009,0.0026332309555399,1.0,NORMAL,0,0,0,0,21144089741,2912936207,16483242,6035966,5,5.0,0.056,0.0566666666666666,0.0005773502691892,0,24117248,0,5,0
0,1,1,0,5,5,1.0,50,0.0,90.6978514341072,0.0110256195068359,0.0109188556671142,0.0115556240081787,0.011728401184082,0.0004477148326523,1.0,NORMAL,0,0,0,0,21144092873,2912946581,16483290,6036052,5,5.0,0.056,0.0563333333333333,0.0005773502691892,0,24117248,0,5,0
0,1,1,0,5,5,1.0,50,0.0,98.31844052095153,0.0101710319519042,0.0105147361755371,0.011009931564331,0.0111124992370605,0.0008762789452281,1.0,NORMAL,0,0,0,0,21144095945,2912956873,16483337,6036136,5,5.0,0.039,0.0503333333333333,0.0098149545762236,0,25165824,0,5,0
0,1,1,0,5,5,1.0,50,0.0,72.67016650207044,0.0137608051300048,0.0131876468658447,0.0154418468475341,0.0156184864044189,0.0014305614780587,1.0,NORMAL,0,0,0,0,21144099377,2912967512,16483390,6036226,5,5.0,0.005,0.0333333333333333,0.025967928938083,0,25165824,0,5,0
0,1,1,0,5,5,1.0,50,0.0,59.82308256242173,0.0167159557342529,0.0123476982116699,0.0258967399597167,0.0306593132019042,0.0076917548016031,1.0,NORMAL,0,0,0,0,21144103491,2912979680,16483452,6036329,5,5.0,0.005,0.0163333333333333,0.0196299091524472,0,25165824,0,5,0
0,1,1,0,5,5,1.0,50,0.0,63.462943292994765,0.0157572269439697,0.0137012004852294,0.0227961063385009,0.026075096130371,0.0058793650820878,1.0,NORMAL,0,0,0,0,21144106683,2912990076,16483501,6036415,5,5.0,0.005,0.005,0.0,0,25165824,0,5,0
0,1,1,0,5,5,1.0,50,0.0,17.16062556052344,0.0582729339599609,0.0589828491210937,0.0797096252441406,0.0916108226776123,0.0196151627082593,1.0,ATTACK,0,0,0,0,21144109815,2913000498,16483549,6036501,5,5.0,0.005,0.005,0.0,0,25165824,0,5,0
0,1,1,0,5,5,1.0,50,0.0,27.315416135897696,0.0366093635559082,0.028928518295288,0.0640883922576904,0.065395336151123,0.0229331631639628,1.0,ATTACK,0,0,0,0,21144113247,2913012712,16483602,6036595,5,5.0,0.027,0.0123333333333333,0.0127017059221717,0,25165824,0,5,0
0,1,1,0,5,5,1.0,50,0.0,19.606221181785205,0.0510042190551757,0.0300517082214355,0.1072352409362793,0.1509979057312011,0.0528595609987158,1.0,ATTACK,0,0,0,0,21144116619,2913024960,16483654,6036690,5,5.0,0.027,0.0196666666666666,0.0127017059221717,0,25165824,0,5,0
0,1,1,0,5,5,1.0,50,0.0,45.38769361956312,0.0220324039459228,0.0203809738159179,0.0316874980926513,0.0328638076782226,0.0085670375366893,1.0,ATTACK,0,0,0,0,21144120400,2913036301,16483706,6036779,5,5.0,0.055,0.0363333333333333,0.0161658075373094,0,26214400,0,5,0
0,1,1,0,5,5,1.0,50,0.0,27.53938884584576,0.0363116264343261,0.0423922538757324,0.0598762989044189,0.0687888717651367,0.0219339907216889,1.0,ATTACK,0,0,0,0,21144124764,2913048685,16483763,6036876,5,5.0,0.057,0.0463333333333333,0.0167729941672121,0,25165824,0,5,0
0,1,1,0,5,5,1.0,50,0.0,32.41648375428942,0.0308485031127929,0.0178358554840087,0.0581696510314941,0.0717847156524658,0.0226844584823899,1.0,ATTACK,0,0,0,0,21144128076,2913060561,16483814,6036967,5,5.0,0.057,0.0563333333333333,0.0011547005383788,0,25165824,0,5,0
0,1,1,0,5,5,1.0,50,0.0,20.49467050144293,0.0487931728363037,0.061061143875122,0.0683348178863525,0.0703514099121093,0.0227580570903816,1.0,ATTACK,0,0,0,0,21144131508,2913072679,16483867,6037061,5,5.0,0.057,0.057,0.0,0,25165824,0,5,0
0,1,1,0,5,5,1.0,50,0.0,20.07662453784988,0.0498091697692871,0.0267713069915771,0.0996161460876464,0.1262892341613769,0.0419634116795863,1.0,ATTACK,0,0,0,0,21144135000,2913084889,16483921,6037156,5,5.0,0.058,0.0573333333333333,0.0005773502691888,0,25165824,0,5,0
0,1,1,0,5,5,1.0,50,0.0,67.22265851633645,0.0148759365081787,0.0140373706817626,0.0195268154144287,0.0210103130340576,0.0039243124822088,1.0,ATTACK,0,0,0,0,21144137952,2913095671,16483966,6037238,5,5.0,0.055,0.0566666666666666,0.0015275252316516,0,25165824,0,5,0
0,1,1,0,5,5,1.0,50,0.0,19.74328993325237,0.0506501197814941,0.0234522819519042,0.1017011165618896,0.1030176734924316,0.041633780342304,1.0,ATTACK,0,0,0,0,21144141939,2913108126,16484026,6037338,5,5.0,0.053,0.0553333333333333,0.0025166114784234,0,25165824,0,5,0
0,1,1,0,5,5,1.0,50,0.0,61.22070551968145,0.0163343429565429,0.0168521404266357,0.0219225406646728,0.0241256427764892,0.0050743616820186,1.0,ATTACK,0,0,0,0,21144145311,2913120158,16484078,6037431,5,5.0,0.053,0.0536666666666666,0.0011547005383788,0,25165824,0,5,0
0,1,1,0,5,5,1.0,50,0.0,68.14001319162624,0.0146756649017333,0.0131459236145019,0.0193561077117919,0.0225952720642089,0.0042427599539233,1.0,NORMAL,0,0,0,0,21144149782,2913133549,16484140,6037538,5,5.0,0.054,0.0533333333333333,0.0005773502691888,0,25165824,0,5,0
0,1,1,0,5,5,1.0,50,0.0,98.52861445075573,0.010149335861206,0.0100281238555908,0.0107266902923583,0.0109249591827392,0.0004793841668983,1.0,NORMAL,0,0,0,0,21144152914,2913144031,16484188,6037625,5,5.0,0.054,0.0536666666666666,0.0005773502691888,0,25165824,0,5,0
0,1,1,0,5,5,1.0,50,0.0,67.2338652021839,0.014873456954956,0.0162124633789062,0.019712209701538,0.0207293033599853,0.0045148969341054,1.0,NORMAL,0,0,0,0,21144156286,2913155445,16484240,6037719,5,5.0,0.03,0.046,0.0138564064605509,0,25165824,0,5,0
0,1,1,0,5,5,1.0,50,0.0,75.20771172825339,0.0132965087890625,0.0113320350646972,0.0184921741485595,0.0194966506958007,0.0041730222190548,1.0,NORMAL,0,0,0,0,21144159691,2913166092,16484292,6037809,5,5.0,0.03,0.038,0.0138564064605509,0,25165824,0,5,0
0,1,1,0,5,5,1.0,50,0.0,78.91773507087781,0.012671422958374,0.0094611644744873,0.0179186344146728,0.0189839649200439,0.0041500461950199,1.0,NORMAL,0,0,0,0,21144162763,2913176486,16484339,6037894,5,5.0,0.005,0.0216666666666666,0.0144337567297406,0,25165824,0,5,0
0,1,1,0,5,5,1.0,50,0.0,60.755844103170254,0.016459321975708,0.0129289627075195,0.0267098426818847,0.0328194427490234,0.008890216287406,1.0,NORMAL,0,0,0,0,21144165835,2913186644,16484386,6037977,5,5.0,0.005,0.0133333333333333,0.0144337567297406,0,25165824,0,5,0
0,1,1,0,5,5,1.0,50,0.0,18.394827717776955,0.0543631076812744,0.0535674095153808,0.0867271900177002,0.1057131099700927,0.0298257061394075,1.0,ATTACK,0,0,0,0,21144169267,2913197920,16484439,6038071,5,5.0,0.005,0.005,0.0,0,25165824,0,5,0
0,1,1,0,5,5,1.0,50,0.0,51.68403308327008,0.0193483352661132,0.0177493095397949,0.023595380783081,0.0256233024597167,0.0035270560407665,1.0,ATTACK,0,0,0,0,21144172399,2913208960,16484487,6038156,5,5.0,0.006,0.0053333333333333,0.0005773502691894,0,25165824,0,5,0
0,1,1,0,5,5,1.0,50,0.0,57.324294773671554,0.0174446105957031,0.0167479515075683,0.0238964080810546,0.0281641674041748,0.0059379464496533,1.0,ATTACK,0,0,0,0,21144176188,2913221119,16484544,6038251,5,5.0,0.006,0.0056666666666666,0.0005773502691894,0,25165824,0,5,0
0,1,1,0,5,5,1.0,50,0.0,34.737278000655934,0.0287875175476074,0.0139410495758056,0.0554357051849365,0.0617349910736084,0.0211335523404275,1.0,ATTACK,0,0,0,0,21144179620,2913233291,16484597,6038345,5,5.0,0.055,0.0223333333333333,0.0282901631902916,0,25165824,0,5,0
0,1,1,0,5,5,1.0,50,0.0,20.93714121412641,0.0477620124816894,0.0431771278381347,0.0759949684143066,0.0879387378692626,0.0245528449712242,1.0,ATTACK,0,0,0,0,21144182992,2913245333,16484649,6038437,5,5.0,0.055,0.0386666666666666,0.0282901631902916,0,25165824,0,5,0
0,1,1,0,5,5,1.0,50,0.0,80.01770411239059,0.0124972343444824,0.0125346183776855,0.0159117221832275,0.017744722366333,0.0030725312614368,1.0,ATTACK,0,0,0,0,21144186184,2913256621,16484698,6038525,5,5.0,0.056,0.0553333333333333,0.0005773502691888,0,25165824,0,5,0
0,1,1,0,5,5,1.0,50,0.0,29.58585624883612,0.033799934387207,0.0114340782165527,0.0781257629394531,0.1136435317993164,0.042015932386749,1.0,ATTACK,0,0,0,0,21144189496,2913268497,16484749,6038616,5,5.0,0.056,0.0556666666666666,0.0005773502691888,0,25165824,0,5,0
0,1,1,0,5,5,1.0,50,0.0,47.43357067248103,0.0210821151733398,0.0157468318939209,0.0365098476409912,0.0485676860809326,0.0145847864008183,1.0,ATTACK,0,0,0,0,21144193165,2913280656,16484804,6038710,5,5.0,0.055,0.0556666666666666,0.0005773502691888,0,25165824,0,5,0
0,1,1,0,5,5,1.0,50,0.0,68.67104793526987,0.014562177658081,0.0134727954864501,0.0176043510437011,0.0194861888885498,0.002663423448365,1.0,ATTACK,0,0,0,0,21144196477,2913292550,16484855,6038802,5,5.0,0.055,0.0553333333333333,0.0005773502691888,0,25165824,0,5,0
0,1,1,0,5,5,1.0,50,0.0,29.87532195199781,0.0334724426269531,0.0348179340362548,0.0442829608917236,0.0476537036895751,0.0101041320220895,1.0,ATTACK,0,0,0,0,21144199669,2913303354,16484904,6038885,5,5.0,0.057,0.0556666666666666,0.0011547005383788,0,25165824,0,5,0
0,1,1,0,5,5,1.0,50,0.0,58.20297127251837,0.0171812534332275,0.0106446743011474,0.0310998916625976,0.0428847885131835,0.0135206513491509,1.0,ATTACK,0,0,0,0,21144203041,2913315360,16484956,6038978,5,5.0,0.056,0.056,0.0009999999999995,0,25165824,0,5,0
0,1,1,0,5,5,1.0,50,0.0,66.41790524812274,0.0150561809539794,0.0131046772003173,0.0226239204406738,0.0264803791046142,0.0064319941670884,1.0,NORMAL,0,0,0,0,21144207097,2913329474,16485018,6039089,5,5.0,0.056,0.0563333333333333,0.0005773502691888,0,25165824,0,5,0
0,1,1,0,5,5,1.0,50,0.0,79.96949405896798,0.012504768371582,0.0118384361267089,0.0154486179351806,0.0172971534729003,0.0026629889361642,1.0,NORMAL,0,0,0,0,21144210382,2913339899,16485068,6039176,5,5.0,0.056,0.056,0.0,0,25165824,0,5,0
0,1,1,0,5,5,1.0,50,0.0,67.76044847251167,0.0147578716278076,0.0128445625305175,0.0192092895507812,0.0200217628479003,0.0036248532756211,1.0,NORMAL,0,0,0,0,21144213950,2913350309,16485117,6039262,5,5.0,0.052,0.0546666666666666,0.0023094010767583,0,25165824,0,5,0
0,1,1,0,5,5,1.0,50,0.0,94.3906237341231,0.0105942726135253,0.0103611946105957,0.0118599891662597,0.0126023387908935,0.0011311128857792,1.0,NORMAL,0,0,0,0,21144217810,2913360625,16485167,6039347,5,5.0,0.005,0.0376666666666666,0.028360771028541,0,25165824,0,5,0
0,1,1,0,5,5,1.0,50,0.0,62.79518635074723,0.0159247875213623,0.014026403427124,0.0244063854217529,0.0297732067108154,0.0075560946406486,1.0,NORMAL,0,0,0,0,21144220882,2913370929,16485214,6039432,5,5.0,0.005,0.0206666666666666,0.0271354626519124,0,25165824,0,5,0
0,1,1,0,5,5,1.0,50,0.0,66.18878691090883,0.015108299255371,0.0139036178588867,0.0184183597564697,0.018633108139038,0.0027130958229072,1.0,NORMAL,0,0,0,0,21144224581,2913382291,16485267,6039526,5,5.0,0.005,0.005,0.0,0,25165824,0,5,0
0,1,1,0,1,1,1.0,50,0.0,10.85183021454226,0.0921503543853759,0.0893354415893554,0.1277391910552978,0.1449881553649902,0.0313194061913419,1.0,ATTACK,0,0,0,0,21144284168,2913572332,16486169,6041123,1,1.0,0.001,0.001,0.0,0,5242880,0,1,0
0,1,1,0,1,1,1.0,50,0.0,15.753053294342909,0.0634797573089599,0.0537006855010986,0.0874414443969726,0.0949606418609619,0.0194008935072247,1.0,ATTACK,0,0,0,0,21144287480,2913584054,16486220,6041213,1,1.0,0.027,0.014,0.0183847763108502,0,5242880,0,1,0
0,1,1,0,1,2,0.5,50,0.0,12.662684379051148,0.0789721965789795,0.0754499435424804,0.0977477550506591,0.1100333881378173,0.0169538556064251,1.0,ATTACK,0,0,0,0,21144308029,2913602471,16486307,6041335,2,1.3333333333333333,0.068,0.032,0.033778691508109,0,5242880,0,2,0
0,1,1,0,2,4,0.5,50,0.0,11.870555232288288,0.0842420578002929,0.0794179439544677,0.1019117355346679,0.1037195873260498,0.0152845644787005,1.0,ATTACK,0,0,0,0,21144344952,2913626875,16486425,6041487,4,2.333333333333333,0.068,0.0543333333333333,0.0236713610367746,0,5242880,0,4,0
0,1,1,0,4,5,0.8,50,0.0,12.826500062690556,0.0779635906219482,0.0816600322723388,0.0932635307312011,0.0989838027954101,0.0150049546788026,1.0,ATTACK,0,0,0,0,21144353906,2913641017,16486489,6041594,5,3.6666666666666665,0.083,0.073,0.0086602540378443,0,9437184,1,4,0
0,1,1,0,4,5,0.8,50,0.0,14.840159642220272,0.0673847198486328,0.0708491802215576,0.0800006389617919,0.0824000358581543,0.012984714339546,1.0,ATTACK,0,0,0,0,21144369409,2913658581,16486571,6041716,5,4.666666666666667,0.07,0.0736666666666666,0.008144527815247,0,17825792,0,5,0
0,1,1,0,5,5,1.0,50,0.0,72.77709336100305,0.013740587234497,0.0114669799804687,0.0188539505004882,0.0189451026916503,0.0042069223816018,1.0,NORMAL,0,0,0,0,21144373997,2913672529,16486637,6041833,5,5.0,0.071,0.0746666666666666,0.0072341781380702,0,22020096,0,5,0
0,1,1,0,5,5,1.0,50,0.0,63.61425317062369,0.0157197475433349,0.0117614269256591,0.0236299514770507,0.0243764209747314,0.0063565165877053,1.0,NORMAL,0,0,0,0,21144377977,2913683135,16486689,6041923,5,5.0,0.071,0.0706666666666666,0.0005773502691896,0,22020096,0,5,0
0,1,1,0,5,5,1.0,50,0.0,68.31759351860599,0.0146375179290771,0.0121519565582275,0.0207211971282959,0.0214507579803466,0.0049082269789764,1.0,NORMAL,0,0,0,0,21144381229,2913693763,16486739,6042012,5,5.0,0.036,0.0593333333333333,0.0202072594216369,0,22020096,0,5,0
0,1,1,0,5,5,1.0,50,0.0,64.53629249408384,0.0154951572418212,0.0132946968078613,0.0237257480621337,0.0286116600036621,0.0071871564622217,1.0,NORMAL,0,0,0,0,21144384301,2913704147,16486786,6042098,5,5.0,0.005,0.0373333333333333,0.0330201958403237,0,23068672,0,5,0
0,1,1,0,5,5,1.0,50,0.0,99.40333880004172,0.0100600242614746,0.0100393295288085,0.0104250907897949,0.0105838775634765,0.0003497189970301,1.0,NORMAL,0,0,0,0,21144387877,2913715503,16486840,6042192,5,5.0,0.005,0.0153333333333333,0.0178978583448784,0,23068672,0,5,0
0,1,1,0,5,5,1.0,50,0.0,82.32810297922121,0.012146520614624,0.0119802951812744,0.0137205600738525,0.0142700481414794,0.001443017710008,1.0,NORMAL,0,0,0,0,21144391162,2913726058,16486890,6042280,5,5.0,0.005,0.005,0.0,0,23068672,0,5,0
0,1,1,0,5,5,1.0,50,0.0,75.27033623338215,0.0132854461669921,0.0135726928710937,0.0171528816223144,0.0190629577636718,0.003483594912868,1.0,NORMAL,0,0,0,0,21144394294,2913736496,16486938,6042366,5,5.0,0.005,0.005,0.0,0,23068672,0,5,0
0,1,1,0,5,5,1.0,50,0.0,90.04942268634414,0.0111050128936767,0.010549783706665,0.0135728359222412,0.0153054141998291,0.0022853866192155,1.0,NORMAL,0,0,0,0,21144397624,2913747044,16486989,6042454,5,5.0,0.005,0.005,0.0,0,23068672,0,5,0
0,1,1,0,5,5,1.0,50,0.0,46.585675221193725,0.0214658260345458,0.0185945034027099,0.0327283382415771,0.0336279296875,0.0093549522930053,1.0,NORMAL,0,0,0,0,21144400756,2913757450,16487037,6042540,5,5.0,0.005,0.005,0.0,0,23068672,0,5,0
0,1,1,0,5,5,1.0,50,0.0,59.41310789907586,0.0168313026428222,0.0121357440948486,0.0264986515045166,0.0305223083496093,0.0078901055212284,1.0,NORMAL,0,0,0,0,21144404839,2913769359,16487094,6042640,5,5.0,0.005,0.005,0.0,0,23068672,0,5,0
0,1,1,0,5,5,1.0,50,0.0,60.88655076705106,0.0164239883422851,0.0148332118988037,0.0245249271392822,0.0293915271759033,0.0071545014892768,1.0,NORMAL,0,0,0,0,21144408124,2913779864,16487144,6042728,5,5.0,0.006,0.0053333333333333,0.0005773502691897,0,23068672,0,5,0
0,1,1,0,5,5,1.0,50,0.0,54.80944839085687,0.0182450294494628,0.0135700702667236,0.0283331871032714,0.0325689315795898,0.0082282154896533,1.0,NORMAL,0,0,0,0,21144411196,2913790136,16487191,6042813,5,5.0,0.006,0.0056666666666666,0.0005773502691897,0,23068672,0,5,0
0,1,1,0,5,3,1.6666666666666667,50,0.0,13.096338224485068,0.0763572216033935,0.0862421989440918,0.1067018508911132,0.1177615642547607,0.0304584882131331,1.0,ATTACK,0,0,0,0,21144414568,2913801540,16487243,6042907,5,5.0,0.005,0.0056666666666666,0.0005773502691897,0,23068672,0,5,0
0,1,1,0,3,2,1.5,50,0.0,11.759343991674292,0.0850387573242187,0.0718655586242675,0.1456952571868896,0.1863242435455322,0.0553275099810403,1.0,ATTACK,0,0,0,0,21144418084,2913813604,16487296,6042999,5,5.0,0.005,0.0053333333333333,0.0005773502691897,0,23068672,0,5,0
0,1,1,0,3,2,1.5,50,0.0,11.817484100803666,0.0846203804016113,0.0921263694763183,0.113651418685913,0.1192571067810058,0.0314979421159034,1.0,ATTACK,0,0,0,0,21144421396,2913825540,16487347,6043091,5,5.0,0.063,0.0243333333333333,0.0334863156129983,0,23068672,0,5,0
0,1,1,0,2,4,0.5,50,0.0,15.51434806732014,0.0644564628601074,0.0460076332092285,0.1069472789764404,0.1325921154022216,0.0368051198018401,1.0,ATTACK,0,0,0,0,21144458684,2913851378,16487471,6043252,5,5.0,0.066,0.0446666666666666,0.0343850742813409,0,15728640,0,5,0
0,1,1,0,4,5,0.8,50,0.0,10.678681051883324,0.0936445236206054,0.0990629196166992,0.1408786296844482,0.1654749584197998,0.0444667657623042,1.0,ATTACK,0,0,0,0,21144478992,2913869087,16487554,6043367,5,5.0,0.065,0.0646666666666666,0.001527525231652,0,10485760,0,5,0
0,1,1,0,5,5,1.0,50,0.0,13.055939119033892,0.0765934944152832,0.0789756774902343,0.0826120853424072,0.0828920650482177,0.0062564576545943,1.0,ATTACK,0,0,0,0,21144482424,2913881227,16487607,6043461,5,5.0,0.071,0.0673333333333333,0.0032145502536643,0,19922944,0,5,0
0,1,1,0,5,5,1.0,50,0.0,71.78585609639214,0.013930320739746,0.0146887302398681,0.0163184642791748,0.016729679107666,0.002283327485135,1.0,NORMAL,0,0,0,0,21144486840,2913895165,16487675,6043577,5,5.0,0.072,0.0693333333333333,0.0037859388972002,0,25165824,0,5,0
0,1,1,0,5,5,1.0,50,0.0,84.76458010824182,0.0117973804473876,0.0095484256744384,0.0158273220062255,0.0167415046691894,0.0031893693441545,1.0,NORMAL,0,0,0,0,21144490212,2913905711,16487727,6043666,5,5.0,0.007,0.0499999999999999,0.0372424488990721,0,25165824,0,5,0
0,1,1,0,5,5,1.0,50,0.0,74.88919202668248,0.0133530616760253,0.0111069679260253,0.0176358699798583,0.0183892059326171,0.0034065741283641,1.0,NORMAL,0,0,0,0,21144493437,2913916088,16487776,6043753,5,5.0,0.007,0.0286666666666666,0.0375277674973256,0,25165824,0,5,0
0,1,1,0,5,5,1.0,50,0.0,77.59671135153536,0.0128871440887451,0.0130157470703125,0.0154335021972656,0.0154406261444091,0.0023120043237418,1.0,NORMAL,0,0,0,0,21144496809,2913927434,16487828,6043848,5,5.0,0.005,0.0063333333333333,0.001154700538379,0,25165824,0,5,0
0,1,1,0,5,5,1.0,50,0.0,66.57392916437838,0.0150208950042724,0.0165543556213378,0.0186177253723144,0.0190837001800537,0.0035646313284821,1.0,NORMAL,0,0,0,0,21144499881,2913937662,16487875,6043932,5,5.0,0.005,0.0056666666666666,0.001154700538379,0,25165824,0,5,0
0,1,1,0,5,5,1.0,50,0.0,103.1870024306478,0.0096911430358886,0.0096335411071777,0.0099654674530029,0.010151891708374,0.0002619509431347,1.0,NORMAL,0,0,0,0,21144502953,2913948014,16487922,6044017,5,5.0,0.006,0.0053333333333333,0.0005773502691892,0,25165824,0,5,0
0,1,1,0,5,5,1.0,50,0.0,61.07201723987304,0.0163741111755371,0.0128097534179687,0.0254169940948486,0.0317642593383789,0.0082210676826835,1.0,NORMAL,0,0,0,0,21144506085,2913958388,16487970,6044102,5,5.0,0.006,0.0056666666666666,0.0005773502691892,0,25165824,0,5,0
0,1,1,0,5,5,1.0,50,0.0,66.7047930456467,0.0149914264678955,0.0108423233032226,0.0228997230529785,0.0256736850738525,0.0063292389117663,1.0,NORMAL,0,0,0,0,21144509661,2913969942,16488024,6044197,5,5.0,0.005,0.0056666666666666,0.0005773502691892,0,25165824,0,5,0
0,1,1,0,5,5,1.0,50,0.0,65.34649516402433,0.0153030395507812,0.0126032829284667,0.0231520652770996,0.0269936752319335,0.0065813271772049,1.0,NORMAL,0,0,0,0,21144513066,2913980501,16488076,6044285,5,5.0,0.005,0.0053333333333333,0.0005773502691892,0,25165824,0,5,0
0,1,1,0,5,5,1.0,50,0.0,61.16571001913295,0.0163490295410156,0.0163526535034179,0.0237551689147949,0.0279976940155029,0.0067026207437585,1.0,NORMAL,0,0,0,0,21144516138,2913990783,16488123,6044369,5,5.0,0.005,0.005,0.0,0,25165824,0,5,0
0,1,1,0,5,5,1.0,50,0.0,76.44075086568252,0.0130820274353027,0.0139079093933105,0.0146501064300537,0.0147634029388427,0.001617565766601,1.0,NORMAL,0,0,0,0,21144519706,2914001209,16488172,6044456,5,5.0,0.005,0.005,0.0,0,25165824,0,5,0
0,1,1,0,5,5,1.0,50,0.0,91.9630069767544,0.0108739376068115,0.0101463794708251,0.0128790855407714,0.0142702293395996,0.0018162492666433,1.0,NORMAL,0,0,0,0,21144523506,2914011965,16488221,6044545,5,5.0,0.005,0.005,0.0,0,25165824,0,5,0
0,1,1,0,5,2,2.5,50,0.0,12.60757746455165,0.0793173789978027,0.0762739181518554,0.1006525039672851,0.1022804546356201,0.0202202041941896,1.0,ATTACK,0,0,0,0,21144526818,2914023223,16488272,6044637,5,5.0,0.005,0.005,0.0,0,25165824,0,5,0
0,1,1,0,2,2,1.0,50,0.0,9.519078536464916,0.1050521850585937,0.0993378162384033,0.1544754028320312,0.1669593048095703,0.0415139175922366,1.0,ATTACK,0,0,0,0,21144530343,2914035510,16488326,6044732,5,5.0,0.005,0.005,0.0,0,25165824,0,5,0
0,1,1,0,2,4,0.5,50,0.0,10.076207507743993,0.099243688583374,0.09932541847229,0.128989839553833,0.1375584030151367,0.0263032630173424,1.0,ATTACK,0,0,0,0,21144534039,2914048438,16488382,6044831,7,5.666666666666667,0.068,0.026,0.0363730669589464,0,15728640,2,5,0
0,1,1,0,2,4,0.5,50,0.0,16.301080985704747,0.061345624923706,0.0591099262237548,0.0782959938049316,0.0868453311920166,0.0146815465202063,1.0,ATTACK,0,0,0,0,21144570639,2914072256,16488496,6044976,4,5.333333333333333,0.07,0.0476666666666666,0.0369639463982585,0,10485760,0,4,0
0,1,1,0,4,5,0.8,50,0.0,12.608123203157032,0.0793139457702636,0.0772986412048339,0.1078941822052002,0.1212829113006591,0.0248131539099134,1.0,ATTACK,0,0,0,0,21144591126,2914090523,16488582,6045098,5,5.333333333333333,0.068,0.0686666666666666,0.0011547005383791,0,18874368,0,5,0
0,1,1,0,5,5,1.0,50,0.0,15.38180340590202,0.0650118827819824,0.0640599727630615,0.0901617050170898,0.0916363620758056,0.021959840431302,1.0,ATTACK,0,0,0,0,21144607652,2914112560,16488694,6045246,5,4.666666666666667,0.068,0.0686666666666666,0.0011547005383791,0,18874368,0,5,0
0,1,1,0,5,5,1.0,50,0.0,64.39816492350778,0.015528392791748,0.0127937793731689,0.023906135559082,0.0291479015350341,0.0073826281572024,1.0,NORMAL,0,0,0,0,21144612543,2914126745,16488763,6045363,5,5.0,0.071,0.069,0.0017320508075687,0,23068672,0,5,0
0,1,1,0,5,5,1.0,50,0.0,73.15280747590528,0.013670015335083,0.011153221130371,0.0191693782806396,0.0202939319610595,0.0043842324485129,1.0,NORMAL,0,0,0,0,21144615675,2914137205,16488811,6045449,5,5.0,0.062,0.067,0.0045825756949558,0,24117248,0,5,0
0,1,1,0,5,5,1.0,50,0.0,97.48165088573116,0.0102583408355712,0.009871482849121,0.0110678672790527,0.0112579822540283,0.0006433955947909,1.0,NORMAL,0,0,0,0,21144618987,2914148533,16488862,6045542,5,5.0,0.005,0.046,0.0357910603363465,0,24117248,0,5,0
0,1,1,0,5,5,1.0,50,0.0,97.73833936094852,0.0102313995361328,0.0100035667419433,0.0109279632568359,0.01114013671875,0.0005722307676049,1.0,NORMAL,0,0,0,0,21144622059,2914158815,16488909,6045627,5,5.0,0.005,0.024,0.0329089653438086,0,24117248,0,5,0
0,1,1,0,5,5,1.0,50,0.0,63.65016495640113,0.0157108783721923,0.0147492885589599,0.023203420639038,0.0278139877319335,0.0067201627118591,1.0,NORMAL,0,0,0,0,21144625777,2914169711,16488965,6045721,5,5.0,0.005,0.005,0.0,0,24117248,0,5,0
0,1,1,0,5,5,1.0,50,0.0,62.05270991203179,0.0161153316497802,0.0119469165802001,0.0262046813964843,0.0344550704956054,0.009709321950864,1.0,NORMAL,0,0,0,0,21144628969,2914180185,16489014,6045807,5,5.0,0.005,0.005,0.0,0,24117248,0,5,0
0,1,1,0,5,5,1.0,50,0.0,99.635219946504,0.0100366115570068,0.0098516941070556,0.0111186027526855,0.0113171291351318,0.0009060816292457,1.0,NORMAL,0,0,0,0,21144632344,2914190553,16489063,6045892,5,5.0,0.005,0.005,0.0,0,24117248,0,5,0
0,1,1,0,5,5,1.0,50,0.0,80.47429191976946,0.0124263286590576,0.0112106800079345,0.0152266025543212,0.0169445037841796,0.0024306861083102,1.0,NORMAL,0,0,0,0,21144635716,2914201919,16489115,6045986,5,5.0,0.005,0.005,0.0,0,24117248,0,5,0
0,1,1,0,5,5,1.0,50,0.0,100.4763296457951,0.0099525928497314,0.0098211765289306,0.0105278491973876,0.0108913421630859,0.0005169048826654,1.0,NORMAL,0,0,0,0,21144638788,2914212179,16489162,6046070,5,5.0,0.005,0.005,0.0,0,24117248,0,5,0
0,1,1,0,5,5,1.0,50,0.0,58.43537187503483,0.017112922668457,0.0124351978302001,0.028669261932373,0.0359585189819335,0.0101219603029565,1.0,NORMAL,0,0,0,0,21144642386,2914223095,16489216,6046163,5,5.0,0.005,0.005,0.0,0,24117248,0,5,0
0,1,1,0,5,5,1.0,50,0.0,73.55485875825109,0.0135952949523925,0.014169692993164,0.0175614833831787,0.0178011226654052,0.0036531703642904,1.0,NORMAL,0,0,0,0,21144645458,2914233349,16489263,6046247,5,5.0,0.005,0.005,0.0,0,24117248,0,5,0
0,1,1,0,5,5,1.0,50,0.0,65.2131946863028,0.0153343200683593,0.0106842517852783,0.0256568431854248,0.0321650409698486,0.0090186046127261,1.0,NORMAL,0,0,0,0,21144648590,2914243873,16489311,6046334,5,5.0,0.005,0.005,0.0,0,24117248,0,5,0
0,1,1,0,1,1,1.0,50,0.0,6.6375757038659415,0.1506574153900146,0.1911633014678955,0.2059288024902343,0.211806058883667,0.0617018140634101,1.0,ATTACK,0,0,0,0,21144709957,2914435865,16490225,6047952,1,1.0,0.001,0.001,0.0,0,5242880,0,1,0
0,1,1,0,1,1,1.0,50,0.0,10.48535631378192,0.0953711032867431,0.0947813987731933,0.1079088687896728,0.1141565704345703,0.0116309711315846,1.0,ATTACK,0,0,0,0,21144713269,2914447719,16490276,6048042,1,1.0,0.005,0.003,0.0028284271247461,0,5242880,0,1,0
0,1,1,0,1,1,1.0,50,0.0,9.864452397941832,0.1013741016387939,0.1055693626403808,0.1452179908752441,0.1501857852935791,0.0409019398175279,1.0,ATTACK,0,0,0,0,21144717238,2914461164,16490336,6048146,1,1.0,0.005,0.0036666666666666,0.0023094010767585,0,5242880,0,1,0
0,1,1,0,1,2,0.5,50,0.0,11.273774274219386,0.0887014389038085,0.091630220413208,0.116404104232788,0.118671064376831,0.0249964295217629,1.0,ATTACK,0,0,0,0,21144721384,2914473882,16490394,6048246,2,1.3333333333333333,0.072,0.0273333333333333,0.0386824680357049,0,5242880,1,1,0
0,1,1,0,1,2,0.5,50,0.0,8.08676465711441,0.1236588478088378,0.1179425716400146,0.1669239521026611,0.186987133026123,0.0372573429905347,1.0,ATTACK,0,0,0,0,21144741543,2914492265,16490480,6048367,2,1.6666666666666667,0.068,0.0483333333333333,0.0375810235801705,0,5242880,0,2,0
0,1,1,0,2,4,0.5,50,0.0,10.018190990109604,0.0998184204101562,0.0868620872497558,0.1382966995239258,0.1429537868499756,0.0331146252798947,1.0,ATTACK,0,0,0,0,21144778082,2914516123,16490593,6048511,4,2.6666666666666665,0.07,0.0699999999999999,0.0019999999999999,0,9437184,0,4,0
0,1,1,0,4,5,0.8,50,0.0,13.30624478924106,0.0751526832580566,0.0726044178009033,0.0874635219573974,0.0955020809173584,0.0112414185213375,1.0,ATTACK,0,0,0,0,21144798631,2914534534,16490680,6048633,5,3.6666666666666665,0.086,0.0746666666666666,0.0098657657246324,0,18874368,0,5,0
0,1,1,0,5,5,1.0,50,0.0,9.8579468000895,0.1014410018920898,0.0956699848175048,0.1305940151214599,0.1434192657470703,0.0245573726286703,1.0,ATTACK,0,0,0,0,21144802960,2914547707,16490746,6048740,5,4.666666666666667,0.086,0.0806666666666666,0.0092376043070339,0,18874368,0,5,0
0,1,1,0,5,5,1.0,50,0.0,7.736278783917085,0.1292611122131347,0.1351644992828369,0.1571598052978515,0.1661428451538086,0.0255129163257972,1.0,ATTACK,0,0,0,0,21144806332,2914560043,16490798,6048833,5,5.0,0.071,0.081,0.0086602540378443,0,23068672,0,5,0
0,1,1,0,5,5,1.0,50,0.0,8.717527278229419,0.1147114276885986,0.1182098388671875,0.1339958667755127,0.1404026126861572,0.0216641063609907,1.0,ATTACK,0,0,0,0,21144810088,2914572547,16490855,6048931,5,5.0,0.073,0.0766666666666666,0.008144527815247,0,23068672,0,5,0
0,1,1,0,5,5,1.0,50,0.0,8.65008626773562,0.1156057834625244,0.1231021881103515,0.1464546203613281,0.1552279758453369,0.0305405229111399,1.0,ATTACK,0,0,0,0,21144813400,2914584429,16490906,6049022,5,5.0,0.073,0.0723333333333333,0.0011547005383791,0,23068672,0,5,0
0,1,1,0,5,5,1.0,50,0.0,92.87858455678824,0.0107667446136474,0.0105493068695068,0.0118352890014648,0.0122260761260986,0.0009042342503516,1.0,NORMAL,0,0,0,0,21144817396,2914597767,16490967,6049130,5,5.0,0.074,0.0733333333333333,0.0005773502691894,0,23068672,0,5,0
0,1,1,0,5,5,1.0,50,0.0,84.7638948955382,0.0117974758148193,0.010505199432373,0.0147604465484619,0.0172128868103027,0.0028509219250792,1.0,NORMAL,0,0,0,0,21144820801,2914608644,16491019,6049221,5,5.0,0.074,0.0736666666666666,0.0005773502691894,0,23068672,0,5,0
0,1,1,0,5,5,1.0,50,0.0,51.98059729978262,0.0192379474639892,0.010970115661621,0.0347598552703857,0.0437046146392822,0.0132333542453701,1.0,NORMAL,0,0,0,0,21144824113,2914620106,16491070,6049315,5,5.0,0.019,0.0556666666666666,0.0317542648054294,0,23068672,0,5,0
0,1,1,0,5,5,1.0,50,0.0,74.37658708203884,0.0134450912475585,0.0136876106262207,0.0165409564971923,0.0165828418731689,0.0028258010909774,1.0,NORMAL,0,0,0,0,21144827305,2914630496,16491119,6049401,5,5.0,0.005,0.0326666666666666,0.0364737348421207,0,23068672,0,5,0
0,1,1,0,5,5,1.0,50,0.0,77.10089301142276,0.0129700183868408,0.0132756233215332,0.0159162521362304,0.0165223026275634,0.0026915323022453,1.0,NORMAL,0,0,0,0,21144830437,2914640870,16491167,6049487,5,5.0,0.005,0.0096666666666666,0.0080829037686546,0,23068672,0,5,0
0,1,1,0,5,5,1.0,50,0.0,79.72840322844314,0.0125425815582275,0.0100941658020019,0.0170705318450927,0.018706464767456,0.0036274865187756,1.0,NORMAL,0,0,0,0,21144833509,2914651212,16491214,6049573,5,5.0,0.006,0.0053333333333333,0.0005773502691885,0,23068672,0,5,0
0,1,1,0,5,5,1.0,50,0.0,8.788384584019374,0.1137865543365478,0.1063096523284912,0.1368144512176513,0.1464316940307617,0.0192445758668698,1.0,ATTACK,0,0,0,0,21144837470,2914662933,16491269,6049670,5,5.0,0.005,0.0053333333333333,0.0005773502691885,0,23068672,0,5,0
0,1,1,0,5,5,1.0,50,0.0,8.451623303349775,0.1183204650878906,0.1351323127746582,0.1561015129089355,0.158256893157959,0.0382955100056118,1.0,ATTACK,0,0,0,0,21144841774,2914675251,16491325,6049765,5,5.0,0.005,0.0053333333333333,0.0005773502691885,0,23068672,0,5,0
0,1,1,0,5,5,1.0,50,0.0,9.069173273089904,0.1102636337280273,0.1212146282196044,0.1214490413665771,0.1215620803833007,0.0146330287285053,1.0,ATTACK,0,0,0,0,21144845446,2914688361,16491382,6049866,5,5.0,0.052,0.0206666666666666,0.0271354626519123,0,24117248,0,5,0
0,1,1,0,5,5,1.0,50,0.0,8.83454025385351,0.113192081451416,0.1275224685668945,0.1363580703735351,0.1400244998931884,0.0244168518850591,1.0,ATTACK,0,0,0,0,21144849022,2914700297,16491436,6049958,5,5.0,0.052,0.0363333333333333,0.0271354626519124,0,24117248,0,5,0
0,1,1,0,5,5,1.0,50,0.0,10.968557511714376,0.0911696910858154,0.0921850204467773,0.1092340946197509,0.1116652488708496,0.0161750301410817,1.0,ATTACK,0,0,0,0,21144852634,2914713347,16491492,6050058,5,5.0,0.074,0.0593333333333333,0.0127017059221717,0,24117248,0,5,0
0,1,1,0,5,5,1.0,50,0.0,9.065989742383737,0.1103023529052734,0.1006736755371093,0.162120771408081,0.1891104888916015,0.0447722772709897,1.0,ATTACK,0,0,0,0,21144856699,2914725790,16491552,6050155,5,5.0,0.074,0.0666666666666666,0.0127017059221717,0,24117248,0,5,0
0,1,1,0,5,5,1.0,50,0.0,9.704014311111193,0.1030501365661621,0.1050455570220947,0.1489706039428711,0.151323652267456,0.0423156606351253,1.0,ATTACK,0,0,0,0,21144860311,2914738744,16491608,6050254,5,5.0,0.073,0.0736666666666666,0.0005773502691899,0,24117248,0,5,0
0,1,1,0,5,5,1.0,50,0.0,10.128174665268046,0.0987344741821289,0.1008288860321044,0.1091827869415283,0.1112592887878418,0.0096944754713351,1.0,ATTACK,0,0,0,0,21144863941,2914750924,16491664,6050349,5,5.0,0.074,0.0736666666666666,0.0005773502691899,0,24117248,0,5,0
0,1,1,0,5,5,1.0,50,0.0,7.518905252168027,0.1329980850219726,0.1127021312713623,0.1855703353881836,0.2120571708679199,0.0441436427989647,1.0,ATTACK,0,0,0,0,21144868472,2914764151,16491727,6050451,5,5.0,0.074,0.0736666666666666,0.0005773502691899,0,24117248,0,5,0
0,1,1,0,5,5,1.0,50,0.0,8.009878516098995,0.1248458385467529,0.1157617568969726,0.2008172988891601,0.2254651260375976,0.0637570311703227,1.0,ATTACK,0,0,0,0,21144871904,2914776259,16491780,6050545,5,5.0,0.073,0.0736666666666666,0.0005773502691899,0,24117248,0,5,0
0,1,1,0,5,5,1.0,50,0.0,11.580710375663829,0.0863504886627197,0.0813193321228027,0.1131897926330566,0.1164379692077636,0.0236910126303536,1.0,ATTACK,0,0,0,0,21144875873,2914789646,16491840,6050650,5,5.0,0.074,0.0736666666666666,0.0005773502691899,0,24117248,0,5,0
0,1,1,0,5,5,1.0,50,0.0,69.65246041024551,0.0143569946289062,0.0158605575561523,0.0179078102111816,0.0179956150054931,0.0036073690119295,1.0,NORMAL,0,0,0,0,21144879629,2914802156,16491897,6050754,5,5.0,0.074,0.0736666666666666,0.0005773502691899,0,24117248,0,5,0
0,1,1,0,5,5,1.0,50,0.0,102.67674591672868,0.0097393035888671,0.0094258785247802,0.0104983329772949,0.0109212207794189,0.0006459588852673,1.0,NORMAL,0,0,0,0,21144882761,2914812712,16491945,6050841,5,5.0,0.074,0.074,0.0,0,24117248,0,5,0
0,1,1,0,5,5,1.0,50,0.0,75.56759873162295,0.0132331848144531,0.0121757984161376,0.0178042888641357,0.0211805248260498,0.0042898331713917,1.0,NORMAL,0,0,0,0,21144885833,2914822946,16491992,6050925,5,5.0,0.019,0.0556666666666666,0.0317542648054294,0,24117248,0,5,0
0,1,1,0,5,5,1.0,50,0.0,67.0916885277369,0.0149049758911132,0.0128521919250488,0.0206628799438476,0.0251834964752197,0.0054736284586773,1.0,NORMAL,0,0,0,0,21144889205,2914834452,16492044,6051020,5,5.0,0.019,0.0373333333333333,0.0317542648054294,0,24117248,0,5,0
0,1,1,0,5,5,1.0,50,0.0,102.18096950384674,0.0097865581512451,0.0098228454589843,0.0101824760437011,0.0103750801086425,0.0003574846107927,1.0,NORMAL,0,0,0,0,21144892430,2914844871,16492093,6051106,5,5.0,0.005,0.0143333333333333,0.0080829037686547,0,24117248,0,5,0
0,1,1,0,5,5,1.0,50,0.0,81.7405539401782,0.012233829498291,0.0105068683624267,0.0165118694305419,0.0197427940368652,0.0039770756201457,1.0,NORMAL,0,0,0,0,21144895622,2914855289,16492142,6051192,5,5.0,0.005,0.0096666666666666,0.0080829037686547,0,24117248,0,5,0
0,1,1,0,5,5,1.0,50,0.0,8.26810206600834,0.1209467411041259,0.1176702976226806,0.1577785015106201,0.1592444896697998,0.032038743303428,1.0,ATTACK,0,0,0,0,21144898994,2914866525,16492194,6051284,5,5.0,0.005,0.005,0.0,0,24117248,0,5,0
0,1,1,0,5,5,1.0,50,0.0,7.849554007717232,0.1273957729339599,0.1233797073364257,0.1395028114318847,0.1486662673950195,0.0113459261658176,1.0,ATTACK,0,0,0,0,21144902306,2914878535,16492245,6051376,5,5.0,0.005,0.005,0.0,0,24117248,0,5,0
0,1,1,0,5,5,1.0,50,0.0,9.609705603239112,0.1040614604949951,0.097916841506958,0.1560103416442871,0.1722531986236572,0.0470726263012668,1.0,ATTACK,0,0,0,0,21144906302,2914892043,16492306,6051481,5,5.0,0.043,0.0176666666666666,0.0219393102292057,0,24117248,0,5,0
0,1,1,0,5,5,1.0,50,0.0,10.428351922665724,0.0958924293518066,0.0937809944152832,0.109800100326538,0.1182891845703125,0.0124565898805664,1.0,ATTACK,0,0,0,0,21144909887,2914904174,16492361,6051575,5,5.0,0.043,0.0303333333333333,0.0219393102292057,0,24117248,0,5,0
0,1,1,0,5,5,1.0,50,0.0,10.61717944719741,0.0941869735717773,0.0908315181732177,0.1087958812713623,0.1165150642395019,0.0129587891765155,1.0,ATTACK,0,0,0,0,21144913883,2914917596,16492422,6051679,5,5.0,0.074,0.0533333333333333,0.0178978583448784,0,24117248,0,5,0
0,1,1,0,5,5,1.0,50,0.0,8.737172244386452,0.1144535064697265,0.123892068862915,0.1251145839691162,0.1256669902801513,0.0146182759918287,1.0,ATTACK,0,0,0,0,21144917435,2914929886,16492477,6051775,5,5.0,0.074,0.0636666666666666,0.0178978583448784,0,24117248,0,5,0
0,1,1,0,5,5,1.0,50,0.0,8.18149827994223,0.1222270011901855,0.126711368560791,0.1485080242156982,0.1585603427886963,0.025258624052546,1.0,ATTACK,0,0,0,0,21144921311,2914943136,16492536,6051878,5,5.0,0.073,0.0736666666666666,0.00057735026919,0,24117248,0,5,0
0,1,1,0,5,5,1.0,50,0.0,11.638533462382014,0.0859214782714843,0.0846219062805175,0.1117221355438232,0.1236273670196533,0.0225185432292879,1.0,ATTACK,0,0,0,0,21144925256,2914956190,16492594,6051978,5,5.0,0.074,0.0736666666666666,0.00057735026919,0,24117248,0,5,0
0,1,1,0,5,5,1.0,50,0.0,9.554414758200164,0.1046636581420898,0.1031713485717773,0.1153843402862548,0.1194591522216796,0.0092459501749644,1.0,ATTACK,0,0,0,0,21144929045,2914968435,16492651,6052074,5,5.0,0.074,0.0736666666666666,0.00057735026919,0,24117248,0,5,0
0,1,1,0,5,5,1.0,50,0.0,8.218784891543025,0.1216724872589111,0.1206817626953125,0.135332441329956,0.1360636329650879,0.012253252713654,1.0,ATTACK,0,0,0,0,21144933213,2914981849,16492710,6052178,5,5.0,0.072,0.0733333333333333,0.0011547005383794,0,24117248,0,5,0
0,1,1,0,5,5,1.0,50,0.0,86.62266317502541,0.0115443229675292,0.0115227699279785,0.01265549659729,0.0130640506744384,0.001008512276001,1.0,NORMAL,0,0,0,0,21144937757,2914995615,16492770,6052285,5,5.0,0.074,0.0733333333333333,0.0011547005383794,0,24117248,0,5,0
0,1,1,0,5,5,1.0,50,0.0,73.1206699975942,0.0136760234832763,0.0106589794158935,0.0188734531402587,0.0200394630432128,0.0041134873949497,1.0,NORMAL,0,0,0,0,21144941129,2915006675,16492822,6052376,5,5.0,0.057,0.0676666666666666,0.0092915732431776,0,24117248,0,5,0
0,1,1,0,5,5,1.0,50,0.0,63.25162792521346,0.0158098697662353,0.0154323577880859,0.0180196285247802,0.0189129543304443,0.0020166179161423,1.0,NORMAL,0,0,0,0,21144944261,2915017129,16492870,6052462,5,5.0,0.005,0.0453333333333333,0.0359490380028914,0,24117248,0,5,0
0,1,1,0,5,5,1.0,50,0.0,92.39328401936726,0.0108232975006103,0.0108289718627929,0.0118288993835449,0.0123494625091552,0.0008970620547387,1.0,NORMAL,0,0,0,0,21144947546,2915027806,16492920,6052550,5,5.0,0.005,0.0223333333333333,0.0300222139978605,0,24117248,0,5,0
0,1,1,0,5,5,1.0,50,0.0,47.493941960585374,0.0210553169250488,0.0185608863830566,0.0313712120056152,0.0370475387573242,0.0089245797989567,1.0,NORMAL,0,0,0,0,21144951122,2915039388,16492974,6052646,5,5.0,0.005,0.005,0.0,0,24117248,0,5,0
0,1,1,0,5,5,1.0,50,0.0,65.25316829865551,0.0153249263763427,0.0114974975585937,0.0236529350280761,0.0277256870269775,0.0069262663431256,1.0,NORMAL,0,0,0,0,21144954314,2915049874,16493023,6052732,5,5.0,0.005,0.005,0.0,0,24117248,0,5,0
0,1,1,0,1,1,1.0,50,0.0,10.82723474294022,0.0923596858978271,0.0960192680358886,0.110962438583374,0.119835786819458,0.0173618043824003,1.0,ATTACK,0,0,0,0,21145015430,2915247084,16493953,6054382,1,1.0,0.001,0.001,0.0,0,5242880,0,1,0
0,1,1,0,1,1,1.0,50,0.0,17.609926005044958,0.0567861557006835,0.061333417892456,0.0761065006256103,0.0827135753631591,0.0181457911908021,1.0,ATTACK,0,0,0,0,21145019015,2915259225,16494008,6054475,1,1.0,0.025,0.013,0.0169705627484771,0,5242880,0,1,0
0,1,1,0,1,2,0.5,50,0.0,23.12789560226873,0.043237829208374,0.0357706546783447,0.072283935546875,0.0831756782531738,0.0240277926828425,1.0,ATTACK,0,0,0,0,21145021967,2915269981,16494053,6054557,2,1.3333333333333333,0.025,0.017,0.013856406460551,0,5242880,1,1,0
0,1,1,0,1,2,0.5,50,0.0,23.28270055310447,0.0429503440856933,0.0372130870819091,0.0666559696197509,0.0689518547058105,0.0198370721059509,1.0,ATTACK,0,0,0,0,21145042771,2915288064,16494138,6054677,2,1.6666666666666667,0.067,0.039,0.0242487113059642,0,5242880,0,2,0
0,1,1,0,2,4,0.5,50,0.0,20.44372436799156,0.0489147663116455,0.0395879745483398,0.0752536296844482,0.0778977298736572,0.0219770250247896,1.0,ATTACK,0,0,0,0,21145122270,2915339836,16494397,6054942,4,2.6666666666666665,0.081,0.0576666666666666,0.0291433239925258,0,9437184,0,4,0
0,1,1,0,4,5,0.8,50,0.0,15.83491205351918,0.0631515979766845,0.0446870326995849,0.0977596759796142,0.1107310962677002,0.0278357826859751,1.0,ATTACK,0,0,0,0,21145142880,2915358293,16494485,6055067,5,3.6666666666666665,0.064,0.0706666666666666,0.0090737717258774,0,9437184,0,5,0
0,1,1,0,5,5,1.0,50,0.0,18.833807512141853,0.0530960083007812,0.0544135570526123,0.0728003025054931,0.0766541862487793,0.0179313456625822,1.0,ATTACK,0,0,0,0,21145146132,2915370045,16494535,6055156,5,4.666666666666667,0.064,0.0696666666666666,0.0098149545762236,0,9437184,0,5,0
0,1,1,0,5,5,1.0,50,0.0,28.1136529683426,0.0355699062347412,0.0337336063385009,0.0485098361968994,0.0552887439727783,0.0112334023406993,1.0,ATTACK,0,0,0,0,21145150008,2915382303,16494594,6055254,5,5.0,0.084,0.0706666666666666,0.0115470053837925,0,22020096,0,5,0
0,1,1,0,5,5,1.0,50,0.0,18.70287942823457,0.0534677028656005,0.0486876964569091,0.0830658912658691,0.0837590599060058,0.02556380747025,1.0,ATTACK,0,0,0,0,21145153500,2915394345,16494648,6055348,5,5.0,0.083,0.077,0.0112694276695846,0,23068672,0,5,0
0,1,1,0,5,5,1.0,50,0.0,22.32936892428582,0.0447840690612793,0.0588598251342773,0.0661510944366455,0.0679949951171875,0.0229891588430281,1.0,ATTACK,0,0,0,0,21145158198,2915407713,16494717,6055457,5,5.0,0.071,0.0793333333333333,0.0072341781380702,0,23068672,0,5,0
0,1,1,0,5,5,1.0,50,0.0,19.1475091325264,0.0522261142730712,0.0520620346069335,0.0716115951538085,0.082112808227539,0.0173922557347516,1.0,ATTACK,0,0,0,0,21145169602,2915428298,16494812,6055592,5,5.0,0.071,0.075,0.0069282032302755,0,23068672,0,5,0
0,1,1,0,5,5,1.0,50,0.0,59.16136312344843,0.0169029235839843,0.0111293792724609,0.0276267051696777,0.0338423919677734,0.0091550521811432,1.0,NORMAL,0,0,0,0,21145174571,2915443157,16494879,6055710,5,5.0,0.07,0.0706666666666666,0.0005773502691902,0,24117248,0,5,0
0,1,1,0,5,5,1.0,50,0.0,90.883372625156,0.0110031127929687,0.0111875534057617,0.0118237972259521,0.0119260215759277,0.0007722473482538,1.0,NORMAL,0,0,0,0,21145177703,2915453615,16494927,6055795,5,5.0,0.069,0.07,0.0010000000000003,0,24117248,0,5,0
0,1,1,0,5,5,1.0,50,0.0,64.60627531923414,0.0154783725738525,0.0145776271820068,0.0238660335540771,0.029189167022705,0.007606197178896,1.0,NORMAL,0,0,0,0,21145180835,2915463923,16494975,6055879,5,5.0,0.018,0.0523333333333333,0.0297377425729212,0,25165824,0,5,0
0,1,1,0,5,5,1.0,50,0.0,63.73992833197069,0.0156887531280517,0.0120887756347656,0.0241554260253906,0.030240135192871,0.0077313170283054,1.0,NORMAL,0,0,0,0,21145184920,2915475154,16495035,6055976,5,5.0,0.018,0.035,0.0294448637286709,0,25165824,0,5,0
0,1,1,0,5,5,1.0,50,0.0,65.57842104111097,0.0152489185333251,0.0124812126159667,0.0218204975128173,0.0232356739044189,0.0052483105647565,1.0,NORMAL,0,0,0,0,21145188962,2915487164,16495095,6056078,5,5.0,0.005,0.0136666666666666,0.0075055534994653,0,25165824,0,5,0
0,1,1,0,5,5,1.0,50,0.0,54.3091174177977,0.0184131145477294,0.0150723457336425,0.0280637741088867,0.0326488494873046,0.0081054378855744,1.0,NORMAL,0,0,0,0,21145192154,2915497628,16495144,6056164,5,5.0,0.005,0.0093333333333333,0.0075055534994654,0,25165824,0,5,0
0,1,1,0,5,5,1.0,50,0.0,19.10322463108034,0.052347183227539,0.0444581508636474,0.0842017173767089,0.098214521408081,0.0275886285947257,1.0,ATTACK,0,0,0,0,21145195346,2915508062,16495193,6056251,5,5.0,0.006,0.0053333333333333,0.0005773502691933,0,25165824,0,5,0
0,1,1,0,5,5,1.0,50,0.0,20.5664231629592,0.0486229419708251,0.0522575378417968,0.0647537231445312,0.0673057270050048,0.0159614472118309,1.0,ATTACK,0,0,0,0,21145198718,2915520480,16495245,6056347,5,5.0,0.006,0.0056666666666666,0.0005773502691933,0,25165824,0,5,0
0,1,1,0,5,5,1.0,50,0.0,23.94356259412038,0.0417648792266845,0.0379614830017089,0.0553547382354736,0.0624457263946533,0.0120819509971514,1.0,ATTACK,0,0,0,0,21145203580,2915534366,16495321,6056464,5,5.0,0.048,0.02,0.0242487113059643,0,25165824,0,5,0
0,1,1,0,5,5,1.0,50,0.0,19.051370472788584,0.0524896621704101,0.0406367778778076,0.087295913696289,0.1002010726928711,0.0289986015610272,1.0,ATTACK,0,0,0,0,21145207036,2915546334,16495373,6056556,5,5.0,0.071,0.0416666666666666,0.0329595711946216,0,25165824,0,5,0
0,1,1,0,5,5,1.0,50,0.0,14.253386038267262,0.0701587677001953,0.0709455013275146,0.0916138172149658,0.0919465827941894,0.0198854579802186,1.0,ATTACK,0,0,0,0,21145210814,2915558714,16495430,6056654,5,5.0,0.07,0.063,0.013,0,25165824,0,5,0
0,1,1,0,5,5,1.0,50,0.0,25.10278588408788,0.0398362159729003,0.0350809097290039,0.055399465560913,0.0630982208251953,0.0131168718264386,1.0,ATTACK,0,0,0,0,21145214126,2915570794,16495481,6056746,5,5.0,0.07,0.0703333333333333,0.0005773502691907,0,25165824,0,5,0
0,1,1,0,5,5,1.0,50,0.0,27.46681824492287,0.0364075660705566,0.0175662040710449,0.073918342590332,0.081687307357788,0.0297781985487922,1.0,ATTACK,0,0,0,0,21145217642,2915582606,16495534,6056836,5,5.0,0.071,0.0703333333333333,0.0005773502691907,0,25165824,0,5,0
0,1,1,0,5,5,1.0,50,0.0,24.57278442078869,0.0406954288482666,0.0380003452301025,0.0606172084808349,0.0696719169616699,0.0175520892555116,1.0,ATTACK,0,0,0,0,21145221194,2915594896,16495589,6056931,5,5.0,0.071,0.0706666666666666,0.0005773502691907,0,25165824,0,5,0
0,1,1,0,5,5,1.0,50,0.0,17.756659111249217,0.0563169002532959,0.0592939853668212,0.0811557292938232,0.0897051525115966,0.0229005718572729,1.0,ATTACK,0,0,0,0,21145225131,2915607464,16495650,6057030,5,5.0,0.071,0.071,0.0,0,25165824,0,5,0
0,1,1,0,5,5,1.0,50,0.0,23.730955506268955,0.0421390533447265,0.0235428810119628,0.0837919235229492,0.0993146610260009,0.0335803942175156,1.0,ATTACK,0,0,0,0,21145228656,2915619591,16495704,6057125,5,5.0,0.071,0.071,0.0,0,25165824,0,5,0
0,1,1,0,5,5,1.0,50,0.0,19.62337454535928,0.0509596347808837,0.0517675876617431,0.0731044292449951,0.0733719635009765,0.0200998648162171,1.0,ATTACK,0,0,0,0,21145232412,2915631951,16495761,6057221,5,5.0,0.071,0.071,0.0,0,25165824,0,5,0
0,1,1,0,5,5,1.0,50,0.0,77.215864740276,0.0129507064819335,0.0113346576690673,0.0163534641265869,0.0172992324829101,0.0027083554407291,1.0,NORMAL,0,0,0,0,21145236468,2915645777,16495823,6057331,5,5.0,0.07,0.0706666666666666,0.0005773502691907,0,25165824,0,5,0
0,1,1,0,5,5,1.0,50,0.0,83.94820166923523,0.0119121074676513,0.0107285976409912,0.0151306629180908,0.0171773815155029,0.0028565519525162,1.0,NORMAL,0,0,0,0,21145239976,2915656363,16495871,6057418,5,5.0,0.043,0.0613333333333333,0.0158850034099251,0,25165824,0,5,0
0,1,1,0,5,5,1.0,50,0.0,57.20545553737043,0.0174808502197265,0.0143580436706542,0.0286630153656005,0.0371262645721435,0.0104669619892991,1.0,NORMAL,0,0,0,0,21145243836,2915667071,16495921,6057507,5,5.0,0.043,0.052,0.0155884572681199,0,25165824,0,5,0
0,1,1,0,5,5,1.0,50,0.0,64.40053801413822,0.0155278205871582,0.0130047798156738,0.0228483200073242,0.0266058158874511,0.0062093826388205,1.0,NORMAL,0,0,0,0,21145247181,2915677658,16495972,6057596,5,5.0,0.006,0.0306666666666666,0.0213619599600161,0,25165824,0,5,0
0,1,1,0,5,5,1.0,50,0.0,98.08942937324602,0.0101947784423828,0.0099549293518066,0.0111002445220947,0.0116918754577636,0.0008189157958075,1.0,NORMAL,0,0,0,0,21145250673,2915689232,16496026,6057691,5,5.0,0.005,0.018,0.0216564078277077,0,25165824,0,5,0
0,1,1,0,5,5,1.0,50,0.0,74.06113043631805,0.0135023593902587,0.0150895118713378,0.0175107479095458,0.0175844764709472,0.0040043907486381,1.0,NORMAL,0,0,0,0,21145253805,2915699578,16496074,6057776,5,5.0,0.005,0.0053333333333333,0.0005773502691906,0,25165824,0,5,0
0,1,1,0,5,5,1.0,50,0.0,19.12460000383012,0.0522886753082275,0.0396430492401123,0.0863602638244629,0.0894958305358886,0.0282156355675827,1.0,ATTACK,0,0,0,0,21145256937,2915709878,16496122,6057862,5,5.0,0.005,0.005,0.0,0,25165824,0,5,0
0,1,1,0,5,5,1.0,50,0.0,21.68957507234505,0.0461050987243652,0.0527758598327636,0.0740691661834716,0.0867850685119629,0.026268241897896,1.0,ATTACK,0,0,0,0,21145260249,2915722050,16496173,6057956,5,5.0,0.005,0.005,0.0,0,25165824,0,5,0
0,1,1,0,5,5,1.0,50,0.0,18.573347893357564,0.0538405895233154,0.0462911128997802,0.0923525810241699,0.1118703079223632,0.0329942578567437,1.0,ATTACK,0,0,0,0,21145264038,2915734457,16496230,6058054,5,5.0,0.049,0.0196666666666666,0.0254034118443435,0,25165824,0,5,0
0,1,1,0,5,5,1.0,50,0.0,16.352750915048276,0.0611517906188964,0.0584371089935302,0.0922024250030517,0.0959656715393066,0.0270343052962972,1.0,ATTACK,0,0,0,0,21145267608,2915746671,16496285,6058151,5,5.0,0.071,0.0416666666666666,0.0336055550963428,0,25165824,0,5,0
0,1,1,0,5,5,1.0,50,0.0,23.62413204222972,0.0423295974731445,0.0365705490112304,0.0589599609375,0.0642891883850097,0.0138609632678758,1.0,ATTACK,0,0,0,0,21145271691,2915758956,16496342,6058247,5,5.0,0.071,0.0636666666666666,0.0127017059221718,0,25165824,0,5,0
0,1,1,0,5,5,1.0,50,0.0,20.09576658786733,0.0497617244720458,0.0505769252777099,0.0870094776153564,0.0988474178314209,0.0323171302291812,1.0,ATTACK,0,0,0,0,21145275246,2915770730,16496394,6058337,5,5.0,0.071,0.071,0.0,0,25165824,0,5,0
0,1,1,0,5,5,1.0,50,0.0,20.31789337027816,0.0492177009582519,0.0557243824005126,0.0761013507843017,0.0817088413238525,0.0248333637925084,1.0,ATTACK,0,0,0,0,21145278822,2915782682,16496448,6058429,5,5.0,0.071,0.071,0.0,0,25165824,0,5,0
0,1,1,0,5,5,1.0,50,0.0,17.27542544962688,0.0578856945037841,0.0461254119873046,0.0910217761993408,0.0939679145812988,0.0276103785060691,1.0,ATTACK,0,0,0,0,21145282467,2915795029,16496504,6058526,5,5.0,0.071,0.071,0.0,0,25165824,0,5,0
0,1,1,0,5,5,1.0,50,0.0,28.781493345190945,0.0347445487976074,0.0209977626800537,0.0629383563995361,0.0643537902832031,0.0229505993235489,1.0,ATTACK,0,0,0,0,21145285959,2915806927,16496558,6058617,5,5.0,0.071,0.071,0.0,0,25165824,0,5,0
0,1,1,0,5,5,1.0,50,0.0,19.410812992177,0.0515176773071289,0.0545477867126464,0.0685795783996582,0.075007095336914,0.0156094883774066,1.0,ATTACK,0,0,0,0,21145289535,2915818939,16496612,6058710,5,5.0,0.071,0.071,0.0,0,25165824,0,5,0
0,1,1,0,5,5,1.0,50,0.0,21.754417994796743,0.045967674255371,0.0329828262329101,0.0742520332336425,0.0801864528656005,0.0227807384979629,1.0,ATTACK,0,0,0,0,21145292727,2915830359,16496661,6058797,5,5.0,0.071,0.071,0.0,0,25165824,0,5,0
0,1,1,0,5,5,1.0,50,0.0,85.65327844079039,0.0116749763488769,0.0111052989959716,0.013652229309082,0.0141110801696777,0.0016501581641257,1.0,NORMAL,0,0,0,0,21145296843,2915843963,16496724,6058904,5,5.0,0.072,0.0713333333333333,0.0005773502691902,0,25165824,0,5,0
0,1,1,0,5,5,1.0,50,0.0,95.51046804479604,0.0104700565338134,0.0108280181884765,0.0115679740905761,0.0119439983367919,0.0010426150789641,1.0,NORMAL,0,0,0,0,21145300068,2915854258,16496773,6058989,5,5.0,0.072,0.0716666666666666,0.0005773502691902,0,25165824,0,5,0
0,1,1,0,5,5,1.0,50,0.0,62.26864732133578,0.0160594463348388,0.0145332813262939,0.0247803688049316,0.0290168857574462,0.007454621431384,1.0,NORMAL,0,0,0,0,21145303260,2915864476,16496822,6059073,5,5.0,0.009,0.051,0.0363730669589464,0,25165824,0,5,0
0,1,1,0,5,5,1.0,50,0.0,71.45857611132692,0.0139941215515136,0.0107502937316894,0.0199689388275146,0.0199752044677734,0.004897192080172,1.0,NORMAL,0,0,0,0,21145306392,2915874824,16496870,6059159,5,5.0,0.005,0.0286666666666666,0.0375810235801705,0,25165824,0,5,0
0,1,1,0,5,5,1.0,50,0.0,75.3463272675014,0.0132720470428466,0.0128188133239746,0.0161244869232177,0.0178788661956787,0.0025706095589495,1.0,NORMAL,0,0,0,0,21145309764,2915886286,16496922,6059253,5,5.0,0.005,0.0063333333333333,0.0023094010767585,0,25165824,0,5,0
0,1,1,0,5,5,1.0,50,0.0,74.39294506601586,0.0134421348571777,0.0110142230987548,0.0179136276245117,0.0186802673339843,0.0035488843968301,1.0,NORMAL,0,0,0,0,21145312896,2915896676,16496970,6059339,5,5.0,0.005,0.005,0.0,0,25165824,0,5,0
0,1,1,0,1,1,1.0,50,0.0,15.56929989257442,0.0642289638519287,0.0632557868957519,0.0771477699279785,0.0810802745819091,0.0109329631166853,1.0,ATTACK,0,0,0,0,21145372885,2916085705,16497867,6060931,1,1.0,0.001,0.001,0.0,0,5242880,0,1,0
0,1,1,0,1,1,1.0,50,0.0,31.45566003350828,0.0317907810211181,0.014737844467163,0.0652241230010986,0.0763158512115478,0.026688254268401,1.0,ATTACK,0,0,0,0,21145384692,2916104920,16497952,6061057,1,1.0,0.001,0.001,0.0,0,5242880,0,1,0
0,1,1,0,1,1,1.0,50,0.0,23.844360029425243,0.0419386386871337,0.0306010246276855,0.0798167705535888,0.0914857101440429,0.0308166420532485,1.0,ATTACK,0,0,0,0,21145388004,2916117032,16498003,6061150,1,1.0,0.001,0.001,0.0,0,5242880,0,1,0
0,1,1,0,1,1,1.0,50,0.0,57.64748246923354,0.0173468112945556,0.0142657756805419,0.0248422145843505,0.0266015720367431,0.0061518759085563,1.0,ATTACK,0,0,0,0,21145391076,2916128104,16498050,6061235,1,1.0,0.051,0.0176666666666666,0.0288675134594812,0,5242880,0,1,0
0,1,1,0,1,2,0.5,50,0.0,58.37567605935683,0.017130422592163,0.0183961391448974,0.0186790466308593,0.0186842823028564,0.0017961928866471,1.0,ATTACK,0,0,0,0,21145411444,2916146293,16498134,6061356,2,1.3333333333333333,0.052,0.0346666666666666,0.0291604755333882,0,5242880,0,2,0
0,1,1,0,2,4,0.5,50,0.0,35.98722606130598,0.0277876377105712,0.0262255668640136,0.0385207653045654,0.0411594581604003,0.0093075178981471,1.0,ATTACK,0,0,0,0,21145448004,2916169907,16498246,6061499,4,2.333333333333333,0.065,0.0559999999999999,0.0078102496759066,0,9437184,2,2,0
0,1,1,0,4,4,1.0,50,0.0,69.90390160163997,0.0143053531646728,0.01265549659729,0.019543170928955,0.0207941532135009,0.004237611644778,1.0,NORMAL,0,0,0,0,21145451929,2916182888,16498306,6061605,4,3.333333333333333,0.065,0.0606666666666666,0.0075055534994651,0,9437184,0,4,0
0,1,1,0,4,4,1.0,50,0.0,60.54535953599691,0.0165165424346923,0.0116071701049804,0.0257743835449218,0.0291252994537353,0.0074282837780669,1.0,NORMAL,0,0,0,0,21145455421,2916194242,16498360,6061699,4,4.0,0.077,0.069,0.0069282032302754,0,17825792,0,4,0
0,1,1,0,4,4,1.0,50,0.0,56.09788197026519,0.0178259849548339,0.0197436809539794,0.0251510620117187,0.0279716300964355,0.0068373378172636,1.0,NORMAL,0,0,0,0,21145458853,2916204920,16498413,6061790,4,4.0,0.012,0.0513333333333333,0.0345880518869353,0,19922944,0,4,0
0,1,1,0,4,4,1.0,50,0.0,91.24042306035702,0.010960054397583,0.0099470615386962,0.0134756088256835,0.0135329437255859,0.0020910001164805,1.0,NORMAL,0,0,0,0,21145461925,2916215154,16498460,6061875,4,4.0,0.004,0.031,0.0400374824383352,0,19922944,0,4,0
0,1,1,0,4,4,1.0,50,0.0,87.15364443724104,0.0114739894866943,0.0122430324554443,0.0125798225402832,0.0126086616516113,0.0012168871254002,1.0,NORMAL,0,0,0,0,21145465057,2916225480,16498508,6061961,4,4.0,0.004,0.0066666666666666,0.0046188021535171,0,19922944,0,4,0
0,1,1,0,4,4,1.0,50,0.0,67.85143005047237,0.0147380828857421,0.0121102333068847,0.0220292568206787,0.0274360752105712,0.0067842619229066,1.0,NORMAL,0,0,0,0,21145468129,2916235886,16498555,6062047,4,4.0,0.004,0.004,0.0,0,19922944,0,4,0
0,1,1,0,4,4,1.0,50,0.0,74.64476011831245,0.0133967876434326,0.011523962020874,0.0181623458862304,0.0186038589477539,0.0038693485650622,1.0,NORMAL,0,0,0,0,21145472078,2916247877,16498614,6062148,4,4.0,0.004,0.004,0.0,0,19922944,0,4,0
0,1,1,0,4,4,1.0,50,0.0,83.97576611821425,0.0119081974029541,0.0094852447509765,0.0161665916442871,0.0169297122955322,0.0033803952269618,1.0,NORMAL,0,0,0,0,21145475210,2916258191,16498662,6062233,4,4.0,0.004,0.004,0.0,0,19922944,0,4,0
0,1,1,0,4,4,1.0,50,0.0,64.74909614096187,0.0154442310333251,0.0115535259246826,0.0245931148529052,0.0301781177520751,0.0079407536036276,1.0,NORMAL,0,0,0,0,21145478282,2916268645,16498709,6062319,4,4.0,0.004,0.004,0.0,0,19922944,0,4,0
0,1,1,0,4,4,1.0,50,0.0,57.498594854838224,0.0173917293548583,0.013430118560791,0.0268115997314453,0.0296311378479003,0.0075456528694798,1.0,NORMAL,0,0,0,0,21145481414,2916279067,16498757,6062405,4,4.0,0.004,0.004,0.0,0,19922944,0,4,0
0,1,1,0,4,4,1.0,50,0.0,81.86755359847598,0.0122148513793945,0.0125808715820312,0.0135802268981933,0.0137738609313964,0.001432862213176,1.0,NORMAL,0,0,0,0,21145484786,2916290379,16498809,6062498,4,4.0,0.004,0.004,0.0,0,19922944,0,4,0
0,1,1,0,4,4,1.0,50,0.0,87.53963417179399,0.0114233970642089,0.011641502380371,0.0120923519134521,0.0122554302215576,0.0006358694824202,1.0,NORMAL,0,0,0,0,21145488747,2916301193,16498864,6062590,4,4.0,0.004,0.004,0.0,0,19922944,0,4,0
0,1,1,0,4,4,1.0,50,0.0,14.835005245283313,0.0674081325531005,0.0707788467407226,0.0938522815704345,0.0983219146728515,0.0262224987514288,1.0,ATTACK,0,0,0,0,21145492547,2916311643,16498913,6062676,4,4.0,0.005,0.0043333333333333,0.0005773502691905,0,19922944,0,4,0
0,1,1,0,4,2,2.0,50,0.0,54.08083428533115,0.0184908390045166,0.0173866748809814,0.0228096485137939,0.0233569049835205,0.0037417451557825,1.0,ATTACK,0,0,0,0,21145495859,2916323525,16498964,6062768,4,4.0,0.009,0.006,0.0026457513110647,0,19922944,0,4,0
0,1,1,0,2,2,1.0,50,0.0,18.71212452431196,0.0534412860870361,0.0443081855773925,0.1059302806854248,0.1337165069580078,0.0453974379794787,1.0,ATTACK,0,0,0,0,21145499495,2916335451,16499019,6062860,4,4.0,0.009,0.0076666666666666,0.0023094010767587,0,19922944,0,4,0
0,1,1,0,2,2,1.0,50,0.0,25.75221217204227,0.038831615447998,0.038400650024414,0.06418137550354,0.0792426872253417,0.023171118800756,1.0,ATTACK,0,0,0,0,21145502447,2916346051,16499064,6062941,4,4.0,0.055,0.0243333333333333,0.0265581123827227,0,19922944,0,4,0
0,1,1,0,2,4,0.5,50,0.0,14.624694905089331,0.0683774948120117,0.0671749114990234,0.09665207862854,0.1109572219848632,0.0271096332443109,1.0,ATTACK,0,0,0,0,21176328758,2916596581,16519621,6066284,4,4.0,0.055,0.0396666666666666,0.0265581123827227,0,9437184,2,2,0
0,1,1,0,4,5,0.8,50,0.0,52.6207341277309,0.0190039157867431,0.0178818702697753,0.0258064270019531,0.0272200584411621,0.0060398052355056,1.0,ATTACK,0,0,0,0,21210963851,2916804726,16542581,6069639,5,4.333333333333333,0.056,0.0553333333333333,0.0005773502691895,0,9437184,3,2,0
0,1,1,0,5,5,1.0,50,0.0,70.39194428127884,0.0142061710357666,0.0151212215423583,0.0170047283172607,0.0179909229278564,0.0027716034530028,1.0,NORMAL,0,0,0,0,21211002090,2916830388,16542714,6069803,5,4.666666666666667,0.089,0.0666666666666666,0.0193476958145752,0,22020096,0,5,0
0,1,1,0,5,5,1.0,50,0.0,74.59776329643437,0.0134052276611328,0.0151777267456054,0.0161647319793701,0.0165894222259521,0.0029434106544757,1.0,NORMAL,0,0,0,0,21211007179,2916842845,16542783,6069912,5,5.0,0.089,0.078,0.0190525588832576,0,22020096,0,5,0
0,1,1,0,5,5,1.0,50,0.0,78.01469412049178,0.0128180980682373,0.0112054347991943,0.016379165649414,0.0187439727783203,0.0031584075462154,1.0,NORMAL,0,0,0,0,21211010851,2916854515,16542840,6070010,5,5.0,0.057,0.0783333333333333,0.018475208614068,0,24117248,0,5,0
0,1,1,0,5,5,1.0,50,0.0,56.93800533229077,0.0175629615783691,0.0154359340667724,0.0263680458068847,0.0321393871307373,0.0079423024493721,1.0,NORMAL,0,0,0,0,21211015231,2916867057,16542890,6070092,5,5.0,0.005,0.0503333333333333,0.0423949682548924,0,25165824,0,5,0
0,1,1,0,5,5,1.0,50,0.0,96.79371555695046,0.0103312492370605,0.0099117755889892,0.0117764472961425,0.0127952575683593,0.0013429295570339,1.0,NORMAL,0,0,0,0,21211018576,2916877584,16542941,6070180,5,5.0,0.005,0.0223333333333333,0.0300222139978605,0,25165824,0,5,0
0,1,1,0,5,5,1.0,50,0.0,93.67262072261605,0.0106754779815673,0.0099232196807861,0.0128235816955566,0.0133286952972412,0.0017375112829215,1.0,NORMAL,0,0,0,0,21211021648,2916887822,16542988,6070263,5,5.0,0.005,0.005,0.0,0,25165824,0,5,0
0,1,1,0,5,5,1.0,50,0.0,64.62837525501241,0.0154730796813964,0.0135669708251953,0.02339448928833,0.0290748500823974,0.0073265072999119,1.0,NORMAL,0,0,0,0,21211024780,2916898194,16543036,6070348,5,5.0,0.006,0.0053333333333333,0.0005773502691919,0,26214400,0,5,0
0,1,1,0,5,5,1.0,50,0.0,58.221553461668734,0.0171757698059082,0.0156247615814208,0.0270075798034667,0.0337680339813232,0.0090412299261491,1.0,NORMAL,0,0,0,0,21211027852,2916908498,16543083,6070433,5,5.0,0.006,0.0056666666666666,0.0005773502691919,0,26214400,0,5,0
0,1,1,0,5,5,1.0,50,0.0,76.4641625283484,0.0130780220031738,0.0105998516082763,0.0180987834930419,0.019336290359497,0.0039992181350806,1.0,NORMAL,0,0,0,0,21211031488,2916920112,16543138,6070529,5,5.0,0.005,0.0056666666666666,0.0005773502691919,0,25165824,0,5,0
0,1,1,0,5,5,1.0,50,0.0,62.12071932771118,0.0160976886749267,0.0125267505645751,0.0261374473571777,0.034273681640625,0.0096035792116453,1.0,NORMAL,0,0,0,0,21211034773,2916930403,16543188,6070615,5,5.0,0.005,0.0053333333333333,0.0005773502691919,0,25165824,0,5,0
0,1,1,0,5,5,1.0,50,0.0,83.10225948850443,0.0120333671569824,0.0101737976074218,0.0155342102050781,0.0159523773193359,0.0027967543862975,1.0,NORMAL,0,0,0,0,21211037905,2916940671,16543236,6070701,5,5.0,0.005,0.005,0.0,0,25165824,0,5,0
0,1,1,0,5,5,1.0,50,0.0,68.49766791654146,0.0145990371704101,0.01381516456604,0.0210962295532226,0.0251620292663574,0.0058581101534236,1.0,NORMAL,0,0,0,0,21211041037,2916950981,16543284,6070786,5,5.0,0.005,0.005,0.0,0,25165824,0,5,0
0,1,1,0,5,5,1.0,50,0.0,19.27866079554334,0.0518708229064941,0.0461153984069824,0.0715771198272705,0.0747049617767334,0.0160813732351732,1.0,ATTACK,0,0,0,0,21211044229,2916962427,16543333,6070880,5,5.0,0.005,0.005,0.0,0,25165824,0,5,0
0,1,1,0,5,4,1.25,50,0.0,19.722179119327933,0.0507043361663818,0.0438003540039062,0.0797901153564453,0.0849970340728759,0.0241058730523426,1.0,ATTACK,0,0,0,0,21211047844,2916974555,16543386,6070973,5,5.0,0.02,0.01,0.0086602540378445,0,25165824,0,5,0
0,1,1,0,4,2,2.0,50,0.0,39.04663845284488,0.0256103992462158,0.0214722156524658,0.0428878307342529,0.0539386177062988,0.0154125093049101,1.0,ATTACK,0,0,0,0,21211051036,2916985927,16543435,6071061,5,5.0,0.02,0.015,0.0086602540378445,0,25165824,0,5,0
0,1,1,0,4,2,2.0,50,0.0,22.40688248511391,0.0446291446685791,0.0378451347351074,0.0678021430969238,0.0767047595977783,0.0191609427964245,1.0,ATTACK,0,0,0,0,21211055005,2916998452,16543495,6071160,5,5.0,0.02,0.02,0.0,0,25165824,0,5,0
0,1,1,0,2,2,1.0,50,0.0,65.75319100905178,0.0152083873748779,0.015859842300415,0.0183699131011962,0.0184209823608398,0.0030099379386123,1.0,ATTACK,0,0,0,0,21211058377,2917010516,16543547,6071253,4,4.666666666666667,0.057,0.0323333333333333,0.0213619599600161,0,19922944,0,4,0
0,1,1,0,2,4,0.5,50,0.0,11.43600012214966,0.0874431610107421,0.0298445224761962,0.1817783832550049,0.1881442737579345,0.0758212314594706,1.0,ATTACK,0,0,0,0,21211094794,2917034394,16543658,6071400,4,4.333333333333333,0.056,0.0443333333333333,0.0210792156716831,0,9437184,2,2,0
0,1,1,0,4,5,0.8,50,0.0,65.56427459341842,0.0152522087097167,0.014514684677124,0.0174449920654296,0.0179828071594238,0.0018294841928048,1.0,NORMAL,0,0,0,0,21211115906,2917054553,16543753,6071541,5,4.333333333333333,0.073,0.062,0.0095393920141694,0,17825792,1,4,0
0,1,1,0,4,5,0.8,50,0.0,87.67284554476969,0.0114060401916503,0.0119044780731201,0.0121576309204101,0.0122892093658447,0.0008308416938866,1.0,NORMAL,0,0,0,0,21211119038,2917064933,16543801,6071627,5,4.666666666666667,0.073,0.0673333333333333,0.0098149545762236,0,17825792,0,5,0
0,1,1,0,5,5,1.0,50,0.0,90.5126954600189,0.0110481739044189,0.0110390186309814,0.0115996360778808,0.0119093990325927,0.000497642267753,1.0,NORMAL,0,0,0,0,21211123299,2917077006,16543861,6071729,5,5.0,0.018,0.0546666666666666,0.0317542648054294,0,23068672,0,5,0
0,1,1,0,5,5,1.0,50,0.0,56.14233473076656,0.0178118705749511,0.0119640827178955,0.0290110111236572,0.0347093105316162,0.0093300703517765,1.0,NORMAL,0,0,0,0,21211127279,2917087760,16543913,6071818,5,5.0,0.005,0.032,0.03609709129556,0,24117248,0,5,0
0,1,1,0,5,5,1.0,50,0.0,91.106448235565,0.0109761714935302,0.0109853744506835,0.0117531776428222,0.0118239021301269,0.0006956620036145,1.0,NORMAL,0,0,0,0,21211130411,2917098218,16543961,6071903,5,5.0,0.005,0.0093333333333333,0.0075055534994651,0,24117248,0,5,0
0,1,1,0,5,5,1.0,50,0.0,91.93518973136004,0.0108772277832031,0.010787010192871,0.0110874652862548,0.0110910701751708,0.0001730640772605,1.0,NORMAL,0,0,0,0,21211134047,2917109644,16544016,6071998,5,5.0,0.005,0.005,0.0,0,24117248,0,5,0
0,1,1,0,5,5,1.0,50,0.0,94.93671344499774,0.010533332824707,0.0106129646301269,0.0111393451690673,0.0114301395416259,0.0005938420349072,1.0,NORMAL,0,0,0,0,21211137179,2917120028,16544064,6072084,5,5.0,0.005,0.005,0.0,0,24117248,0,5,0
0,1,1,0,5,5,1.0,50,0.0,84.05014588476706,0.0118976593017578,0.0115175247192382,0.0130492687225341,0.0138917827606201,0.0010661102597405,1.0,NORMAL,0,0,0,0,21211140644,2917131487,16544117,6072179,5,5.0,0.005,0.005,0.0,0,24117248,0,5,0
0,1,1,0,5,5,1.0,50,0.0,88.02316894018888,0.0113606452941894,0.0103373527526855,0.0134584426879882,0.014614839553833,0.0017758531450876,1.0,NORMAL,0,0,0,0,21211143776,2917141899,16544165,6072265,5,5.0,0.005,0.005,0.0,0,24117248,0,5,0
0,1,1,0,5,5,1.0,50,0.0,65.47012069105463,0.0152741432189941,0.0150024890899658,0.0163218975067138,0.0169059753417968,0.0009222040699082,1.0,NORMAL,0,0,0,0,21211146968,2917152241,16544214,6072351,5,5.0,0.005,0.005,0.0,0,24117248,0,5,0
0,1,1,0,5,5,1.0,50,0.0,73.16939738186284,0.0136669158935546,0.0136184692382812,0.0150252819061279,0.0150494003295898,0.0013532463254727,1.0,NORMAL,0,0,0,0,21211163481,2917173401,16544322,6072497,5,5.0,0.005,0.005,0.0,0,24117248,0,5,0
0,1,1,0,5,5,1.0,50,0.0,82.86485354491249,0.0120678424835205,0.0113422870635986,0.0146345615386962,0.0165359687805175,0.0024158822712151,1.0,NORMAL,0,0,0,0,21211166553,2917183731,16544369,6072582,5,5.0,0.005,0.005,0.0,0,24117248,0,5,0
0,1,1,0,1,1,1.0,50,0.0,20.51004400977995,0.0487565994262695,0.0383393764495849,0.0778449535369873,0.0858056640625,0.0244206186363431,1.0,ATTACK,0,0,0,0,21211225893,2917374634,16545275,6074186,1,1.0,0.001,0.001,0.0,0,5242880,0,1,0
0,1,1,0,1,1,1.0,50,0.0,65.28343471195811,0.0153178215026855,0.0155849456787109,0.0183501243591308,0.0196976661682128,0.0027752138928425,1.0,ATTACK,0,0,0,0,21211229641,2917386814,16545327,6074280,1,1.0,0.001,0.001,0.0,0,5242880,0,1,0
0,1,1,0,1,1,1.0,50,0.0,46.00268494064176,0.0217378616333007,0.019996166229248,0.0297657489776611,0.0303164386749267,0.0071332856290342,1.0,ATTACK,0,0,0,0,21211233501,2917397866,16545377,6074365,1,1.0,0.033,0.0116666666666666,0.018475208614068,0,5242880,0,1,0
0,1,1,0,1,1,1.0,50,0.0,65.91708313688511,0.0151705741882324,0.0136401653289794,0.0195501804351806,0.0217143154144287,0.0037136069676418,1.0,ATTACK,0,0,0,0,21211237086,2917409967,16545432,6074460,1,1.0,0.033,0.0223333333333333,0.018475208614068,0,5242880,0,1,0
0,1,1,0,1,2,0.5,50,0.0,66.41643283780617,0.0150565147399902,0.0158956050872802,0.0186497211456298,0.0194287204742431,0.0033459850116136,1.0,ATTACK,0,0,0,0,21211257153,2917426798,16545511,6074570,2,1.3333333333333333,0.033,0.033,0.0,0,5242880,0,2,0
0,1,1,0,2,3,0.6666666666666666,50,0.0,61.7325059755796,0.0161989212036132,0.0171551704406738,0.0186677932739257,0.0187174892425537,0.002808507493572,1.0,ATTACK,0,0,0,0,21211277664,2917444787,16545596,6074689,3,2.0,0.053,0.0396666666666666,0.0115470053837925,0,9437184,0,3,0
0,1,1,0,3,3,1.0,50,0.0,67.34181279883373,0.0148496150970458,0.0155115127563476,0.0167501926422119,0.0171033000946044,0.0018229844982566,1.0,NORMAL,0,0,0,0,21211281456,2917457801,16545655,6074793,3,2.6666666666666665,0.053,0.0463333333333333,0.0115470053837925,0,13631488,0,3,0
0,1,1,0,3,3,1.0,50,0.0,91.99326221224032,0.010870361328125,0.0105974674224853,0.0119157314300537,0.0123450565338134,0.0009143975807341,1.0,NORMAL,0,0,0,0,21211284972,2917469141,16545708,6074887,3,3.0,0.053,0.053,0.0,0,13631488,0,3,0
0,1,1,0,3,3,1.0,50,0.0,60.624120117828326,0.0164950847625732,0.0118393898010253,0.0276224613189697,0.0347386837005615,0.0097801647857919,1.0,NORMAL,0,0,0,0,21211288437,2917479994,16545761,6074978,3,3.0,0.02,0.042,0.0190525588832576,0,13631488,0,3,0
0,1,1,0,3,3,1.0,50,0.0,63.04777995905348,0.0158609867095947,0.0141129493713378,0.0248876094818115,0.0311388301849365,0.0082762770396541,1.0,NORMAL,0,0,0,0,21211292422,2917491117,16545816,6075072,3,3.0,0.003,0.0253333333333333,0.0254230866208911,0,13631488,0,3,0
0,1,1,0,3,3,1.0,50,0.0,82.95860282046718,0.0120542049407958,0.0110971927642822,0.0144187927246093,0.0145825576782226,0.0019481329712514,1.0,NORMAL,0,0,0,0,21211295494,2917501377,16545863,6075156,3,3.0,0.003,0.0086666666666666,0.0098149545762236,0,13631488,0,3,0
0,1,1,0,3,3,1.0,50,0.0,96.0159694529272,0.0104149341583251,0.01039719581604,0.0109189987182617,0.0111675643920898,0.0004728492777414,1.0,NORMAL,0,0,0,0,21211298686,2917511905,16545912,6075242,3,3.0,0.003,0.003,0.0,0,14680064,0,3,0
0,1,1,0,3,3,1.0,50,0.0,70.28648800825815,0.0142274856567382,0.0129885673522949,0.0203804492950439,0.0242512416839599,0.0054959053217303,1.0,NORMAL,0,0,0,0,21211301998,2917523099,16545963,6075334,3,3.0,0.003,0.003,0.0,0,14680064,0,3,0
0,1,1,0,3,3,1.0,50,0.0,63.931518667443015,0.0156417369842529,0.0147340297698974,0.0234224319458007,0.0285566520690917,0.0071122453827166,1.0,NORMAL,0,0,0,0,21211305070,2917533355,16546010,6075419,3,3.0,0.003,0.003,0.0,0,14680064,0,3,0
0,1,1,0,3,3,1.0,50,0.0,62.67507852495614,0.0159553050994873,0.0131764411926269,0.0253857135772705,0.0311083889007568,0.0082494102515044,1.0,NORMAL,0,0,0,0,21211308355,2917543952,16546060,6075507,3,3.0,0.003,0.003,0.0,0,14680064,0,3,0
0,1,1,0,3,3,1.0,50,0.0,62.66459094671356,0.0159579753875732,0.0124144554138183,0.0244966983795166,0.0311945819854736,0.0080405818845672,1.0,NORMAL,0,0,0,0,21211311427,2917554324,16546107,6075593,3,3.0,0.003,0.003,0.0,0,14680064,0,3,0
0,1,1,0,3,3,1.0,50,0.0,99.60493381525264,0.0100396633148193,0.0099802017211914,0.0102879524230957,0.0103139591217041,0.0002105492061113,1.0,NORMAL,0,0,0,0,21211314739,2917565668,16546158,6075686,3,3.0,0.003,0.003,0.0,0,14680064,0,3,0
0,1,1,0,3,3,1.0,50,0.0,64.2771717642299,0.0155576229095458,0.0118699073791503,0.0239455223083496,0.0285694789886474,0.0071124240189803,1.0,NORMAL,0,0,0,0,21211317871,2917576116,16546206,6075771,3,3.0,0.003,0.003,0.0,0,14680064,0,3,0
0,1,1,0,3,3,1.0,50,0.0,23.221343041963696,0.0430638313293457,0.041832685470581,0.0653499603271484,0.0707831287384033,0.0195591199690393,1.0,ATTACK,0,0,0,0,21211321003,2917586532,16546254,6075857,3,3.0,0.003,0.003,0.0,0,14680064,0,3,0
0,1,1,0,3,2,1.5,50,0.0,69.96803790077736,0.0142922401428222,0.0124423503875732,0.0190039157867431,0.0211507129669189,0.0038867841853432,1.0,ATTACK,0,0,0,0,21211324732,2917598863,16546310,6075953,3,3.0,0.003,0.003,0.0,0,14680064,0,3,0
0,1,1,0,2,3,0.6666666666666666,50,0.0,48.57576992921469,0.0205863952636718,0.0220148563385009,0.0271760940551757,0.0285792541503906,0.0061108952378512,1.0,ATTACK,0,0,0,0,21211327804,2917609679,16546357,6076037,4,3.333333333333333,0.037,0.0143333333333333,0.0196299091524472,0,14680064,1,3,0
0,1,1,0,2,3,0.6666666666666666,50,0.0,66.99224390181571,0.0149271011352539,0.0111703872680664,0.0229319095611572,0.0283507442474365,0.007137814624,1.0,ATTACK,0,0,0,0,21211348231,2917628006,16546442,6076159,4,3.6666666666666665,0.037,0.0256666666666666,0.0196299091524472,0,14680064,0,4,0
0,1,1,0,3,3,1.0,50,0.0,49.13445746323383,0.0203523159027099,0.0186939239501953,0.0293336391448974,0.0339386272430419,0.0080703453823649,1.0,ATTACK,0,0,0,0,21211351453,2917639200,16546491,6076245,3,3.6666666666666665,0.053,0.0423333333333333,0.009237604307034,0,14680064,0,3,0
0,1,1,0,3,3,1.0,50,0.0,41.98191525352476,0.0238197803497314,0.0208742618560791,0.0315526962280273,0.0325638675689697,0.0062607022184027,1.0,ATTACK,0,0,0,0,21211355185,2917651742,16546549,6076344,3,3.333333333333333,0.041,0.0436666666666666,0.0083266639978645,0,15728640,0,3,0
0,1,1,0,3,4,0.75,50,0.0,82.58129553061626,0.0121092796325683,0.0120420455932617,0.0138100624084472,0.0140170001983642,0.0014824313024257,1.0,NORMAL,0,0,0,0,21211359154,2917664665,16546609,6076448,4,3.333333333333333,0.042,0.0453333333333333,0.0066583281184794,0,15728640,1,3,0
0,1,1,0,3,4,0.75,50,0.0,61.47896469539776,0.0162657260894775,0.0116565227508544,0.0253379821777343,0.029805212020874,0.0075228739565771,1.0,NORMAL,0,0,0,0,21211379461,2917682046,16546692,6076567,4,3.6666666666666665,0.042,0.0416666666666666,0.0005773502691899,0,15728640,0,4,0
0,1,1,0,4,4,1.0,50,0.0,62.03362055450547,0.0161202907562255,0.0136003494262695,0.0251444816589355,0.0316192054748535,0.0082937965168825,1.0,NORMAL,0,0,0,0,21211382593,2917692360,16546740,6076652,4,4.0,0.024,0.036,0.0103923048454132,0,19922944,0,4,0
0,1,1,0,4,4,1.0,50,0.0,71.07327438666888,0.0140699863433837,0.013625144958496,0.0181224822998046,0.0182552623748779,0.003512595334287,1.0,NORMAL,0,0,0,0,21211385845,2917702926,16546790,6076740,4,4.0,0.004,0.0233333333333333,0.0190087699058443,0,19922944,0,4,0
0,1,1,0,4,4,1.0,50,0.0,73.7989450014252,0.013550329208374,0.0151412487030029,0.0158992767333984,0.0160116291046142,0.0025717378981938,1.0,NORMAL,0,0,0,0,21211389037,2917713338,16546839,6076826,4,4.0,0.004,0.0106666666666666,0.0115470053837925,0,19922944,0,4,0
0,1,1,0,4,4,1.0,50,0.0,60.03544038543566,0.0166568279266357,0.013338565826416,0.0245632648468017,0.0293039512634277,0.0068565807876217,1.0,NORMAL,0,0,0,0,21211392605,2917723742,16546888,6076912,4,4.0,0.004,0.004,0.0,0,20971520,0,4,0
0,1,1,0,4,4,1.0,50,0.0,71.0311471189931,0.0140783309936523,0.0112421512603759,0.0194251537322998,0.0213181495666503,0.0042781946157219,1.0,NORMAL,0,0,0,0,21211396858,2917735451,16546944,6077010,4,4.0,0.004,0.004,0.0,0,20971520,0,4,0
0,1,1,0,4,4,1.0,50,0.0,65.3992746414527,0.0152906894683837,0.0133781433105468,0.019482946395874,0.0216118907928466,0.0034992297479517,1.0,NORMAL,0,0,0,0,21211399930,2917745701,16546991,6077094,4,4.0,0.004,0.004,0.0,0,20971520,0,4,0
0,1,1,0,4,4,1.0,50,0.0,82.79713211837908,0.0120777130126953,0.0108444690704345,0.0146929740905761,0.0166819286346435,0.0024313354822119,1.0,NORMAL,0,0,0,0,21211403002,2917755989,16547038,6077179,4,4.0,0.004,0.004,0.0,0,20971520,0,4,0
0,1,1,0,4,4,1.0,50,0.0,70.21776980151608,0.0142414093017578,0.0137264728546142,0.0189865112304687,0.0194720554351806,0.0040404265368122,1.0,NORMAL,0,0,0,0,21211406377,2917766331,16547087,6077265,4,4.0,0.004,0.004,0.0,0,20971520,0,4,0
0,1,1,0,4,4,1.0,50,0.0,60.282043174566674,0.0165886878967285,0.0147528648376464,0.0256726264953613,0.0297489833831787,0.0076579983133429,1.0,NORMAL,0,0,0,0,21211409509,2917776711,16547135,6077351,4,4.0,0.004,0.004,0.0,0,20971520,0,4,0
0,1,1,0,4,4,1.0,50,0.0,83.8083058921321,0.0119319915771484,0.0111987590789794,0.0141019344329833,0.0152300071716308,0.0018547309419113,1.0,NORMAL,0,0,0,0,21211413238,2917788422,16547191,6077448,4,4.0,0.004,0.004,0.0,0,20971520,0,4,0
0,1,1,0,4,2,2.0,50,0.0,21.58194369548304,0.0463350296020507,0.0538427829742431,0.0633273124694824,0.0684548377990722,0.0177369151473199,1.0,ATTACK,0,0,0,0,21211416370,2917798834,16547239,6077534,4,4.0,0.004,0.004,0.0,0,20971520,0,4,0
0,1,1,0,2,2,1.0,50,0.0,43.633034700000415,0.02291841506958,0.0172882080078125,0.034216833114624,0.0437370014190673,0.0109483408650435,1.0,ATTACK,0,0,0,0,21211420633,2917810841,16547294,6077627,4,4.0,0.014,0.0073333333333333,0.0057735026918962,0,20971520,0,4,0
0,1,1,0,2,2,1.0,50,0.0,67.24615374749088,0.0148707389831542,0.0159194469451904,0.0185980319976806,0.0197256755828857,0.0035248687942544,1.0,ATTACK,0,0,0,0,21211424005,2917822675,16547346,6077718,4,4.0,0.042,0.02,0.0196977156035922,0,20971520,0,4,0
0,1,1,0,2,4,0.5,50,0.0,63.17236642739018,0.0158297061920166,0.0153307914733886,0.0241089820861816,0.0275923347473144,0.0071236999908021,1.0,ATTACK,0,0,0,0,21211460182,2917845311,16547453,6077853,4,4.0,0.04,0.032,0.0156204993518133,0,10485760,0,4,0
0,1,1,0,4,4,1.0,50,0.0,58.51412244943513,0.0170898914337158,0.0114390850067138,0.0285675525665283,0.0350645065307617,0.0097580383858048,1.0,ATTACK,0,0,0,0,21211463494,2917857053,16547504,6077943,4,4.0,0.071,0.051,0.0173493515728974,0,18874368,0,4,0
0,1,1,0,4,4,1.0,50,0.0,64.48449962794187,0.0155076026916503,0.015836477279663,0.0190946578979492,0.0208793354034423,0.003248368782208,1.0,ATTACK,0,0,0,0,21211467223,2917869400,16547560,6078040,4,4.0,0.042,0.051,0.0173493515728974,0,19922944,0,4,0
0,1,1,0,4,4,1.0,50,0.0,63.28102038907312,0.015802526473999,0.0156121253967285,0.0170495510101318,0.017134952545166,0.0010609926219529,1.0,NORMAL,0,0,0,0,21211471195,2917882382,16547622,6078146,4,4.0,0.037,0.0499999999999999,0.0183575597506858,0,20971520,0,4,0
0,1,1,0,4,4,1.0,50,0.0,81.91712010124644,0.0122074604034423,0.0104310512542724,0.0162712574005126,0.0184771919250488,0.0034338191747844,1.0,NORMAL,0,0,0,0,21211474267,2917892728,16547669,6078231,4,4.0,0.037,0.0386666666666666,0.0028867513459482,0,20971520,0,4,0
0,1,1,0,4,4,1.0,50,0.0,72.39697038740101,0.0138127326965332,0.0139575004577636,0.0160320281982421,0.0167651939392089,0.0022633676808266,1.0,NORMAL,0,0,0,0,21211477579,2917903954,16547720,6078323,4,4.0,0.004,0.0259999999999999,0.0190525588832576,0,20971520,0,4,0
0,1,1,0,4,4,1.0,50,0.0,53.51188046052094,0.0186874389648437,0.0155878067016601,0.0299469947814941,0.0372900676727294,0.0100654848287283,1.0,NORMAL,0,0,0,0,21211480651,2917914210,16547767,6078408,4,4.0,0.004,0.0149999999999999,0.0190525588832576,0,20971520,0,4,0
0,1,1,0,4,4,1.0,50,0.0,67.88327641736934,0.0147311687469482,0.0160553455352783,0.0194130420684814,0.0206260013580322,0.0043664651283155,1.0,NORMAL,0,0,0,0,21211483936,2917924957,16547817,6078497,4,4.0,0.004,0.004,0.0,0,20971520,0,4,0
0,1,1,0,4,4,1.0,50,0.0,86.95381043204246,0.0115003585815429,0.0101017951965332,0.0142191886901855,0.0162693405151367,0.0025146263135184,1.0,NORMAL,0,0,0,0,21211487068,2917935385,16547865,6078583,4,4.0,0.004,0.004,0.0,0,20971520,0,4,0
0,1,1,0,4,4,1.0,50,0.0,98.2889495046071,0.0101740837097167,0.0101549625396728,0.0106440544128417,0.0109066104888916,0.0004334023636202,1.0,NORMAL,0,0,0,0,21211490140,2917945731,16547912,6078668,4,4.0,0.004,0.004,0.0,0,20971520,0,4,0
0,1,1,0,4,4,1.0,50,0.0,104.7094361478508,0.0095502376556396,0.0095500946044921,0.0098443984985351,0.0099593257904052,0.0002628819989559,1.0,NORMAL,0,0,0,0,21211493716,2917957301,16547966,6078763,4,4.0,0.004,0.004,0.0,0,20971520,0,4,0
0,1,1,0,4,4,1.0,50,0.0,78.5879919356652,0.0127245903015136,0.0127780437469482,0.0141655445098876,0.0142617607116699,0.0015467318350854,1.0,NORMAL,0,0,0,0,21211496848,2917967703,16548014,6078850,4,4.0,0.004,0.004,0.0,0,20971520,0,4,0
0,1,1,0,4,4,1.0,50,0.0,71.5136469657496,0.0139833450317382,0.0105693340301513,0.0206011772155761,0.0243245983123779,0.0056133792943138,1.0,NORMAL,0,0,0,0,21211499920,2917977991,16548061,6078935,4,4.0,0.004,0.004,0.0,0,20971520,0,4,0
0,1,1,0,4,3,1.3333333333333333,50,0.0,61.232324353048696,0.0163312435150146,0.0152575969696044,0.0239685535430908,0.0287775611877441,0.0068754539752261,1.0,NORMAL,0,0,0,0,21211503265,2917988562,16548112,6079024,4,4.0,0.004,0.004,0.0,0,20971520,0,4,0
0,1,1,0,4,3,1.3333333333333333,50,0.0,75.37557462072337,0.013266897201538,0.0120792388916015,0.0162924766540527,0.0172748947143554,0.0024678983480428,1.0,NORMAL,0,0,0,0,21211506697,2918000036,16548165,6079119,4,4.0,0.004,0.004,0.0,0,20971520,0,4,0
0,1,1,0,1,1,1.0,50,0.0,7.576049425352964,0.1319949150085449,0.1318604946136474,0.1774142265319824,0.1852717685699463,0.039708862095887,1.0,ATTACK,0,0,0,0,21211566293,2918189088,16549056,6080704,1,1.0,0.001,0.001,0.0,0,5242880,0,1,0
0,1,1,0,1,2,0.5,50,0.0,6.250130760425145,0.1599966526031494,0.116239309310913,0.2649740219116211,0.2908516311645507,0.0855254370661834,1.0,ATTACK,0,0,0,0,21211586896,2918208134,16549143,6080832,2,1.5,0.018,0.0095,0.0120208152801713,0,5242880,1,1,0
0,1,1,0,2,4,0.5,50,0.0,5.692483751674777,0.1756702423095703,0.1394679546356201,0.2493663311004638,0.2596601772308349,0.0597179837598081,1.0,ATTACK,0,0,0,0,21211590601,2918221371,16549200,6080935,4,2.333333333333333,0.088,0.0356666666666666,0.0461121820491432,0,9437184,2,2,0
0,1,1,0,2,4,0.5,50,0.0,6.544946353742911,0.1527896404266357,0.1411833763122558,0.1916170120239257,0.2073407649993896,0.032754511025254,1.0,ATTACK,0,0,0,0,21211627222,2918245333,16549313,6081081,4,3.333333333333333,0.09,0.0653333333333333,0.0410040648391514,0,13631488,0,4,0
0,1,1,0,4,5,0.8,50,0.0,6.657232303108452,0.1502125740051269,0.1552112102508545,0.1900990009307861,0.2033216476440429,0.0427808373438577,1.0,ATTACK,0,0,0,0,21211648010,2918264694,16549404,6081211,5,4.333333333333333,0.09,0.0893333333333333,0.0011547005383791,0,13631488,0,5,0
0,1,1,0,5,5,1.0,50,0.0,66.53970993708218,0.0150286197662353,0.0123190879821777,0.0207438945770263,0.0215894985198974,0.0045654486202028,1.0,NORMAL,0,0,0,0,21211652486,2918279562,16549473,6081329,5,4.666666666666667,0.091,0.0903333333333333,0.0005773502691893,0,23068672,0,5,0
0,1,1,0,5,5,1.0,50,0.0,68.49923405311654,0.0145987033843994,0.0149862766265869,0.017556095123291,0.0184913063049316,0.0026417598453426,1.0,NORMAL,0,0,0,0,21211656182,2918291366,16549529,6081426,5,5.0,0.066,0.0823333333333333,0.0141539158303747,0,24117248,0,5,0
0,1,1,0,5,5,1.0,50,0.0,60.20002066803688,0.0166112899780273,0.0150802135467529,0.0250372886657714,0.0306441783905029,0.0076580058198194,1.0,NORMAL,0,0,0,0,21211659467,2918301855,16549579,6081513,5,5.0,0.005,0.054,0.0442379927211893,0,24117248,0,5,0
0,1,1,0,5,5,1.0,50,0.0,61.03131666176783,0.0163850307464599,0.0134999752044677,0.0254253387451171,0.0314018154144287,0.0080828323966082,1.0,NORMAL,0,0,0,0,21211662539,2918312405,16549626,6081599,5,5.0,0.005,0.0253333333333333,0.0352183664205672,0,24117248,0,5,0
0,1,1,0,5,5,1.0,50,0.0,101.9658485355323,0.0098072052001953,0.0091612339019775,0.0115881443023681,0.0127023983001708,0.001586425097264,1.0,NORMAL,0,0,0,0,21211665671,2918322773,16549674,6081684,5,5.0,0.005,0.005,0.0,0,24117248,0,5,0
0,1,1,0,5,5,1.0,50,0.0,57.459367636582826,0.0174036026000976,0.0141422748565673,0.0269030570983886,0.0299308204650878,0.0076920446072017,1.0,NORMAL,0,0,0,0,21211668983,2918334331,16549725,6081778,5,5.0,0.006,0.0053333333333333,0.0005773502691924,0,24117248,0,5,0
0,1,1,0,5,5,1.0,50,0.0,73.85274189686017,0.0135404586791992,0.0136106014251708,0.0164673805236816,0.0169791030883789,0.0025603202093647,1.0,NORMAL,0,0,0,0,21211672115,2918344619,16549773,6081863,5,5.0,0.006,0.0056666666666666,0.0005773502691924,0,24117248,0,5,0
0,1,1,0,5,5,1.0,50,0.0,55.49680195402329,0.0180190563201904,0.0152254104614257,0.0277653694152832,0.0329121208190918,0.0083281694463129,1.0,NORMAL,0,0,0,0,21211675400,2918355204,16549823,6081951,5,5.0,0.005,0.0056666666666666,0.0005773502691924,0,24117248,0,5,0
0,1,1,0,5,5,1.0,50,0.0,55.00899700449588,0.0181788444519042,0.0148909091949462,0.0266989231109619,0.0333275413513183,0.0080042488828652,1.0,NORMAL,0,0,0,0,21211679028,2918365652,16549873,6082038,5,5.0,0.005,0.0053333333333333,0.0005773502691924,0,24117248,0,5,0
0,1,1,0,5,5,1.0,50,0.0,61.73232425813251,0.0161989688873291,0.0135149955749511,0.0252836227416992,0.0310314464569091,0.0080295318285153,1.0,NORMAL,0,0,0,0,21211682888,2918376214,16549923,6082125,5,5.0,0.005,0.005,0.0,0,24117248,0,5,0
0,1,1,0,5,5,1.0,50,0.0,98.81878410343886,0.0101195335388183,0.00954270362854,0.0112673759460449,0.0118920516967773,0.0009693045378243,1.0,NORMAL,0,0,0,0,21211686200,2918387478,16549974,6082218,5,5.0,0.005,0.005,0.0,0,24117248,0,5,0
0,1,1,0,5,5,1.0,50,0.0,64.97115700379823,0.0153914451599121,0.0107703208923339,0.0251325607299804,0.0291023159027099,0.0078930014481545,1.0,NORMAL,0,0,0,0,21211689272,2918397786,16550021,6082302,5,5.0,0.005,0.005,0.0,0,24117248,0,5,0
0,1,1,0,5,2,2.5,50,0.0,8.367591956043201,0.1195086956024169,0.1087350845336914,0.1719190120697021,0.2087280178070068,0.0481891195512483,1.0,ATTACK,0,0,0,0,21211692704,2918409258,16550074,6082396,5,5.0,0.005,0.005,0.0,0,24117248,0,5,0
0,1,1,0,2,3,0.6666666666666666,50,0.0,4.642646200655812,0.2153944015502929,0.1888978481292724,0.2752213478088379,0.2777718067169189,0.0500339921525775,1.0,ATTACK,0,0,0,0,21211696673,2918422645,16550134,6082500,5,5.0,0.04,0.0166666666666666,0.0202072594216369,0,24117248,0,5,0
0,1,1,0,2,3,0.6666666666666666,50,0.0,7.200432887353152,0.1388805389404296,0.1388943195343017,0.1474715709686279,0.1495011234283447,0.007561219433037,1.0,ATTACK,0,0,0,0,21211717366,2918441660,16550222,6082627,6,5.333333333333333,0.04,0.0283333333333333,0.0202072594216369,0,24117248,0,6,0
0,1,1,0,3,5,0.6,50,0.0,4.864310194780976,0.2055789947509765,0.1956870555877685,0.2794582843780517,0.3119808197021484,0.0632989738274571,1.0,ATTACK,0,0,0,0,21211754143,2918466468,16550339,6082779,5,5.333333333333333,0.091,0.057,0.0294448637286709,0,14680064,0,5,0
0,1,1,0,5,5,1.0,50,0.0,5.564752224611829,0.1797025203704834,0.2121028900146484,0.2581631183624268,0.281264533996582,0.0771373285178698,1.0,ATTACK,0,0,0,0,21211768154,2918490517,16550456,6082942,5,5.333333333333333,0.068,0.0663333333333333,0.0255408170059874,0,14680064,0,5,0
0,1,1,0,5,5,1.0,50,0.0,70.76915808690781,0.0141304492950439,0.0153732299804687,0.0160353660583496,0.0161775875091552,0.0020470559866281,1.0,NORMAL,0,0,0,0,21211772930,2918506227,16550530,6083067,5,5.0,0.088,0.0823333333333333,0.0125033328890074,0,23068672,0,5,0
0,1,1,0,5,5,1.0,50,0.0,64.11348211556098,0.0155973434448242,0.0126991271972656,0.023355484008789,0.0263582706451416,0.0063105230136155,1.0,NORMAL,0,0,0,0,21211776062,2918516697,16550578,6083153,5,5.0,0.051,0.069,0.0185202591774521,0,24117248,0,5,0
0,1,1,0,5,5,1.0,50,0.0,56.775227544683226,0.0176133155822753,0.014500617980957,0.0297551155090332,0.0372764587402343,0.0107225981344062,1.0,NORMAL,0,0,0,0,21211779134,2918527215,16550625,6083239,5,5.0,0.051,0.0633333333333333,0.0213619599600161,0,24117248,0,5,0
0,1,1,0,5,5,1.0,50,0.0,61.05405964057282,0.0163789272308349,0.0144259929656982,0.0246581077575683,0.0281549358367919,0.0069136907981561,1.0,NORMAL,0,0,0,0,21211782266,2918537637,16550673,6083325,5,5.0,0.005,0.0356666666666666,0.0265581123827228,0,24117248,0,5,0
0,1,1,0,5,5,1.0,50,0.0,62.06629987954624,0.0161118030548095,0.0121514797210693,0.0247172355651855,0.0307168865203857,0.0077468227619559,1.0,NORMAL,0,0,0,0,21211786044,2918549473,16550730,6083424,5,5.0,0.005,0.0203333333333333,0.0265581123827228,0,24117248,0,5,0
0,1,1,0,5,5,1.0,50,0.0,66.00816465278193,0.0151496410369873,0.012812852859497,0.0223689079284667,0.0258853912353515,0.0060474691665186,1.0,NORMAL,0,0,0,0,21211789479,2918559847,16550780,6083510,5,5.0,0.005,0.005,0.0,0,24117248,0,5,0
0,1,1,0,5,5,1.0,50,0.0,53.62435499460472,0.0186482429504394,0.0131187438964843,0.032559061050415,0.0420966529846191,0.0124951603885134,1.0,NORMAL,0,0,0,0,21211792551,2918570199,16550827,6083595,5,5.0,0.005,0.005,0.0,0,24117248,0,5,0
0,1,1,0,5,5,1.0,50,0.0,78.84682191760221,0.012682819366455,0.01283860206604,0.0159035682678222,0.0174600219726562,0.0029142455246597,1.0,NORMAL,0,0,0,0,21211795743,2918580529,16550876,6083680,5,5.0,0.005,0.005,0.0,0,24117248,0,5,0
0,1,1,0,5,5,1.0,50,0.0,62.23907927265389,0.0160670757293701,0.0164358615875244,0.0225091457366943,0.0233440208435058,0.0057034067029237,1.0,NORMAL,0,0,0,0,21211799199,2918591997,16550928,6083774,5,5.0,0.005,0.005,0.0,0,24117248,0,5,0
0,1,1,0,5,5,1.0,50,0.0,89.4861214823665,0.0111749172210693,0.0098171234130859,0.0140882492065429,0.0164257621765136,0.0027676574761843,1.0,NORMAL,0,0,0,0,21211802331,2918602161,16550976,6083858,5,5.0,0.005,0.005,0.0,0,24117248,0,5,0
0,1,1,0,5,5,1.0,50,0.0,73.57472889484524,0.0135916233062744,0.0142719745635986,0.0172997951507568,0.0178496265411376,0.0033890248274183,1.0,NORMAL,0,0,0,0,21211805869,2918612995,16551029,6083949,5,5.0,0.005,0.005,0.0,0,24117248,0,5,0
0,1,1,0,5,4,1.25,50,0.0,84.35407641595572,0.0118547916412353,0.0118303298950195,0.0138981342315673,0.0148143768310546,0.0017964620601527,1.0,NORMAL,0,0,0,0,21211809001,2918623373,16551077,6084034,5,5.0,0.005,0.005,0.0,0,25165824,0,5,0
0,1,1,0,5,4,1.25,50,0.0,9.85034849481896,0.1015192508697509,0.128040075302124,0.1477547645568847,0.1564935302734375,0.0479568834220419,1.0,ATTACK,0,0,0,0,21211812313,2918634577,16551128,6084125,5,5.0,0.005,0.005,0.0,0,25165824,0,5,0
0,1,1,0,4,2,2.0,50,0.0,6.793862836117147,0.1471916675567627,0.1091771125793457,0.2612911224365234,0.3355135536193847,0.1014523467416222,1.0,ATTACK,0,0,0,0,21211816069,2918647633,16551185,6084225,5,5.0,0.005,0.005,0.0,0,25165824,0,5,0
0,1,1,0,2,3,0.6666666666666666,50,0.0,5.52413003233634,0.1810239791870117,0.1576740741729736,0.2451539516448974,0.2759677696228027,0.0536387556038694,1.0,ATTACK,0,0,0,0,21211837037,2918667201,16551279,6084358,5,5.0,0.037,0.0156666666666666,0.018475208614068,0,19922944,0,5,0
0,1,1,0,3,5,0.6,50,0.0,5.659012666958457,0.1767092704772949,0.1449701786041259,0.2530096054077148,0.2966761398315429,0.065260953277251,1.0,ATTACK,0,0,0,0,21211874256,2918692075,16551401,6084512,5,5.0,0.07,0.0373333333333333,0.032501282025996,0,10485760,2,3,0
0,1,1,0,5,5,1.0,50,0.0,4.280079358389745,0.2336405277252197,0.2175722122192382,0.2850244045257568,0.325224494934082,0.0490635353422024,1.0,ATTACK,0,0,0,0,21211877928,2918705055,16551458,6084612,5,5.0,0.083,0.0633333333333333,0.0237135685491099,0,14680064,0,5,0
0,1,1,0,5,5,1.0,50,0.0,66.4781196012236,0.0150425434112548,0.0132739543914794,0.0200705528259277,0.0210340023040771,0.0040532736719481,1.0,NORMAL,0,0,0,0,21211882480,2918719397,16551522,6084724,5,5.0,0.072,0.075,0.0070000000000002,0,24117248,0,5,0
0,1,1,0,5,5,1.0,50,0.0,86.13418215422529,0.0116097927093505,0.0116021633148193,0.0138057708740234,0.0144028091430664,0.001942275405727,1.0,NORMAL,0,0,0,0,21211886820,2918731185,16551580,6084822,5,5.0,0.074,0.0763333333333333,0.0058594652770825,0,24117248,0,5,0
0,1,1,0,5,5,1.0,50,0.0,103.31714142140684,0.0096789360046386,0.0093922615051269,0.0102297782897949,0.0103879642486572,0.0004375224171666,1.0,NORMAL,0,0,0,0,21211890276,2918742049,16551632,6084913,5,5.0,0.074,0.0733333333333333,0.0011547005383804,0,24117248,0,5,0
0,1,1,0,5,5,1.0,50,0.0,93.68935985811358,0.0106735706329345,0.0102221965789794,0.0121639728546142,0.0132921314239501,0.0013924706627598,1.0,NORMAL,0,0,0,0,21211893501,2918752538,16551681,6085000,5,5.0,0.006,0.0513333333333333,0.0392598183048945,0,25165824,0,5,0
0,1,1,0,5,5,1.0,50,0.0,97.28403766757896,0.0102791786193847,0.0105650424957275,0.0112013816833496,0.0114970684051513,0.0009070380831237,1.0,NORMAL,0,0,0,0,21211896633,2918762934,16551729,6085086,5,5.0,0.005,0.0283333333333333,0.0395516539898565,0,24117248,0,5,0
0,1,1,0,5,5,1.0,50,0.0,58.7569203182786,0.0170192718505859,0.0132315158843994,0.0282015800476074,0.0369704723358154,0.0105643125872724,1.0,NORMAL,0,0,0,0,21211899795,2918773322,16551777,6085171,5,5.0,0.005,0.0053333333333333,0.0005773502691894,0,24117248,0,5,0
0,1,1,0,5,5,1.0,50,0.0,57.41453465292322,0.0174171924591064,0.0128700733184814,0.0266176700592041,0.03228515625,0.0079863159735552,1.0,NORMAL,0,0,0,0,21211903107,2918784596,16551828,6085263,5,5.0,0.005,0.005,0.0,0,24117248,0,5,0
0,1,1,0,5,5,1.0,50,0.0,75.61391743284658,0.0132250785827636,0.0113425254821777,0.0178625583648681,0.018153953552246,0.0037912454074601,1.0,NORMAL,0,0,0,0,21211906179,2918794840,16551875,6085347,5,5.0,0.005,0.005,0.0,0,24117248,0,5,0
0,1,1,0,5,5,1.0,50,0.0,83.49199777052313,0.011977195739746,0.0111315250396728,0.0141834735870361,0.0158514213562011,0.0020540348256007,1.0,NORMAL,0,0,0,0,21211909524,2918805373,16551926,6085435,5,5.0,0.005,0.005,0.0,0,24117248,0,5,0
0,1,1,0,5,5,1.0,50,0.0,72.2938980374853,0.0138324260711669,0.0107872486114501,0.0193962097167968,0.0197512054443359,0.0044895654620933,1.0,NORMAL,0,0,0,0,21211913967,2918817028,16551984,6085533,5,5.0,0.005,0.005,0.0,0,24117248,0,5,0
0,1,1,0,5,5,1.0,50,0.0,59.37963117643561,0.0168407917022705,0.0139195919036865,0.02553071975708,0.0323007011413574,0.0082144834227517,1.0,NORMAL,0,0,0,0,21211917339,2918828308,16552036,6085626,5,5.0,0.005,0.005,0.0,0,24117248,0,5,0
0,1,1,0,5,5,1.0,50,0.0,67.58923420534423,0.0147952556610107,0.0134024620056152,0.0183526992797851,0.0212493133544921,0.003406289616899,1.0,NORMAL,0,0,0,0,21211920411,2918838654,16552083,6085711,5,5.0,0.005,0.005,0.0,0,24117248,0,5,0
0,1,1,0,1,1,1.0,50,0.0,15.978568783629136,0.0625838279724121,0.0507929325103759,0.1041277408599853,0.131623945236206,0.0377274170820572,1.0,ATTACK,0,0,0,0,21211978846,2919026987,16552972,6087290,1,1.0,0.001,0.001,0.0,0,5242880,0,1,0
0,1,1,0,1,1,1.0,50,0.0,17.680893541250743,0.0565582275390625,0.0531699657440185,0.0815741062164306,0.0956933403015136,0.0224574456701782,1.0,ATTACK,0,0,0,0,21211983243,2919039286,16553029,6087385,1,1.0,0.001,0.001,0.0,0,5242880,0,1,0
0,1,1,0,1,2,0.5,50,0.0,9.635216115051856,0.1037859439849853,0.0609364509582519,0.1956190586090088,0.2177996826171875,0.0730757753070738,1.0,ATTACK,0,0,0,0,21211986675,2919051630,16553082,6087481,2,1.3333333333333333,0.048,0.0166666666666666,0.0271354626519124,0,5242880,1,1,0
0,1,1,0,1,2,0.5,50,0.0,29.95571959936236,0.0333826065063476,0.0300855636596679,0.0471563339233398,0.0487592220306396,0.0120234387600258,1.0,ATTACK,0,0,0,0,21212007163,2919070093,16553168,6087605,2,1.6666666666666667,0.064,0.0376666666666666,0.0327465010853577,0,5242880,0,2,0
0,1,1,0,2,4,0.5,50,0.0,15.60340318518491,0.0640885829925537,0.0630304813385009,0.0796939373016357,0.0827680492401123,0.0140534025416546,1.0,ATTACK,0,0,0,0,21212043725,2919094025,16553280,6087751,4,2.6666666666666665,0.064,0.0586666666666666,0.009237604307034,0,5242880,0,4,0
0,1,1,0,4,5,0.8,50,0.0,18.59625725352213,0.0537742614746093,0.0471217632293701,0.0773472309112548,0.0895908069610595,0.0204818086565688,1.0,ATTACK,0,0,0,0,21212064153,2919111680,16553365,6087867,5,3.6666666666666665,0.067,0.065,0.0017320508075689,0,9437184,0,5,0
0,1,1,0,5,5,1.0,50,0.0,18.156735729987265,0.055075979232788,0.0501668453216552,0.088771390914917,0.1038730430603027,0.0291542841740362,1.0,ATTACK,0,0,0,0,21212067738,2919124075,16553420,6087964,5,4.666666666666667,0.082,0.071,0.0096436507609929,0,19922944,0,5,0
0,1,1,0,5,5,1.0,50,0.0,19.18032681932381,0.052136754989624,0.0518066883087158,0.0697792530059814,0.0733132457733154,0.015547778237863,1.0,ATTACK,0,0,0,0,21212072125,2919136396,16553482,6088062,5,5.0,0.069,0.0726666666666666,0.008144527815247,0,25165824,0,5,0
0,1,1,0,5,5,1.0,50,0.0,12.70430673255223,0.0787134647369384,0.0857038497924804,0.0918334484100341,0.0942284679412841,0.0183335179030338,1.0,ATTACK,0,0,0,0,21212076019,2919148714,16553541,6088159,5,5.0,0.069,0.0733333333333333,0.0075055534994651,0,25165824,0,5,0
0,1,1,0,5,5,1.0,50,0.0,18.05825409919351,0.0553763389587402,0.0649864673614502,0.0759576320648193,0.081654987335205,0.0207266261301701,1.0,ATTACK,0,0,0,0,21212079271,2919160300,16553591,6088247,5,5.0,0.071,0.0696666666666666,0.0011547005383793,0,25165824,0,5,0
0,1,1,0,5,5,1.0,50,0.0,17.69884438383032,0.0565008640289306,0.0535311698913574,0.0892807006835937,0.1024444675445556,0.0279386611745687,1.0,ATTACK,0,0,0,0,21212082763,2919172558,16553645,6088342,5,5.0,0.07,0.07,0.0010000000000001,0,25165824,0,5,0
0,1,1,0,5,5,1.0,50,0.0,83.6678741841278,0.0119520187377929,0.0115485191345214,0.0142343521118164,0.0153636264801025,0.0019571548698226,1.0,NORMAL,0,0,0,0,21212086852,2919186267,16553707,6088450,5,5.0,0.064,0.0683333333333333,0.0037859388972002,0,25165824,0,5,0
0,1,1,0,5,5,1.0,50,0.0,100.20555701555296,0.0099794864654541,0.0098834037780761,0.0102543354034423,0.0102872085571289,0.0002235779553131,1.0,NORMAL,0,0,0,0,21212090044,2919196571,16553756,6088535,5,5.0,0.064,0.066,0.0034641016151378,0,25165824,0,5,0
0,1,1,0,5,5,1.0,50,0.0,53.28590376201196,0.0187666893005371,0.015538215637207,0.0282438278198242,0.0341337013244628,0.0084744116572475,1.0,NORMAL,0,0,0,0,21212093680,2919208169,16553811,6088631,5,5.0,0.064,0.064,0.0,0,25165824,0,5,0
0,1,1,0,5,5,1.0,50,0.0,62.63745191273805,0.0159648895263671,0.0113608837127685,0.0260194301605224,0.030532751083374,0.0082364478309353,1.0,NORMAL,0,0,0,0,21212096812,2919218557,16553859,6088716,5,5.0,0.005,0.0443333333333333,0.0340636658821879,0,25165824,0,5,0
0,1,1,0,5,5,1.0,50,0.0,71.91213433598398,0.0139058589935302,0.0143132209777832,0.0160034656524658,0.016466007232666,0.0022614257667277,1.0,NORMAL,0,0,0,0,21212099944,2919228855,16553907,6088801,5,5.0,0.005,0.0246666666666666,0.0340636658821879,0,25165824,0,5,0
0,1,1,0,5,5,1.0,50,0.0,60.62517164323646,0.0164947986602783,0.0158431529998779,0.0238760948181152,0.0277076625823974,0.0064600355306857,1.0,NORMAL,0,0,0,0,21212103016,2919239277,16553954,6088887,5,5.0,0.005,0.005,0.0,0,25165824,0,5,0
0,1,1,0,5,5,1.0,50,0.0,74.84295538655351,0.0133613109588623,0.0106971263885498,0.0187947750091552,0.0227223873138427,0.0049488218901132,1.0,NORMAL,0,0,0,0,21212106421,2919250030,16554006,6088976,5,5.0,0.005,0.005,0.0,0,25165824,0,5,0
0,1,1,0,5,5,1.0,50,0.0,98.66025601821578,0.010135793685913,0.0106220245361328,0.0110992908477783,0.0111351680755615,0.0010137593039616,1.0,NORMAL,0,0,0,0,21212109793,2919261304,16554058,6089068,5,5.0,0.005,0.005,0.0,0,25165824,0,5,0
0,1,1,0,5,5,1.0,50,0.0,86.91705141701412,0.0115052223205566,0.011599063873291,0.0121123313903808,0.0123640727996826,0.0006378323016235,1.0,NORMAL,0,0,0,0,21212112865,2919271612,16554105,6089152,5,5.0,0.005,0.005,0.0,0,25165824,0,5,0
0,1,1,0,5,5,1.0,50,0.0,60.01379330080556,0.0166628360748291,0.0129981040954589,0.0269932746887207,0.0353437423706054,0.0098731754574949,1.0,NORMAL,0,0,0,0,21212115997,2919281888,16554153,6089236,5,5.0,0.005,0.005,0.0,0,25165824,0,5,0
0,1,1,0,5,5,1.0,50,0.0,77.50608879476974,0.0129022121429443,0.0108351707458496,0.0174812316894531,0.0181799793243408,0.0036675410619456,1.0,NORMAL,0,0,0,0,21212119189,2919292412,16554202,6089323,5,5.0,0.006,0.0053333333333333,0.0005773502691928,0,25165824,0,5,0
0,1,1,0,5,5,1.0,50,0.0,65.26454030267854,0.0153222560882568,0.0112581253051757,0.0224546909332275,0.0237158012390136,0.0056586597492603,1.0,NORMAL,0,0,0,0,21212122414,2919302895,16554251,6089410,5,5.0,0.005,0.0053333333333333,0.0005773502691928,0,25165824,0,5,0
0,1,1,0,5,5,1.0,50,0.0,13.920182137392926,0.0718381404876709,0.0690634250640869,0.1099347114562988,0.1274391078948974,0.032964383888976,1.0,ATTACK,0,0,0,0,21212125786,2919314267,16554303,6089504,5,5.0,0.005,0.0053333333333333,0.0005773502691928,0,25165824,0,5,0
0,1,1,0,5,2,2.5,50,0.0,24.54485871051104,0.0407417297363281,0.0406558513641357,0.0545560359954834,0.0610028648376464,0.0136086425899069,1.0,ATTACK,0,0,0,0,21212129038,2919325917,16554353,6089592,5,5.0,0.005,0.005,0.0,0,25165824,0,5,0
0,1,1,0,2,2,1.0,50,0.0,21.3663269901235,0.0468026161193847,0.0514030456542968,0.0693499088287353,0.0784763717651367,0.0206922795541474,1.0,ATTACK,0,0,0,0,21212133037,2919338385,16554411,6089689,5,5.0,0.021,0.0103333333333333,0.0092376043070342,0,25165824,0,5,0
0,1,1,0,2,2,1.0,50,0.0,18.028323994587595,0.0554682731628417,0.04984712600708,0.0952049732208251,0.1000313186645507,0.0335318570148456,1.0,ATTACK,0,0,0,0,21212136469,2919350711,16554464,6089784,5,5.0,0.07,0.032,0.0338673884437522,0,25165824,0,5,0
0,1,1,0,2,4,0.5,50,0.0,22.261602103499925,0.0449203968048095,0.0273473262786865,0.0813547134399414,0.088962230682373,0.0290133888502751,1.0,ATTACK,0,0,0,0,21212173414,2919374544,16554577,6089929,4,4.666666666666667,0.067,0.0526666666666666,0.0274651294068193,0,10485760,0,4,0
0,1,1,0,4,5,0.8,50,0.0,13.259426503400604,0.0754180431365966,0.0693111419677734,0.0979794979095459,0.0991011333465576,0.0201503577407273,1.0,ATTACK,0,0,0,0,21212194535,2919392725,16554662,6090051,5,4.666666666666667,0.067,0.068,0.0017320508075692,0,10485760,1,4,0
0,1,1,0,5,5,1.0,50,0.0,23.316507824973204,0.042888069152832,0.0404014587402343,0.0602383613586425,0.0634385585784912,0.0150317149755871,1.0,ATTACK,0,0,0,0,21212197847,2919404607,16554713,6090142,5,4.666666666666667,0.091,0.075,0.013856406460551,0,18874368,0,5,0
0,1,1,0,5,5,1.0,50,0.0,20.15496187461197,0.0496155738830566,0.0592808723449707,0.0741516590118408,0.0822082424163818,0.0237338352225805,1.0,ATTACK,0,0,0,0,21212201579,2919417019,16554771,6090241,5,5.0,0.084,0.0806666666666666,0.0123423390543824,0,24117248,0,5,0
0,1,1,0,5,5,1.0,50,0.0,19.56210915929137,0.0511192321777343,0.0437688827514648,0.0769856452941894,0.0774836349487304,0.0217629330103285,1.0,ATTACK,0,0,0,0,21212205035,2919428815,16554823,6090332,5,5.0,0.084,0.0863333333333333,0.0040414518843273,0,24117248,0,5,0
0,1,1,0,5,5,1.0,50,0.0,24.576240002343773,0.0406897068023681,0.0452680587768554,0.0487699508666992,0.05071702003479,0.0115306487793368,1.0,ATTACK,0,0,0,0,21212208560,2919441022,16554877,6090427,5,5.0,0.071,0.0796666666666666,0.0075055534994651,0,25165824,0,5,0
0,1,1,0,5,5,1.0,50,0.0,14.85000598347428,0.0673400402069091,0.0558412075042724,0.0939986228942871,0.1028544616699218,0.0215106953753529,1.0,ATTACK,0,0,0,0,21212211992,2919452898,16554930,6090518,5,5.0,0.07,0.075,0.0078102496759067,0,25165824,0,5,0
0,1,1,0,5,5,1.0,50,0.0,74.05825352430998,0.0135028839111328,0.0122609138488769,0.0168616771697998,0.0193979740142822,0.0031366153246991,1.0,NORMAL,0,0,0,0,21212216819,2919467337,16554998,6090636,5,5.0,0.066,0.069,0.0026457513110649,0,25165824,0,5,0
0,1,1,0,5,5,1.0,50,0.0,97.82085667507825,0.0102227687835693,0.0100772380828857,0.0111129283905029,0.0116043090820312,0.0007781790252958,1.0,NORMAL,0,0,0,0,21212220029,2919477691,16555047,6090722,5,5.0,0.005,0.047,0.036428011200174,0,25165824,0,5,0
0,1,1,0,5,5,1.0,50,0.0,84.86886141518788,0.0117828845977783,0.0100519657135009,0.0152569770812988,0.0153912162780761,0.0028257299145362,1.0,NORMAL,0,0,0,0,21212223161,2919488077,16555095,6090809,5,5.0,0.005,0.0253333333333333,0.0352183664205672,0,25165824,0,5,0
0,1,1,0,5,5,1.0,50,0.0,84.9073455523031,0.0117775440216064,0.0101842880249023,0.0149291515350341,0.0151260471343994,0.0025489318253736,1.0,NORMAL,0,0,0,0,21212226233,2919498253,16555142,6090894,5,5.0,0.005,0.005,0.0,0,25165824,0,5,0
0,1,1,0,5,5,1.0,50,0.0,92.14362291077173,0.0108526229858398,0.0104017257690429,0.0120570659637451,0.0123956680297851,0.0009793350858607,1.0,NORMAL,0,0,0,0,21212229458,2919508742,16555191,6090981,5,5.0,0.005,0.005,0.0,0,25165824,0,5,0
0,1,1,0,5,5,1.0,50,0.0,88.81946856179643,0.0112587928771972,0.0113089084625244,0.0126450538635253,0.013125877380371,0.0012180376511976,1.0,NORMAL,0,0,0,0,21212232710,2919519972,16555241,6091072,5,5.0,0.005,0.005,0.0,0,25165824,0,5,0
0,1,1,0,5,5,1.0,50,0.0,66.38931010139702,0.015062665939331,0.0113053321838378,0.021550178527832,0.0226831436157226,0.0051446933129007,1.0,NORMAL,0,0,0,0,21212235962,2919530502,16555291,6091160,5,5.0,0.005,0.005,0.0,0,25165824,0,5,0
0,1,1,0,5,5,1.0,50,0.0,79.99206621657703,0.0125012397766113,0.0100905895233154,0.0173066139221191,0.0192963409423828,0.0038943282390466,1.0,NORMAL,0,0,0,0,21212239094,2919540928,16555339,6091245,5,5.0,0.005,0.005,0.0,0,25165824,0,5,0
0,1,1,0,5,5,1.0,50,0.0,62.66309300775986,0.0159583568572998,0.0121321678161621,0.0250410079956054,0.0296399021148681,0.0075850244730225,1.0,NORMAL,0,0,0,0,21212242166,2919551236,16555386,6091329,5,5.0,0.005,0.005,0.0,0,25165824,0,5,0
0,1,1,0,5,5,1.0,50,0.0,73.62509742243068,0.0135823249816894,0.0121514797210693,0.016577672958374,0.0166882228851318,0.002487129519121,1.0,NORMAL,0,0,0,0,21212245451,2919561783,16555436,6091416,5,5.0,0.005,0.005,0.0,0,26214400,0,5,0
0,1,1,0,5,5,1.0,50,0.0,71.89216613874149,0.0139097213745117,0.0133583545684814,0.0187280654907226,0.0189745712280273,0.00414106288158,1.0,NORMAL,0,0,0,0,21212248643,2919572325,16555485,6091504,5,5.0,0.005,0.005,0.0,0,26214400,0,5,0
0,1,1,0,5,5,1.0,50,0.0,69.02340767266121,0.0144878387451171,0.0122127532958984,0.0207743644714355,0.0226879596710205,0.0050632839179849,1.0,NORMAL,0,0,0,0,21212252219,2919583853,16555539,6091600,5,5.0,0.005,0.005,0.0,0,26214400,0,5,0
0,1,1,0,5,2,2.5,50,0.0,16.199715579258143,0.0617294788360595,0.059075117111206,0.0856096744537353,0.0937631607055664,0.0222080249366153,1.0,ATTACK,0,0,0,0,21212255411,2919594313,16555588,6091687,5,5.0,0.005,0.005,0.0,0,26214400,0,5,0
0,1,1,0,2,2,1.0,50,0.0,21.990931626476968,0.045473289489746,0.0487959384918212,0.0672895431518554,0.0679863166809082,0.0201850416648982,1.0,ATTACK,0,0,0,0,21212258723,2919605995,16555639,6091775,5,5.0,0.005,0.005,0.0,0,26214400,0,5,0
0,1,1,0,2,4,0.5,50,0.0,14.16053110634551,0.0706188201904296,0.070554494857788,0.0884231567382812,0.0986538314819335,0.0168017915403253,1.0,ATTACK,0,0,0,0,21212262308,2919618068,16555694,6091869,5,5.0,0.065,0.025,0.0346410161513776,0,26214400,0,5,0
0,1,1,0,2,4,0.5,50,0.0,19.64248951680356,0.0509100437164306,0.0480482578277587,0.0876882553100586,0.1005939292907714,0.0313146427473474,1.0,ATTACK,0,0,0,0,21212298989,2919642078,16555808,6092015,4,4.666666666666667,0.065,0.045,0.0346410161513776,0,10485760,0,4,0
0,1,1,0,4,5,0.8,50,0.0,26.65097630560621,0.0375220775604248,0.0357956886291503,0.0561997413635253,0.0564862442016601,0.0162736814823834,1.0,ATTACK,0,0,0,0,21212319355,2919660299,16555892,6092136,5,4.666666666666667,0.065,0.065,0.0,0,10485760,0,5,0
0,1,1,0,5,5,1.0,50,0.0,23.759938910679526,0.0420876502990722,0.0340487957000732,0.0710007190704345,0.0824909591674804,0.0240017277018861,1.0,ATTACK,0,0,0,0,21212322787,2919672099,16555945,6092227,5,4.666666666666667,0.093,0.0743333333333333,0.0161658075373095,0,18874368,0,5,0
0,1,1,0,5,5,1.0,50,0.0,18.48585630381952,0.0540954113006591,0.0620689392089843,0.0639837265014648,0.064497594833374,0.0113763897090564,1.0,ATTACK,0,0,0,0,21212326399,2919684297,16556001,6092322,5,5.0,0.07,0.076,0.0149331845230681,0,24117248,0,5,0
0,1,1,0,5,5,1.0,50,0.0,29.345449406207017,0.0340768337249755,0.0215215682983398,0.0678306579589843,0.0941102123260498,0.031748504337115,1.0,ATTACK,0,0,0,0,21212330275,2919696877,16556060,6092421,5,5.0,0.07,0.0776666666666666,0.0132790561913614,0,24117248,0,5,0
0,1,1,0,5,5,1.0,50,0.0,15.703192975782745,0.0636813163757324,0.0637793540954589,0.0778712272644042,0.0822117710113525,0.0126124456230186,1.0,ATTACK,0,0,0,0,21212334904,2919709018,16556116,6092515,5,5.0,0.07,0.07,0.0,0,24117248,0,5,0
0,1,1,0,5,5,1.0,50,0.0,25.619608758168177,0.0390326023101806,0.033975601196289,0.0645221710205078,0.0679979705810546,0.0211799825230957,1.0,ATTACK,0,0,0,0,21212338156,2919720542,16556166,6092604,5,5.0,0.071,0.0703333333333333,0.0005773502691914,0,24117248,0,5,0
0,1,1,0,5,5,1.0,50,0.0,14.742585832256015,0.0678307056427001,0.0646185874938964,0.0956531524658203,0.1069805717468261,0.0249238788922317,1.0,ATTACK,0,0,0,0,21212341672,2919732252,16556219,6092693,5,5.0,0.069,0.07,0.001000000000001,0,24117248,0,5,0
0,1,1,0,5,5,1.0,50,0.0,63.65055132497064,0.0157107830047607,0.0117502212524414,0.0258662700653076,0.0316907405853271,0.0086989467219658,1.0,NORMAL,0,0,0,0,21212345668,2919746132,16556280,6092804,5,5.0,0.055,0.065,0.0087177978870815,0,24117248,0,5,0
0,1,1,0,5,5,1.0,50,0.0,83.65852880165949,0.0119533538818359,0.0101308822631835,0.0149146556854248,0.0152868175506591,0.0023579441837611,1.0,NORMAL,0,0,0,0,21212348800,2919756618,16556328,6092890,5,5.0,0.055,0.0596666666666666,0.0080829037686549,0,24117248,0,5,0
0,1,1,0,5,5,1.0,50,0.0,72.35475757565303,0.0138207912445068,0.0102896690368652,0.0208727836608886,0.0229904842376709,0.0056131493227261,1.0,NORMAL,0,0,0,0,21212352085,2919767145,16556378,6092977,5,5.0,0.005,0.0383333333333333,0.0288675134594813,0,24117248,0,5,0
0,1,1,0,5,5,1.0,50,0.0,68.30446536169104,0.0146403312683105,0.0159747600555419,0.0173967838287353,0.0175765132904052,0.002825129099514,1.0,NORMAL,0,0,0,0,21212355397,2919778639,16556429,6093071,5,5.0,0.005,0.0216666666666666,0.0288675134594814,0,24117248,0,5,0
0,1,1,0,5,5,1.0,50,0.0,81.38748423401572,0.012286901473999,0.0123112201690673,0.013869285583496,0.0140589714050292,0.0014742194515874,1.0,NORMAL,0,0,0,0,21212358529,2919788941,16556477,6093155,5,5.0,0.005,0.005,0.0,0,24117248,0,5,0
0,1,1,0,5,5,1.0,50,0.0,89.62685961185878,0.0111573696136474,0.0110776424407958,0.0127383232116699,0.0134102916717529,0.0014063797878459,1.0,NORMAL,0,0,0,0,21212375807,2919809978,16556586,6093298,5,5.0,0.005,0.005,0.0,0,24117248,0,5,0
0,1,1,0,5,5,1.0,50,0.0,81.39411769271969,0.0122859001159667,0.011606216430664,0.0156774520874023,0.0178300857543945,0.0030390881697178,1.0,NORMAL,0,0,0,0,21212378879,2919820384,16556633,6093384,5,5.0,0.005,0.005,0.0,0,24117248,0,5,0
0,1,1,0,5,5,1.0,50,0.0,95.02360691986334,0.0105237007141113,0.0105416774749755,0.0106651782989501,0.0107171058654785,0.0001573068078673,1.0,NORMAL,0,0,0,0,21212382011,2919830774,16556681,6093470,5,5.0,0.005,0.005,0.0,0,24117248,0,5,0
0,1,1,0,5,5,1.0,50,0.0,80.26638701133676,0.0124585151672363,0.0123724937438964,0.0141246795654296,0.0147604274749755,0.0014296660897591,1.0,NORMAL,0,0,0,0,21212385323,2919842172,16556732,6093564,5,5.0,0.005,0.005,0.0,0,24117248,0,5,0
0,1,1,0,5,5,1.0,50,0.0,84.86508360446106,0.0117834091186523,0.010129690170288,0.0148144245147705,0.0157063770294189,0.002406645417792,1.0,NORMAL,0,0,0,0,21212388515,2919852562,16556781,6093650,5,5.0,0.005,0.005,0.0,0,24117248,0,5,0
0,1,1,0,5,5,1.0,50,0.0,74.14020214732928,0.013487958908081,0.0105631351470947,0.0189709663391113,0.0201670169830322,0.0043511126859727,1.0,NORMAL,0,0,0,0,21212391587,2919862880,16556828,6093734,5,5.0,0.005,0.005,0.0,0,24117248,0,5,0
0,1,1,0,5,5,1.0,50,0.0,73.72681921891095,0.013563585281372,0.0126564502716064,0.0179981231689453,0.0203744316101074,0.0038252084648749,1.0,NORMAL,0,0,0,0,21212395125,2919873618,16556881,6093825,5,5.0,0.005,0.005,0.0,0,24117248,0,5,0
0,1,1,0,1,1,1.0,50,0.0,7.312913522783462,0.1367444038391113,0.1386504173278808,0.1946524620056152,0.1963674449920654,0.0536396060160213,1.0,ATTACK,0,0,0,0,21212455670,2920064960,16557792,6095429,1,1.0,0.001,0.001,0.0,0,5242880,0,1,0
0,1,1,0,1,1,1.0,50,0.0,6.155180910166994,0.1624647617340087,0.1396436691284179,0.2249340534210205,0.2254334163665771,0.0522920820564476,1.0,ATTACK,0,0,0,0,21212459162,2920077866,16557846,6095528,1,1.0,0.001,0.001,0.0,0,5242880,0,1,0
0,1,1,0,1,2,0.5,50,0.0,4.900731738152107,0.2040511608123779,0.2233591079711914,0.2686949729919433,0.2879728889465332,0.0678564663205016,1.0,ATTACK,0,0,0,0,21212462738,2920090616,16557900,6095625,2,1.3333333333333333,0.042,0.0146666666666666,0.0236713610367746,0,5242880,1,1,0
0,1,1,0,2,4,0.5,50,0.0,5.415615105501293,0.184651231765747,0.1548819541931152,0.2682573318481445,0.2835805130004882,0.0681371812341096,1.0,ATTACK,0,0,0,0,21212484807,2920111704,16558004,6095772,2,1.6666666666666667,0.069,0.0373333333333333,0.0342393535764525,0,5242880,0,2,0
0,1,1,0,2,4,0.5,50,0.0,6.871238007740968,0.1455341815948486,0.1264777183532714,0.2044534683227539,0.2405950546264648,0.052173537150869,1.0,ATTACK,0,0,0,0,21212521904,2920136854,16558123,6095928,4,2.6666666666666665,0.086,0.0656666666666666,0.0221885856541901,0,9437184,0,4,0
0,1,1,0,4,5,0.8,50,0.0,5.611723129032716,0.1781983852386474,0.159250259399414,0.257651662826538,0.28863130569458,0.0669694535043212,1.0,ATTACK,0,0,0,0,21212542715,2920155623,16558213,6096051,5,3.6666666666666665,0.089,0.0813333333333333,0.0107857931249089,0,18874368,0,5,0
0,1,1,0,5,5,1.0,50,0.0,6.428670836059011,0.1555531501770019,0.16066575050354,0.2285902976989746,0.2626579570770264,0.0660172031563195,1.0,ATTACK,0,0,0,0,21212546891,2920168883,16558277,6096156,5,4.666666666666667,0.089,0.088,0.0017320508075688,0,18874368,0,5,0
0,1,1,0,5,5,1.0,50,0.0,5.189038536148919,0.1927139282226562,0.1949992179870605,0.245078182220459,0.2635128116607666,0.0467833798743702,1.0,ATTACK,0,0,0,0,21212550683,2920182061,16558336,6096258,5,5.0,0.088,0.0886666666666666,0.0005773502691894,0,23068672,0,5,0
0,1,1,0,5,5,1.0,50,0.0,5.497325064963083,0.1819066524505615,0.1766281127929687,0.2233426570892334,0.2273998737335205,0.0351588855658911,1.0,ATTACK,0,0,0,0,21212554652,2920195470,16558396,6096363,5,5.0,0.075,0.084,0.0078102496759066,0,23068672,0,5,0
0,1,1,0,5,5,1.0,50,0.0,4.150665562541662,0.2409252166748046,0.1955933570861816,0.3798270702362061,0.4798066902160644,0.1272621404965805,1.0,ATTACK,0,0,0,0,21212558144,2920208218,16558450,6096459,5,5.0,0.074,0.079,0.0078102496759066,0,23068672,0,5,0
0,1,1,0,5,5,1.0,50,0.0,59.32705309909757,0.0168557167053222,0.0130927562713623,0.0266380310058593,0.0302420616149902,0.0079209151121927,1.0,NORMAL,0,0,0,0,21212562644,2920223192,16558518,6096579,5,5.0,0.072,0.0736666666666666,0.001527525231652,0,23068672,0,5,0
0,1,1,0,5,5,1.0,50,0.0,101.80794306547374,0.0098224163055419,0.0099613666534423,0.0103171825408935,0.0104763126373291,0.0005481642986014,1.0,NORMAL,0,0,0,0,21212565776,2920233464,16558566,6096664,5,5.0,0.005,0.0503333333333333,0.039272551907577,0,23068672,0,5,0
0,1,1,0,5,5,1.0,50,0.0,56.569854795680826,0.0176772594451904,0.0160956382751464,0.0282263278961181,0.0347475719451904,0.0094424597539304,1.0,NORMAL,0,0,0,0,21212568848,2920243638,16558613,6096747,5,5.0,0.005,0.0273333333333333,0.0386824680357049,0,23068672,0,5,0
0,1,1,0,5,5,1.0,50,0.0,53.398381104912445,0.018727159500122,0.0152668952941894,0.0304442405700683,0.0373385047912597,0.0101909618236676,1.0,NORMAL,0,0,0,0,21212572193,2920254177,16558664,6096836,5,5.0,0.005,0.005,0.0,0,23068672,0,5,0
0,1,1,0,5,5,1.0,50,0.0,104.43151940084456,0.0095756530761718,0.0095455646514892,0.0101908683776855,0.010451021194458,0.0005631624367586,1.0,NORMAL,0,0,0,0,21212575505,2920265419,16558715,6096928,5,5.0,0.005,0.005,0.0,0,23068672,0,5,0
0,1,1,0,5,5,1.0,50,0.0,60.1006476758182,0.0166387557983398,0.016822338104248,0.0221301555633544,0.0225568199157714,0.0048820086815002,1.0,NORMAL,0,0,0,0,21212578577,2920275733,16558762,6097013,5,5.0,0.005,0.005,0.0,0,23068672,0,5,0
0,1,1,0,5,5,1.0,50,0.0,81.19998451233205,0.0123152732849121,0.0107066631317138,0.0156159400939941,0.0161051750183105,0.0026579652277133,1.0,NORMAL,0,0,0,0,21212581709,2920286053,16558810,6097098,5,5.0,0.005,0.005,0.0,0,24117248,0,5,0
0,1,1,0,5,5,1.0,50,0.0,76.39536196828566,0.0130897998809814,0.0101091861724853,0.0182408809661865,0.019106740951538,0.004084171334237,1.0,NORMAL,0,0,0,0,21212584841,2920296475,16558858,6097184,5,5.0,0.005,0.005,0.0,0,24117248,0,5,0
0,1,1,0,5,5,1.0,50,0.0,72.20702667713368,0.0138490676879882,0.0132308006286621,0.0178517341613769,0.0181917095184326,0.0033874060700556,1.0,NORMAL,0,0,0,0,21212588306,2920307918,16558911,6097278,5,5.0,0.005,0.005,0.0,0,24117248,0,5,0
0,1,1,0,5,5,1.0,50,0.0,87.46296543440545,0.0114334106445312,0.0113699436187744,0.0122334480285644,0.0125911903381347,0.0006896258517391,1.0,NORMAL,0,0,0,0,21212591438,2920318288,16558959,6097365,5,5.0,0.005,0.005,0.0,0,24117248,0,5,0
0,1,1,0,5,5,1.0,50,0.0,62.97091897248037,0.0158803462982177,0.0129675865173339,0.0242045879364013,0.0286050415039062,0.0070400061176938,1.0,NORMAL,0,0,0,0,21212594630,2920328726,16559008,6097451,5,5.0,0.005,0.005,0.0,0,24117248,0,5,0
0,1,1,0,5,5,1.0,50,0.0,66.00733361660608,0.0151498317718505,0.0145807266235351,0.0206744194030761,0.0215492916107177,0.0046720056294167,1.0,NORMAL,0,0,0,0,21212597762,2920339112,16559056,6097538,5,5.0,0.005,0.005,0.0,0,24117248,0,5,0
0,1,1,0,5,2,2.5,50,0.0,10.981538005568394,0.0910619258880615,0.0837540626525878,0.1547675132751464,0.1914532661437988,0.0567607927807891,1.0,ATTACK,0,0,0,0,21212601570,2920350508,16559109,6097632,5,5.0,0.005,0.005,0.0,0,24117248,0,5,0
0,1,1,0,2,2,1.0,50,0.0,4.524587093930481,0.2210146427154541,0.1788747310638427,0.3377193927764892,0.4145329666137695,0.1046176235062631,1.0,ATTACK,0,0,0,0,21212606114,2920363442,16559169,6097731,5,5.0,0.007,0.0056666666666666,0.0011547005383793,0,24117248,0,5,0
0,1,1,0,2,4,0.5,50,0.0,6.54884185708821,0.1526987552642822,0.1717877388000488,0.1860829353332519,0.1904898262023925,0.0351123192287902,1.0,ATTACK,0,0,0,0,21212610023,2920376323,16559228,6097829,7,5.666666666666667,0.075,0.0289999999999999,0.0398497176903425,0,24117248,2,5,0
0,1,1,0,2,4,0.5,50,0.0,5.891137865107496,0.1697464942932129,0.1679892539978027,0.2057639122009277,0.209699592590332,0.0327112420441474,1.0,ATTACK,0,0,0,0,21212646742,2920400979,16559344,6097978,4,5.333333333333333,0.07,0.0506666666666666,0.0378989885529064,0,9437184,0,4,0
0,1,1,0,4,5,0.8,50,0.0,7.1690053409833645,0.1394893646240234,0.1467907428741455,0.1740673065185546,0.1805691528320312,0.035333924786979,1.0,ATTACK,0,0,0,0,21212667614,2920420480,16559435,6098109,5,5.333333333333333,0.071,0.072,0.0026457513110647,0,19922944,0,5,0
0,1,1,0,5,5,1.0,50,0.0,4.54172999433895,0.2201804161071777,0.1619811058044433,0.3607118606567383,0.4201369094848632,0.1150167054013068,1.0,ATTACK,0,0,0,0,21212671706,2920433996,16559499,6098216,5,4.666666666666667,0.076,0.0723333333333333,0.0032145502536644,0,24117248,0,5,0
0,1,1,0,5,5,1.0,50,0.0,5.811376448201167,0.1720762729644775,0.1855182647705078,0.2126067638397216,0.2167578792572021,0.0390358383051537,1.0,ATTACK,0,0,0,0,21212676155,2920448459,16559567,6098329,5,5.0,0.076,0.0743333333333333,0.0028867513459482,0,24117248,0,5,0
0,1,1,0,5,5,1.0,50,0.0,8.972840406260081,0.1114474296569824,0.0941135883331298,0.1708420753479004,0.2075373554229736,0.0522302203254729,1.0,ATTACK,0,0,0,0,21212680442,2920460948,16559626,6098427,5,5.0,0.075,0.0756666666666666,0.0005773502691903,0,24117248,0,5,0
0,1,1,0,5,5,1.0,50,0.0,6.834003432069976,0.1463271141052246,0.1397535800933838,0.2001049995422363,0.2221473503112793,0.0456107823943022,1.0,ATTACK,0,0,0,0,21212684132,2920473990,16559683,6098528,5,5.0,0.073,0.0746666666666666,0.0015275252316522,0,24117248,0,5,0
0,1,1,0,5,5,1.0,50,0.0,4.886642537365426,0.2046394824981689,0.1939313411712646,0.256949758529663,0.2794617748260498,0.0477327716028068,1.0,ATTACK,0,0,0,0,21212687888,2920486954,16559740,6098627,5,5.0,0.076,0.0746666666666666,0.0015275252316522,0,24117248,0,5,0
0,1,1,0,5,5,1.0,50,0.0,62.54087825244166,0.0159895420074462,0.0115325450897216,0.0261859416961669,0.0330080223083496,0.0090681389331266,1.0,NORMAL,0,0,0,0,21212696274,2920507983,16559828,6098764,5,5.0,0.076,0.075,0.0017320508075691,0,24117248,0,5,0
0,1,1,0,5,5,1.0,50,0.0,66.28250673206993,0.0150869369506835,0.0175034999847412,0.0182476043701171,0.0182506084442138,0.0035830253109733,1.0,NORMAL,0,0,0,0,21212699406,2920518379,16559876,6098850,5,5.0,0.076,0.076,0.0,0,24117248,0,5,0
0,1,1,0,5,5,1.0,50,0.0,58.24872095413211,0.0171677589416503,0.0144774913787841,0.0273217678070068,0.0318689060211181,0.0084759094271395,1.0,NORMAL,0,0,0,0,21212702718,2920529745,16559927,6098944,5,5.0,0.04,0.064,0.0207846096908265,0,24117248,0,5,0
0,1,1,0,5,5,1.0,50,0.0,62.32731206571682,0.0160443305969238,0.0153229236602783,0.0211350917816162,0.0221461772918701,0.0042503087283508,1.0,NORMAL,0,0,0,0,21212705790,2920539995,16559974,6099029,5,5.0,0.005,0.0403333333333333,0.0355011736895181,0,24117248,0,5,0
0,1,1,0,5,5,1.0,50,0.0,63.963302304586,0.0156339645385742,0.0129134654998779,0.024220323562622,0.0309691047668457,0.0081455146524391,1.0,NORMAL,0,0,0,0,21212717904,2920559666,16560064,6099155,5,5.0,0.005,0.0166666666666666,0.0202072594216368,0,24117248,0,5,0
0,1,1,0,5,5,1.0,50,0.0,68.66272902287938,0.0145639419555664,0.0152328014373779,0.016480541229248,0.016562852859497,0.0021027467154251,1.0,NORMAL,0,0,0,0,21212721036,2920570008,16560112,6099241,5,5.0,0.005,0.005,0.0,0,24117248,0,5,0
0,1,1,0,5,5,1.0,50,0.0,85.77308793456032,0.0116586685180664,0.0114302635192871,0.0131463050842285,0.0138283157348632,0.0013248770575493,1.0,NORMAL,0,0,0,0,21212724568,2920581522,16560166,6099336,5,5.0,0.005,0.005,0.0,0,25165824,0,5,0
0,1,1,0,5,5,1.0,50,0.0,55.870715423675534,0.0178984642028808,0.0145940780639648,0.0253332138061523,0.0271705913543701,0.0059233937279985,1.0,NORMAL,0,0,0,0,21212727760,2920591986,16560215,6099422,5,5.0,0.005,0.005,0.0,0,24117248,0,5,0
0,1,1,0,5,5,1.0,50,0.0,73.56001880081658,0.0135943412780761,0.0133283138275146,0.0178984642028808,0.0193821334838867,0.0036673418657873,1.0,NORMAL,0,0,0,0,21212730892,2920602468,16560263,6099509,5,5.0,0.005,0.005,0.0,0,24117248,0,5,0
0,1,1,0,5,5,1.0,50,0.0,62.4853481436016,0.0160037517547607,0.0137207508087158,0.0248764038085937,0.0307285118103027,0.0079678457574199,1.0,NORMAL,0,0,0,0,21212733964,2920612776,16560310,6099593,5,5.0,0.005,0.005,0.0,0,24117248,0,5,0
0,1,1,0,5,5,1.0,50,0.0,59.633240918461645,0.0167691707611084,0.0146598815917968,0.0240529537200927,0.0284195041656494,0.0063629443642657,1.0,NORMAL,0,0,0,0,21212737495,2920623587,16560363,6099684,5,5.0,0.005,0.005,0.0,0,24117248,0,5,0
0,1,1,0,5,5,1.0,50,0.0,102.70239033874152,0.0097368717193603,0.0096211433410644,0.0103751182556152,0.0105153656005859,0.0005860394554295,1.0,NORMAL,0,0,0,0,21212741231,2920635327,16560419,6099781,5,5.0,0.005,0.005,0.0,0,24117248,0,5,0
0,1,1,0,5,4,1.25,50,0.0,7.238505089539375,0.1381500720977783,0.1039719581604003,0.2164092063903808,0.2483716964721679,0.0635777575355195,1.0,ATTACK,0,0,0,0,21212744663,2920646779,16560472,6099875,5,5.0,0.005,0.005,0.0,0,24117248,0,5,0
0,1,1,0,4,2,2.0,50,0.0,4.62048048632926,0.2164277076721191,0.2386844158172607,0.2733571529388428,0.2796893119812011,0.0610517139371572,1.0,ATTACK,0,0,0,0,21212748659,2920660319,16560533,6099981,5,5.0,0.005,0.005,0.0,0,24117248,0,5,0
0,1,1,0,4,2,2.0,50,0.0,5.8884598202816205,0.1698236942291259,0.1665806770324707,0.2317962169647217,0.2322608184814453,0.063471637700024,1.0,ATTACK,0,0,0,0,21212752151,2920673047,16560587,6100078,5,5.0,0.054,0.0213333333333333,0.0282901631902916,0,24117248,0,5,0
0,1,1,0,2,4,0.5,50,0.0,5.460993443376832,0.183116865158081,0.1807210445404052,0.2487661361694336,0.2562954616546631,0.0572065265035977,1.0,ATTACK,0,0,0,0,21212790143,2920698716,16560715,6100240,6,5.333333333333333,0.072,0.0436666666666666,0.0346746785613555,0,19922944,0,6,0
0,1,1,0,4,5,0.8,50,0.0,6.175557460472082,0.1619287014007568,0.1395790576934814,0.2060755729675293,0.2254618072509765,0.0359905010788541,1.0,ATTACK,0,0,0,0,21212811659,2920718094,16560808,6100371,5,5.333333333333333,0.083,0.0696666666666666,0.0146401275039985,0,17825792,0,5,0
0,1,1,0,5,5,1.0,50,0.0,7.474306039421701,0.1337916851043701,0.125040054321289,0.2107434272766113,0.2562778949737548,0.069108260042471,1.0,ATTACK,0,0,0,0,21212815775,2920731422,16560871,6100475,5,5.333333333333333,0.07,0.075,0.007,0,23068672,0,5,0
0,1,1,0,5,5,1.0,50,0.0,7.950105614634716,0.1257844924926758,0.1244511604309082,0.1678500652313232,0.1804991054534912,0.0362625702492806,1.0,ATTACK,0,0,0,0,21212819831,2920744876,16560933,6100581,5,5.0,0.07,0.0743333333333333,0.0075055534994652,0,23068672,0,5,0
0,1,1,0,5,5,1.0,50,0.0,6.042227412149154,0.1655018806457519,0.1393115520477295,0.2298286914825439,0.2614374732971191,0.0537758391935913,1.0,ATTACK,0,0,0,0,21212823914,2920758231,16560996,6100686,5,5.0,0.072,0.0706666666666666,0.0011547005383796,0,23068672,0,5,0
0,1,1,0,5,5,1.0,50,0.0,5.936351189123196,0.1684536457061767,0.1909279823303222,0.232884407043457,0.2496351242065429,0.0734280477671422,1.0,ATTACK,0,0,0,0,21212827730,2920771335,16561054,6100786,5,5.0,0.074,0.072,0.0020000000000002,0,24117248,0,5,0
0,1,1,0,5,5,1.0,50,0.0,7.640696859744534,0.1308781147003173,0.1181108951568603,0.2005820274353027,0.2410387516021728,0.0640886452490357,1.0,ATTACK,0,0,0,0,21212831282,2920784063,16561109,6100883,5,5.0,0.074,0.0733333333333333,0.0011547005383797,0,24117248,0,5,0
0,1,1,0,5,5,1.0,50,0.0,75.99202811899845,0.0131592750549316,0.0135228633880615,0.0164569377899169,0.0165516948699951,0.0030561927890311,1.0,NORMAL,0,0,0,0,21212837335,2920798928,16561186,6101000,5,5.0,0.074,0.074,0.0,0,24117248,0,5,0
0,1,1,0,5,5,1.0,50,0.0,61.83717097018644,0.0161715030670166,0.0111060142517089,0.0256745815277099,0.0303733825683593,0.0078736017266174,1.0,NORMAL,0,0,0,0,21212840725,2920809472,16561238,6101088,5,5.0,0.074,0.074,0.0,0,24117248,0,5,0
0,1,1,0,5,5,1.0,50,0.0,90.05174272059361,0.0111047267913818,0.0105488300323486,0.0130446434020996,0.0138838100433349,0.0016084537307077,1.0,NORMAL,0,0,0,0,21212844010,2920820121,16561288,6101176,5,5.0,0.055,0.0676666666666666,0.0109696551146029,0,24117248,0,5,0
0,1,1,0,5,5,1.0,50,0.0,59.25413576322667,0.0168764591217041,0.0154244899749755,0.0229512691497802,0.0272888088226318,0.0056644054058035,1.0,NORMAL,0,0,0,0,21212848894,2920833657,16561345,6101267,5,5.0,0.005,0.0446666666666666,0.0356417358350197,0,24117248,0,5,0
0,1,1,0,5,5,1.0,50,0.0,62.39054183909345,0.0160280704498291,0.0145983695983886,0.0239223957061767,0.0287128639221191,0.0070049027189169,1.0,NORMAL,0,0,0,0,21212851966,2920843843,16561392,6101352,5,5.0,0.005,0.0216666666666666,0.0288675134594812,0,25165824,0,5,0
0,1,1,0,5,5,1.0,50,0.0,68.34943355886686,0.0146306991577148,0.0115144252777099,0.0216596126556396,0.0267369270324707,0.006435055661634,1.0,NORMAL,0,0,0,0,21212855098,2920854291,16561440,6101438,5,5.0,0.005,0.005,0.0,0,25165824,0,5,0
0,1,1,0,5,5,1.0,50,0.0,62.77939596049705,0.0159287929534912,0.0127372741699218,0.0260826587677001,0.0332071208953857,0.0092430995126857,1.0,NORMAL,0,0,0,0,21212858170,2920864679,16561487,6101523,5,5.0,0.005,0.005,0.0,0,25165824,0,5,0
0,1,1,0,5,5,1.0,50,0.0,57.6238809907182,0.0173539161682128,0.0114433765411376,0.0295770168304443,0.0358229160308837,0.010190088586411,1.0,NORMAL,0,0,0,0,21212861542,2920876017,16561539,6101616,5,5.0,0.005,0.005,0.0,0,25165824,0,5,0
0,1,1,0,5,5,1.0,50,0.0,83.69224875189062,0.011948537826538,0.0127873420715332,0.0140946865081787,0.0143224811553955,0.0021122140543181,1.0,NORMAL,0,0,0,0,21212864887,2920886786,16561590,6101706,5,5.0,0.005,0.005,0.0,0,25165824,0,5,0
0,1,1,0,5,5,1.0,50,0.0,74.49203806384467,0.0134242534637451,0.0113193988800048,0.0184738636016845,0.0192184448242187,0.0040608814978371,1.0,NORMAL,0,0,0,0,21212868019,2920897090,16561638,6101791,5,5.0,0.005,0.005,0.0,0,25165824,0,5,0
0,1,1,0,5,5,1.0,50,0.0,70.9857057268484,0.0140873432159423,0.0126340389251708,0.0181693077087402,0.0194478416442871,0.0032972190801392,1.0,NORMAL,0,0,0,0,21212871151,2920907296,16561686,6101875,5,5.0,0.005,0.005,0.0,0,25165824,0,5,0
0,1,1,0,5,5,1.0,50,0.0,53.52854393514761,0.0186816215515136,0.0134336948394775,0.0312119960784912,0.0382922554016113,0.010702565145494,1.0,NORMAL,0,0,0,0,21212874523,2920918706,16561738,6101970,5,5.0,0.005,0.005,0.0,0,25165824,0,5,0
0,1,1,0,1,1,1.0,50,0.0,9.26408230609013,0.1079437732696533,0.0932197570800781,0.144986867904663,0.1581116676330566,0.0300955763968463,1.0,ATTACK,0,0,0,0,21213136590,2921131658,16562882,6103724,1,1.0,0.001,0.001,0.0,0,5242880,0,1,0
0,1,1,0,1,1,1.0,50,0.0,9.73365507299248,0.1027363300323486,0.0938241481781005,0.1499589920043945,0.1643915081024169,0.0392587077939864,1.0,ATTACK,0,0,0,0,21213140286,2921144082,16562938,6103820,1,1.0,0.031,0.016,0.0212132034355964,0,5242880,0,1,0
0,1,1,0,1,2,0.5,50,0.0,8.262788861448945,0.1210245132446289,0.131749153137207,0.1495502471923828,0.1570678997039795,0.0320541990284664,1.0,ATTACK,0,0,0,0,21213143778,2921156264,16562992,6103914,2,1.3333333333333333,0.031,0.021,0.0173205080756887,0,5242880,1,1,0
0,1,1,0,1,2,0.5,50,0.0,11.590214743320496,0.0862796783447265,0.0845112800598144,0.110334300994873,0.1209829711914062,0.0228685173379601,1.0,ATTACK,0,0,0,0,21213164470,2921175175,16563080,6104039,2,1.6666666666666667,0.031,0.031,0.0,0,5242880,0,2,0
0,1,1,0,2,3,0.6666666666666666,50,0.0,11.123415346442489,0.0899004459381103,0.0869741439819336,0.1065845489501953,0.1101199150085449,0.0138861157275328,1.0,ATTACK,0,0,0,0,21213184778,2921193168,16563163,6104157,3,2.333333333333333,0.083,0.0483333333333333,0.0300222139978605,0,9437184,0,3,0
0,1,1,0,3,5,0.6,50,0.0,11.766661074588042,0.084985876083374,0.0846388339996337,0.092788028717041,0.0936319160461425,0.0068021354689909,1.0,ATTACK,0,0,0,0,21213222221,2921217994,16563288,6104314,5,3.333333333333333,0.082,0.0653333333333333,0.0297377425729212,0,9437184,0,5,0
0,1,1,0,5,5,1.0,50,0.0,55.69533117331492,0.0179548263549804,0.0128610134124755,0.0300865650177001,0.0369424629211425,0.010339249229918,1.0,NORMAL,0,0,0,0,21213226457,2921231998,16563353,6104430,5,4.333333333333333,0.061,0.0753333333333333,0.0124230967690561,0,18874368,0,5,0
0,1,1,0,5,5,1.0,50,0.0,78.99919010038988,0.0126583576202392,0.0142469406127929,0.0145729064941406,0.0146516132354736,0.0022039635930327,1.0,NORMAL,0,0,0,0,21213229589,2921242258,16563401,6104514,5,5.0,0.061,0.068,0.0121243556529821,0,18874368,0,5,0
0,1,1,0,5,5,1.0,50,0.0,85.66377465156937,0.0116735458374023,0.0115957260131835,0.012525463104248,0.0128298187255859,0.0007214767852272,1.0,NORMAL,0,0,0,0,21213233201,2921253404,16563457,6104609,5,5.0,0.006,0.0426666666666666,0.0317542648054294,0,24117248,0,5,0
0,1,1,0,5,5,1.0,50,0.0,66.59887644374439,0.0150152683258056,0.0141348838806152,0.0195330619812011,0.0205884361267089,0.0037264088594744,1.0,NORMAL,0,0,0,0,21213236273,2921263750,16563504,6104694,5,5.0,0.005,0.0239999999999999,0.0320468407179241,0,24117248,0,5,0
0,1,1,0,5,5,1.0,50,0.0,92.35015654793096,0.0108283519744873,0.0114459991455078,0.0116382598876953,0.0117424583435058,0.0008992558628834,1.0,NORMAL,0,0,0,0,21213239585,2921274964,16563555,6104786,5,5.0,0.005,0.0053333333333333,0.0005773502691928,0,24117248,0,5,0
0,1,1,0,5,5,1.0,50,0.0,87.65452326417333,0.0114084243774414,0.0117468833923339,0.012670612335205,0.0127546405792236,0.001205452376879,1.0,NORMAL,0,0,0,0,21213243443,2921286016,16563612,6104880,5,5.0,0.005,0.005,0.0,0,24117248,0,5,0
0,1,1,0,5,5,1.0,50,0.0,16.397733101472483,0.0609840393066406,0.0649571418762207,0.0741700649261474,0.0779588890075683,0.0123943704251826,1.0,ATTACK,0,0,0,0,21213246575,2921296428,16563660,6104966,5,5.0,0.005,0.005,0.0,0,24117248,0,5,0
0,1,1,0,5,5,1.0,50,0.0,17.45440502437364,0.0572921276092529,0.0613987445831298,0.0922707080841064,0.0981208419799804,0.0313907659472175,1.0,ATTACK,0,0,0,0,21213250091,2921308514,16563713,6105059,5,5.0,0.022,0.0106666666666666,0.0098149545762238,0,24117248,0,5,0
0,1,1,0,5,5,1.0,50,0.0,9.887348034884674,0.1011393547058105,0.0785236358642578,0.1547059535980224,0.1729512405395507,0.0437085464834857,1.0,ATTACK,0,0,0,0,21213253763,2921321822,16563770,6105162,5,5.0,0.022,0.0163333333333333,0.0098149545762237,0,24117248,0,5,0
0,1,1,0,5,5,1.0,50,0.0,13.360634536361609,0.0748467445373535,0.0706257820129394,0.0962737083435058,0.105166368484497,0.0181189540126594,1.0,ATTACK,0,0,0,0,21213258349,2921335114,16563840,6105271,5,5.0,0.073,0.039,0.0294448637286709,0,24117248,0,5,0
0,1,1,0,5,5,1.0,50,0.0,10.85529598595384,0.0921209335327148,0.0854907035827636,0.142414379119873,0.1648695755004882,0.04619600303782,1.0,ATTACK,0,0,0,0,21213261934,2921347499,16563895,6105368,5,5.0,0.072,0.0556666666666666,0.0291604755333882,0,24117248,0,5,0
0,1,1,0,5,5,1.0,50,0.0,14.326433188462628,0.0698010444641113,0.0759782791137695,0.1043180465698242,0.1122231388092041,0.0329132813879705,1.0,ATTACK,0,0,0,0,21213266126,2921360891,16563953,6105471,5,5.0,0.073,0.0726666666666666,0.0005773502691895,0,24117248,0,5,0
0,1,1,0,5,5,1.0,50,0.0,91.67516906438654,0.0109080791473388,0.0107340812683105,0.0127323150634765,0.0134560394287109,0.0015657803417849,1.0,NORMAL,0,0,0,0,21213270466,2921373405,16564011,6105573,5,5.0,0.049,0.0646666666666666,0.0135769412362775,0,24117248,0,5,0
0,1,1,0,5,5,1.0,50,0.0,81.0340070865807,0.012340497970581,0.0123155117034912,0.0129529476165771,0.0130903625488281,0.0006197233971074,1.0,NORMAL,0,0,0,0,21213273838,2921384783,16564063,6105668,5,5.0,0.049,0.057,0.013856406460551,0,24117248,0,5,0
0,1,1,0,5,5,1.0,50,0.0,62.94955995533517,0.0158857345581054,0.0121660232543945,0.025060224533081,0.0326941776275634,0.0088690828229239,1.0,NORMAL,0,0,0,0,21213277030,2921395231,16564112,6105754,5,5.0,0.005,0.0343333333333333,0.0254034118443435,0,25165824,0,5,0
0,1,1,0,5,5,1.0,50,0.0,78.62688492137882,0.0127182960510253,0.0104396343231201,0.0179275035858154,0.0215606307983398,0.0046987260202549,1.0,NORMAL,0,0,0,0,21213280375,2921405796,16564163,6105842,5,5.0,0.005,0.0196666666666666,0.0254034118443435,0,26214400,0,5,0
0,1,1,0,5,5,1.0,50,0.0,64.22717068733711,0.0155697345733642,0.0125336647033691,0.0230199337005615,0.0270051383972167,0.0062857440728363,1.0,NORMAL,0,0,0,0,21213283567,2921416314,16564212,6105928,5,5.0,0.005,0.005,0.0,0,26214400,0,5,0
0,1,1,0,5,5,1.0,50,0.0,57.1076279586524,0.0175107955932617,0.0142338275909423,0.0258416175842285,0.0299551391601562,0.0069581346519233,1.0,NORMAL,0,0,0,0,21213287263,2921427960,16564268,6106025,5,5.0,0.005,0.005,0.0,0,26214400,0,5,0
0,1,1,0,5,5,1.0,50,0.0,9.585284797615234,0.104326581954956,0.0976808071136474,0.1513287544250488,0.1540099334716796,0.0415453131435922,1.0,ATTACK,0,0,0,0,21213290335,2921438312,16564315,6106110,5,5.0,0.005,0.005,0.0,0,26214400,0,5,0
0,1,1,0,5,5,1.0,50,0.0,11.350024652176996,0.0881055355072021,0.0711796283721923,0.1301357269287109,0.1339069557189941,0.0350387613024255,1.0,ATTACK,0,0,0,0,21213293827,2921451082,16564369,6106206,5,5.0,0.005,0.005,0.0,0,26214400,0,5,0
0,1,1,0,5,5,1.0,50,0.0,10.048610282572124,0.0995162487030029,0.0995383262634277,0.1179233074188232,0.1182140159606933,0.0195889281114494,1.0,ATTACK,0,0,0,0,21213298151,2921463594,16564428,6106303,5,5.0,0.005,0.005,0.0,0,26214400,0,5,0
0,1,1,0,5,5,1.0,50,0.0,5.57048288362758,0.179517650604248,0.1807718276977539,0.2774134159088134,0.3228085803985596,0.0873350100667054,1.0,ATTACK,0,0,0,0,21213301961,2921477168,16564487,6106408,5,5.0,0.067,0.0256666666666666,0.0357957166897568,0,26214400,0,5,0
0,1,1,0,5,5,1.0,50,0.0,7.08804286180704,0.1410826683044433,0.1372971534729004,0.1556890487670898,0.1574564743041992,0.0120324798566099,1.0,ATTACK,0,0,0,0,21213305657,2921490394,16564543,6106507,5,5.0,0.069,0.047,0.0363868107973205,0,26214400,0,5,0
0,1,1,0,5,5,1.0,50,0.0,67.00059104487148,0.0149252414703369,0.013350486755371,0.0184319972991943,0.0201644039154052,0.0029117148079798,1.0,NORMAL,0,0,0,0,21213309893,2921505486,16564608,6106621,5,5.0,0.062,0.066,0.003605551275464,0,26214400,0,5,0
0,1,1,0,5,5,1.0,50,0.0,82.19097336531377,0.0121667861938476,0.0123572349548339,0.0132413387298583,0.0136122989654541,0.000976457795103,1.0,NORMAL,0,0,0,0,21213313325,2921517380,16564661,6106715,5,5.0,0.043,0.0579999999999999,0.0134536240470737,0,26214400,0,5,0
0,1,1,0,5,5,1.0,50,0.0,65.62295040929232,0.0152385711669921,0.0147511959075927,0.0170596122741699,0.0180609989166259,0.0015650465254717,1.0,NORMAL,0,0,0,0,21213317174,2921529227,16564719,6106813,5,5.0,0.005,0.0366666666666666,0.029022979401387,0,26214400,0,5,0
0,1,1,0,5,5,1.0,50,0.0,73.8998460090985,0.0135318279266357,0.0140316486358642,0.0146500587463378,0.0149936389923095,0.0010996902095148,1.0,NORMAL,0,0,0,0,21213320426,2921540483,16564769,6106903,5,5.0,0.005,0.0176666666666666,0.0219393102292058,0,26214400,0,5,0
0,1,1,0,5,5,1.0,50,0.0,61.469053732428215,0.0162683486938476,0.0143895149230957,0.0210700988769531,0.0227926349639892,0.0039253944742968,1.0,NORMAL,0,0,0,0,21213323798,2921552303,16564821,6106997,5,5.0,0.005,0.005,0.0,0,26214400,0,5,0
0,1,1,0,5,5,1.0,50,0.0,80.03663786523371,0.0124942779541015,0.0124671459197998,0.0132466793060302,0.0136402988433837,0.0006703404922958,1.0,NORMAL,0,0,0,0,21213327254,2921563973,16564873,6107090,5,5.0,0.005,0.005,0.0,0,26214400,0,5,0
0,1,1,0,1,1,1.0,50,0.0,8.95737631537247,0.1116398334503173,0.1229496002197265,0.141122817993164,0.1479806900024414,0.0296008455729197,1.0,ATTACK,0,0,0,0,21213386036,2921756878,16565756,6108661,1,1.0,0.001,0.001,0.0,0,5242880,0,1,0
0,1,1,0,1,1,1.0,50,0.0,10.888911042435115,0.0918365478515625,0.0762157440185546,0.1163135528564453,0.1174155330657959,0.019762246319894,1.0,ATTACK,0,0,0,0,21213390938,2921770266,16565820,6108766,1,1.0,0.001,0.001,0.0,0,5242880,0,1,0
0,1,1,0,1,1,1.0,50,0.0,12.344902283965151,0.0810050964355468,0.0833320617675781,0.0991399765014648,0.1003104496002197,0.0191373483044987,1.0,ATTACK,0,0,0,0,21213394388,2921782166,16565873,6108858,1,1.0,0.016,0.006,0.0086602540378443,0,5242880,0,1,0
0,1,1,0,1,2,0.5,50,0.0,17.13944794872759,0.0583449363708496,0.0517427921295166,0.0737035274505615,0.0743489742279052,0.0126014377664489,1.0,ATTACK,0,0,0,0,21213414634,2921800073,16565955,6108975,2,1.3333333333333333,0.069,0.0286666666666666,0.0357258076652345,0,5242880,0,2,0
0,1,1,0,2,4,0.5,50,0.0,10.467222548865958,0.0955363273620605,0.0859925746917724,0.1270167350769043,0.1335401248931884,0.0268855700199476,1.0,ATTACK,0,0,0,0,21213451257,2921823947,16566068,6109119,4,2.333333333333333,0.068,0.051,0.0303150127824482,0,5242880,1,3,0
0,1,1,0,4,5,0.8,50,0.0,9.156697418190598,0.1092096805572509,0.0969235897064209,0.1542714595794677,0.168999490737915,0.0385060344578441,1.0,ATTACK,0,0,0,0,21213472317,2921843623,16566163,6109253,5,3.6666666666666665,0.068,0.0683333333333333,0.0005773502691895,0,5242880,1,4,0
0,1,1,0,5,5,1.0,50,0.0,15.758853662183824,0.063456392288208,0.0546481609344482,0.0951019763946533,0.0984996700286865,0.0261145893935748,1.0,ATTACK,0,0,0,0,21213475713,2921855719,16566214,6109345,5,4.666666666666667,0.065,0.067,0.0017320508075688,0,9437184,0,5,0
0,1,1,0,5,5,1.0,50,0.0,11.3820200997225,0.0878578662872314,0.0982952117919921,0.1136892318725586,0.1167157936096191,0.0263145417114133,1.0,ATTACK,0,0,0,0,21213479745,2921869289,16566277,6109452,5,5.0,0.066,0.0663333333333333,0.0015275252316519,0,18874368,0,5,0
0,1,1,0,5,5,1.0,50,0.0,14.878937364710456,0.0672091007232666,0.0628635883331298,0.097157335281372,0.117106876373291,0.0279324333379679,1.0,ATTACK,0,0,0,0,21213483477,2921881665,16566335,6109549,5,5.0,0.071,0.0673333333333333,0.0032145502536643,0,24117248,0,5,0
0,1,1,0,5,5,1.0,50,0.0,11.889155970792324,0.0841102600097656,0.0768969058990478,0.1158462524414062,0.1362275218963623,0.0288495872821508,1.0,ATTACK,0,0,0,0,21213487053,2921893703,16566389,6109642,5,5.0,0.073,0.07,0.0036055512754639,0,24117248,0,5,0
0,1,1,0,5,5,1.0,50,0.0,11.464088080672468,0.0872289180755615,0.081235647201538,0.1151916027069091,0.1155311489105224,0.0259365460796314,1.0,ATTACK,0,0,0,0,21213490638,2921906188,16566444,6109739,5,5.0,0.073,0.0723333333333333,0.0011547005383792,0,24117248,0,5,0
0,1,1,0,5,5,1.0,50,0.0,80.26423658819432,0.012458848953247,0.0119168758392333,0.0153299808502197,0.0167548561096191,0.0024535567516352,1.0,NORMAL,0,0,0,0,21213494874,2921920096,16566509,6109852,5,5.0,0.073,0.073,0.0,0,24117248,0,5,0
0,1,1,0,5,5,1.0,50,0.0,83.68790703613843,0.0119491577148437,0.0103082656860351,0.0152460098266601,0.0181384181976318,0.0032557954006595,1.0,NORMAL,0,0,0,0,21213497946,2921930518,16566556,6109938,5,5.0,0.046,0.064,0.0155884572681198,0,24117248,0,5,0
0,1,1,0,5,5,1.0,50,0.0,71.94914178477204,0.0138987064361572,0.0129475593566894,0.0174150943756103,0.0191589164733886,0.0029926203123693,1.0,NORMAL,0,0,0,0,21213501258,2921941958,16566607,6110031,5,5.0,0.005,0.0413333333333333,0.0342393535764525,0,24117248,0,5,0
0,1,1,0,5,5,1.0,50,0.0,72.70770638893897,0.0137537002563476,0.0145058631896972,0.017215347290039,0.0173071002960205,0.0032644565132678,1.0,NORMAL,0,0,0,0,21213504330,2921952268,16566654,6110117,5,5.0,0.005,0.0186666666666666,0.0236713610367746,0,24117248,0,5,0
0,1,1,0,5,5,1.0,50,0.0,57.590333653714126,0.0173640251159667,0.0148499011993408,0.024435806274414,0.0300741958618164,0.0067839238952085,1.0,NORMAL,0,0,0,0,21213507522,2921962734,16566703,6110204,5,5.0,0.005,0.005,0.0,0,24117248,0,5,0
0,1,1,0,5,5,1.0,50,0.0,66.39477491681467,0.0150614261627197,0.0125184059143066,0.0231362342834472,0.0265376186370849,0.0066558091082732,1.0,NORMAL,0,0,0,0,21213510807,2921973267,16566753,6110292,5,5.0,0.005,0.005,0.0,0,24117248,0,5,0
0,1,1,0,5,5,1.0,50,0.0,12.648830113252204,0.0790586948394775,0.0747251510620117,0.1054453372955322,0.1150963973999023,0.0243872573136554,1.0,ATTACK,0,0,0,0,21213514383,2921984943,16566807,6110387,5,5.0,0.005,0.005,0.0,0,26214400,0,5,0
0,1,1,0,5,5,1.0,50,0.0,10.726456316514426,0.0932274341583252,0.082366943359375,0.1347657203674316,0.1556100463867187,0.0352078236830903,1.0,ATTACK,0,0,0,0,21213517575,2921996695,16566856,6110476,5,5.0,0.005,0.005,0.0,0,26214400,0,5,0
0,1,1,0,5,5,1.0,50,0.0,10.897052916763878,0.091767930984497,0.0771565437316894,0.1321022987365722,0.1445629405975342,0.0327764076721177,1.0,ATTACK,0,0,0,0,21213521503,2922008953,16566911,6110572,5,5.0,0.052,0.0206666666666666,0.0271354626519124,0,26214400,0,5,0
0,1,1,0,5,5,1.0,50,0.0,12.940661770921842,0.077275800704956,0.0705418586730957,0.1053727626800537,0.1258832073211669,0.0260930027579795,1.0,ATTACK,0,0,0,0,21213525543,2922020927,16566964,6110663,5,5.0,0.052,0.0363333333333333,0.0271354626519124,0,26214400,0,5,0
0,1,1,0,5,5,1.0,50,0.0,13.748255369920578,0.0727365016937255,0.0567083358764648,0.10542893409729,0.106868314743042,0.0266235806801638,1.0,ATTACK,0,0,0,0,21213529392,2922033900,16567022,6110763,5,5.0,0.073,0.059,0.0121243556529821,0,27262976,0,5,0
0,1,1,0,5,5,1.0,50,0.0,10.910602495261749,0.0916539669036865,0.1011583805084228,0.1290437221527099,0.1379401588439941,0.0365978727793135,1.0,ATTACK,0,0,0,0,21213532584,2922045674,16567071,6110853,5,5.0,0.073,0.066,0.0121243556529821,0,27262976,0,5,0
0,1,1,0,5,5,1.0,50,0.0,13.252254204931855,0.0754588603973388,0.07928466796875,0.100820255279541,0.1133513641357421,0.0234615907397687,1.0,ATTACK,0,0,0,0,21213536280,2922058024,16567127,6110949,5,5.0,0.072,0.0726666666666666,0.0005773502691894,0,26214400,0,5,0
0,1,1,0,5,5,1.0,50,0.0,13.301181099865158,0.0751812934875488,0.0794517993927002,0.1047480583190918,0.1125429439544677,0.0274213567279134,1.0,ATTACK,0,0,0,0,21213539532,2922069696,16567177,6111038,5,5.0,0.074,0.073,0.0009999999999998,0,26214400,0,5,0
0,1,1,0,5,5,1.0,50,0.0,12.664619056303648,0.0789601325988769,0.0772047042846679,0.1117793083190918,0.1309035873413085,0.0295469881941876,1.0,ATTACK,0,0,0,0,21213543288,2922083080,16567234,6111142,5,5.0,0.073,0.073,0.0009999999999998,0,26214400,0,5,0
0,1,1,0,5,5,1.0,50,0.0,18.289589469029867,0.0546759128570556,0.0527856349945068,0.06563720703125,0.0693677520751953,0.0091265575715232,1.0,ATTACK,0,0,0,0,21213546873,2922095395,16567289,6111238,5,5.0,0.074,0.0736666666666666,0.0005773502691894,0,26214400,0,5,0
0,1,1,0,5,5,1.0,50,0.0,11.333677768578426,0.0882326126098632,0.0813331604003906,0.1046929836273193,0.1106575298309326,0.0132887119425114,1.0,ATTACK,0,0,0,0,21213550896,2922107496,16567345,6111331,5,5.0,0.074,0.0736666666666666,0.0005773502691894,0,26214400,0,5,0
0,1,1,0,5,5,1.0,50,0.0,50.79744020772879,0.0196860313415527,0.01544189453125,0.0333258152008056,0.0374865436553955,0.0110583045498676,1.0,NORMAL,0,0,0,0,21213555150,2922121056,16567410,6111441,5,5.0,0.071,0.073,0.0017320508075688,0,26214400,0,5,0
0,1,1,0,5,5,1.0,50,0.0,63.88730815395208,0.0156525611877441,0.0123834609985351,0.0230002403259277,0.0275668621063232,0.0063988198958124,1.0,NORMAL,0,0,0,0,21213558282,2922131434,16567458,6111526,5,5.0,0.041,0.062,0.0182482875908946,0,26214400,0,5,0
0,1,1,0,5,5,1.0,50,0.0,53.77395549675124,0.0185963630676269,0.01548433303833,0.0293195724487304,0.034396629333496,0.0089823172877922,1.0,NORMAL,0,0,0,0,21213561654,2922142810,16567510,6111619,5,5.0,0.005,0.039,0.0330454232837166,0,26214400,0,5,0
0,1,1,0,5,5,1.0,50,0.0,54.34768073764438,0.0184000492095947,0.0148496627807617,0.0286563396453857,0.0338640308380127,0.0086695787042584,1.0,NORMAL,0,0,0,0,21213564939,2922153299,16567560,6111706,5,5.0,0.005,0.017,0.0207846096908265,0,26214400,0,5,0
0,1,1,0,5,5,1.0,50,0.0,78.39293056915797,0.0127562522888183,0.0131309032440185,0.0141954898834228,0.014593915939331,0.0015441270495704,1.0,NORMAL,0,0,0,0,21213568011,2922163549,16567607,6111790,5,5.0,0.005,0.005,0.0,0,26214400,0,5,0
0,1,1,0,5,5,1.0,50,0.0,93.05745004681378,0.0107460498809814,0.0104382038116455,0.0116581439971923,0.012195701599121,0.0007892769247949,1.0,NORMAL,0,0,0,0,21213571143,2922174009,16567655,6111877,5,5.0,0.005,0.005,0.0,0,26214400,0,5,0
0,1,1,0,5,5,1.0,50,0.0,11.563469583442004,0.0864792346954345,0.0908403396606445,0.116941213607788,0.1323611259460449,0.028547930163598,1.0,ATTACK,0,0,0,0,21213574659,2922185477,16567708,6111971,5,5.0,0.005,0.005,0.0,0,26214400,0,5,0
0,1,1,0,5,5,1.0,50,0.0,15.892897064384682,0.0629211902618408,0.0535647869110107,0.0902455329895019,0.1121458339691162,0.0260747878555684,1.0,ATTACK,0,0,0,0,21213577911,2922197551,16567758,6112063,5,5.0,0.005,0.005,0.0,0,26214400,0,5,0
0,1,1,0,5,5,1.0,50,0.0,14.1098076576322,0.070872688293457,0.071359634399414,0.0939702987670898,0.1026297569274902,0.0207422930338908,1.0,ATTACK,0,0,0,0,21213581436,2922209762,16567812,6112157,5,5.0,0.023,0.011,0.0103923048454132,0,26214400,0,5,0
0,1,1,0,5,5,1.0,50,0.0,9.494750195699014,0.1053213596343994,0.1031825542449951,0.1199193000793457,0.1268617153167724,0.0130509531660149,1.0,ATTACK,0,0,0,0,21213585072,2922221838,16567867,6112250,5,5.0,0.073,0.0336666666666666,0.0352325606979301,0,26214400,0,5,0
0,1,1,0,5,5,1.0,50,0.0,17.045775603792876,0.0586655616760253,0.0604257583618164,0.0778417587280273,0.0843013763427734,0.0171919767608384,1.0,ATTACK,0,0,0,0,21213588324,2922233772,16567917,6112340,5,5.0,0.071,0.0556666666666666,0.0283078316607495,0,26214400,0,5,0
0,1,1,0,5,5,1.0,50,0.0,13.35725618405054,0.0748656749725341,0.0791947841644287,0.0987477302551269,0.1023436069488525,0.0241214317484428,1.0,ATTACK,0,0,0,0,21213591876,2922246414,16567972,6112436,5,5.0,0.071,0.0716666666666666,0.0011547005383791,0,26214400,0,5,0
0,1,1,0,5,5,1.0,50,0.0,12.126583800937212,0.0824634552001953,0.0912079811096191,0.0983811378479004,0.1019348716735839,0.016573063347428,1.0,ATTACK,0,0,0,0,21213595572,2922258842,16568028,6112532,5,5.0,0.073,0.0716666666666666,0.0011547005383791,0,26214400,0,5,0
0,1,1,0,5,5,1.0,50,0.0,13.018058842078863,0.0768163681030273,0.0772182941436767,0.0916193485260009,0.0959017848968505,0.0143456413892878,1.0,ATTACK,0,0,0,0,21213599157,2922271017,16568083,6112627,5,5.0,0.072,0.072,0.0009999999999999,0,26214400,0,5,0
0,1,1,0,5,5,1.0,50,0.0,11.609778079426828,0.0861342906951904,0.0984148979187011,0.1074476242065429,0.1105860233306884,0.0222575189266521,1.0,ATTACK,0,0,0,0,21213602589,2922283231,16568136,6112721,5,5.0,0.072,0.0723333333333333,0.0005773502691894,0,26214400,0,5,0
0,1,1,0,5,5,1.0,50,0.0,11.96140914237152,0.0836021900177002,0.0737695693969726,0.1234522342681884,0.1240459251403808,0.0337203703756197,1.0,ATTACK,0,0,0,0,21213606465,2922296765,16568195,6112826,5,5.0,0.072,0.072,0.0,0,26214400,0,5,0
0,1,1,0,5,5,1.0,50,0.0,19.105260808448342,0.052341604232788,0.0581226348876953,0.0682110786437988,0.0704984664916992,0.0155598954705136,1.0,ATTACK,0,0,0,0,21213609777,2922308673,16568246,6112917,5,5.0,0.072,0.072,0.0,0,26214400,0,5,0
0,1,1,0,5,5,1.0,50,0.0,94.89762026507869,0.0105376720428466,0.010793924331665,0.0115766525268554,0.01175217628479,0.0010627143993225,1.0,NORMAL,0,0,0,0,21213614269,2922322485,16568309,6113028,5,5.0,0.072,0.072,0.0,0,26214400,0,5,0
0,1,1,0,5,5,1.0,50,0.0,95.05677156752984,0.0105200290679931,0.0100963115692138,0.0119712352752685,0.013071584701538,0.0013681518105423,1.0,NORMAL,0,0,0,0,21213618282,2922333324,16568361,6113118,5,5.0,0.015,0.053,0.0329089653438086,0,26214400,0,5,0
0,1,1,0,5,5,1.0,50,0.0,82.72821589039799,0.0120877742767333,0.0122463703155517,0.0130497932434082,0.0132697772979736,0.0010707223252332,1.0,NORMAL,0,0,0,0,21213621354,2922343670,16568408,6113202,5,5.0,0.005,0.0306666666666666,0.0361432335760558,0,26214400,0,5,0
0,1,1,0,5,5,1.0,50,0.0,76.48730957061525,0.0130740642547607,0.0138342380523681,0.0162506580352783,0.0163405227661132,0.0030312219301232,1.0,NORMAL,0,0,0,0,21213624486,2922354048,16568456,6113287,5,5.0,0.005,0.0083333333333333,0.0057735026918962,0,26214400,0,5,0
0,1,1,0,5,5,1.0,50,0.0,105.32894703799502,0.0094940662384033,0.0093238353729248,0.0099130630493164,0.0102421379089355,0.0003948027668687,1.0,NORMAL,0,0,0,0,21213627558,2922364282,16568503,6113371,5,5.0,0.005,0.005,0.0,0,26214400,0,5,0
0,1,1,0,5,5,1.0,50,0.0,54.75120942581971,0.0182644367218017,0.0124580860137939,0.030187702178955,0.0369562244415283,0.0101427882270492,1.0,NORMAL,0,0,0,0,21213630870,2922375642,16568554,6113464,5,5.0,0.005,0.005,0.0,0,26214400,0,5,0
0,1,1,0,1,1,1.0,50,0.0,11.912786770891737,0.0839434146881103,0.0679912567138671,0.1187060356140136,0.1421997833251953,0.0310732840536055,1.0,ATTACK,0,0,0,0,21213703473,2922575574,16569510,6115106,1,1.0,0.001,0.001,0.0,0,5242880,0,1,0
0,1,1,0,1,1,1.0,50,0.0,12.900120810686456,0.0775186538696289,0.0720551013946533,0.1022750854492187,0.1124196720123291,0.0223327762619069,1.0,ATTACK,0,0,0,0,21213706845,2922587536,16569562,6115198,1,1.0,0.001,0.001,0.0,0,5242880,0,1,0
0,1,1,0,1,1,1.0,50,0.0,16.168491690059295,0.0618486881256103,0.0631029605865478,0.0710693359375,0.072479019165039,0.008527061293454,1.0,ATTACK,0,0,0,0,21213710277,2922599504,16569615,6115290,1,1.0,0.054,0.0186666666666666,0.0305995642670501,0,5242880,0,1,0
0,1,1,0,1,2,0.5,50,0.0,12.2547589663039,0.0816009521484375,0.0726392269134521,0.1205110073089599,0.1415492248535156,0.0349304192025287,1.0,ATTACK,0,0,0,0,21213731354,2922618435,16569709,6115421,2,1.3333333333333333,0.068,0.041,0.0353411940941445,0,5242880,0,2,0
0,1,1,0,2,4,0.5,50,0.0,8.81838801290747,0.1133994102478027,0.1034269332885742,0.1407360076904296,0.1472218894958496,0.0219581063106776,1.0,ATTACK,0,0,0,0,21213735059,2922631734,16569766,6115523,4,2.333333333333333,0.081,0.0676666666666666,0.0135030860670193,0,9437184,2,2,0
0,1,1,0,2,4,0.5,50,0.0,14.212834133269718,0.0703589439392089,0.062270164489746,0.1082686424255371,0.1337947750091552,0.0347928905336087,1.0,ATTACK,0,0,0,0,21213771910,2922655496,16569878,6115667,4,3.333333333333333,0.081,0.0766666666666666,0.0075055534994651,0,9437184,0,4,0
0,1,1,0,4,5,0.8,50,0.0,14.200544280886316,0.0704198360443115,0.0681490898132324,0.0848056316375732,0.0926699542999267,0.0134383273398268,1.0,ATTACK,0,0,0,0,21213793390,2922673847,16569969,6115791,5,4.333333333333333,0.099,0.087,0.0103923048454132,0,17825792,0,5,0
0,1,1,0,5,5,1.0,50,0.0,9.775469498503954,0.1022968769073486,0.077798843383789,0.1513470649719238,0.1777551078796386,0.0412710513557832,1.0,ATTACK,0,0,0,0,21213797062,2922686333,16570026,6115889,5,4.666666666666667,0.085,0.0883333333333333,0.0094516312525052,0,25165824,0,5,0
0,1,1,0,5,5,1.0,50,0.0,14.160655407837156,0.070618200302124,0.0636854171752929,0.1082320213317871,0.1250895977020263,0.0323593222209446,1.0,ATTACK,0,0,0,0,21213801211,2922699734,16570089,6115994,5,5.0,0.072,0.0853333333333333,0.0135030860670194,0,25165824,0,5,0
0,1,1,0,5,5,1.0,50,0.0,10.946858082731788,0.0913504123687744,0.081960916519165,0.1155959129333496,0.1184016323089599,0.0204745462551913,1.0,ATTACK,0,0,0,0,21213804463,2922711494,16570139,6116085,5,5.0,0.072,0.0763333333333333,0.0075055534994651,0,25165824,0,5,0
0,1,1,0,5,5,1.0,50,0.0,16.909611494154632,0.0591379642486572,0.0517959594726562,0.0741574764251709,0.0746625900268554,0.0122561617190222,1.0,ATTACK,0,0,0,0,21213807775,2922723284,16570190,6116175,5,5.0,0.073,0.0723333333333333,0.0005773502691892,0,25165824,0,5,0
0,1,1,0,5,5,1.0,50,0.0,88.78261900326825,0.0112634658813476,0.0110225677490234,0.0126077651977539,0.0132856559753417,0.001213587398757,1.0,NORMAL,0,0,0,0,21213811831,2922737020,16570252,6116287,5,5.0,0.072,0.0723333333333333,0.0005773502691892,0,25165824,0,5,0
0,1,1,0,5,5,1.0,50,0.0,104.20372164666716,0.0095965862274169,0.0094935894012451,0.0103956699371337,0.0108369255065917,0.0007033637574267,1.0,NORMAL,0,0,0,0,21213816256,2922749389,16570310,6116389,5,5.0,0.028,0.0576666666666666,0.0256969518296106,0,25165824,0,5,0
0,1,1,0,5,5,1.0,50,0.0,59.99113213970027,0.0166691303253173,0.017052412033081,0.0206138610839843,0.0222024154663085,0.0035275880324103,1.0,NORMAL,0,0,0,0,21213819661,2922759992,16570362,6116478,5,5.0,0.005,0.035,0.0340440890610983,0,25165824,0,5,0
0,1,1,0,5,5,1.0,50,0.0,50.94057121204025,0.0196307182312011,0.0166776180267334,0.0316840171813964,0.0348656749725341,0.0098536312998182,1.0,NORMAL,0,0,0,0,21213822931,2922770588,16570412,6116566,5,5.0,0.005,0.0126666666666666,0.0132790561913612,0,25165824,0,5,0
0,1,1,0,5,5,1.0,50,0.0,78.92783349955778,0.0126698017120361,0.0114986896514892,0.016072940826416,0.0172443580627441,0.0027850851311345,1.0,NORMAL,0,0,0,0,21213826003,2922780994,16570459,6116652,5,5.0,0.005,0.005,0.0,0,25165824,0,5,0
0,1,1,0,5,5,1.0,50,0.0,61.00823566032192,0.0163912296295166,0.0130145549774169,0.0261212825775146,0.0339349651336669,0.0092940301788961,1.0,NORMAL,0,0,0,0,21213829639,2922792458,16570514,6116747,5,5.0,0.006,0.0053333333333333,0.0005773502691867,0,25165824,0,5,0
0,1,1,0,5,5,1.0,50,0.0,69.28908668602787,0.0144322872161865,0.0143971443176269,0.0198075294494628,0.0228964042663574,0.004863401582644,1.0,NORMAL,0,0,0,0,21213832771,2922802826,16570562,6116832,5,5.0,0.006,0.0056666666666666,0.0005773502691867,0,25165824,0,5,0
0,1,1,0,5,5,1.0,50,0.0,81.65366869780209,0.0122468471527099,0.0106737613677978,0.0156753540039062,0.0183139610290527,0.0032026809138453,1.0,NORMAL,0,0,0,0,21213835903,2922813290,16570610,6116918,5,5.0,0.005,0.0056666666666666,0.0005773502691867,0,25165824,0,5,0
0,1,1,0,5,5,1.0,50,0.0,65.71919224839239,0.0152162551879882,0.0133976936340332,0.0202877521514892,0.0237407207489013,0.0045540007364959,1.0,NORMAL,0,0,0,0,21213839128,2922823811,16570659,6117005,5,5.0,0.005,0.0053333333333333,0.0005773502691867,0,25165824,0,5,0
0,1,1,0,5,5,1.0,50,0.0,81.56791972151456,0.0122597217559814,0.0116858482360839,0.0137842178344726,0.0145019340515136,0.0012937854876756,1.0,NORMAL,0,0,0,0,21213842560,2922835313,16570712,6117101,5,5.0,0.005,0.005,0.0,0,25165824,0,5,0
0,1,1,0,5,5,1.0,50,0.0,57.16382231162792,0.0174935817718505,0.0137455463409423,0.0274903774261474,0.0336375713348388,0.0087288839577478,1.0,NORMAL,0,0,0,0,21213845692,2922845821,16570760,6117188,5,5.0,0.005,0.005,0.0,0,25165824,0,5,0
0,1,1,0,5,5,1.0,50,0.0,78.5141423784654,0.0127365589141845,0.0113892555236816,0.0161581516265869,0.0165849018096923,0.0027885630298067,1.0,NORMAL,0,0,0,0,21213848764,2922856227,16570807,6117274,5,5.0,0.005,0.005,0.0,0,25165824,0,5,0
0,1,1,0,5,3,1.6666666666666667,50,0.0,12.975450519289762,0.0770686149597168,0.0762116909027099,0.1037621021270751,0.1063849163055419,0.0238165543971661,1.0,ATTACK,0,0,0,0,21213851896,2922866783,16570855,6117361,5,5.0,0.005,0.005,0.0,0,25165824,0,5,0
0,1,1,0,5,3,1.6666666666666667,50,0.0,13.611117601397748,0.0734693527221679,0.0638642311096191,0.1069336891174316,0.1309091186523437,0.0313098110449191,1.0,ATTACK,0,0,0,0,21213855925,2922880176,16570916,6117466,5,5.0,0.005,0.005,0.0,0,25165824,0,5,0
0,1,1,0,3,2,1.5,50,0.0,12.85128276778306,0.0778132438659668,0.0764269828796386,0.1076193332672119,0.1217283535003662,0.0268153100610673,1.0,ATTACK,0,0,0,0,21213859237,2922891806,16570967,6117555,5,5.0,0.058,0.0226666666666666,0.0305995642670501,0,25165824,0,5,0
0,1,1,0,2,4,0.5,50,0.0,8.707808390613023,0.1148394584655761,0.123711347579956,0.1458956241607666,0.1531278038024902,0.0290547029644159,1.0,ATTACK,0,0,0,0,21213895655,2922915586,16571078,6117700,5,5.0,0.07,0.0443333333333333,0.0345880518869353,0,14680064,0,5,0
0,1,1,0,4,5,0.8,50,0.0,11.3821312947932,0.0878570079803466,0.0745825767517089,0.1221341609954834,0.1233394813537597,0.0282207640648189,1.0,ATTACK,0,0,0,0,21213916466,2922934895,16571168,6117829,5,5.0,0.11,0.0793333333333333,0.0272274371422161,0,17825792,1,4,0
0,1,1,0,5,5,1.0,50,0.0,10.188945819336896,0.098145580291748,0.0789179801940918,0.1406709194183349,0.1631509208679199,0.0358093467885919,1.0,ATTACK,0,0,0,0,21213919838,2922946895,16571220,6117921,5,5.0,0.085,0.0883333333333333,0.0202072594216368,0,22020096,0,5,0
0,1,1,0,5,5,1.0,50,0.0,11.874198110910674,0.0842162132263183,0.0680720806121826,0.1140552997589111,0.1199579620361328,0.0236673647357019,1.0,ATTACK,0,0,0,0,21213923723,2922959572,16571280,6118022,5,5.0,0.085,0.0933333333333333,0.0144337567297406,0,22020096,0,5,0
0,1,1,0,5,5,1.0,50,0.0,13.342681652820213,0.074947452545166,0.0649924278259277,0.1089076519012451,0.1118716430664062,0.0291037287143608,1.0,ATTACK,0,0,0,0,21213927659,2922972374,16571340,6118120,5,5.0,0.071,0.0803333333333333,0.0080829037686547,0,25165824,0,5,0
0,1,1,0,5,5,1.0,50,0.0,12.661981006593775,0.0789765834808349,0.0848720073699951,0.090826940536499,0.0915365886688232,0.013257942845178,1.0,ATTACK,0,0,0,0,21213931407,2922984136,16571392,6118210,5,5.0,0.073,0.0763333333333333,0.0075718777944003,0,25165824,0,5,0
0,1,1,0,5,5,1.0,50,0.0,15.328971556841363,0.065235948562622,0.0716087818145752,0.0798347473144531,0.0799958515167236,0.0158465655324438,1.0,ATTACK,0,0,0,0,21213935711,2922996734,16571448,6118309,5,5.0,0.073,0.0723333333333333,0.0011547005383789,0,25165824,0,5,0
0,1,1,0,5,5,1.0,50,0.0,12.435798985165292,0.080413007736206,0.0823099613189697,0.1033879280090332,0.1044976329803466,0.0241110599997647,1.0,ATTACK,0,0,0,0,21213939023,2923008744,16571499,6118401,5,5.0,0.073,0.073,0.0,0,25165824,0,5,0
0,1,1,0,5,5,1.0,50,0.0,76.5671767124138,0.0130604267120361,0.0130195617675781,0.0149201869964599,0.0150028419494628,0.0016583523458615,1.0,NORMAL,0,0,0,0,21213943172,2923022611,16571562,6118514,5,5.0,0.072,0.0726666666666666,0.0005773502691889,0,25165824,0,5,0
0,1,1,0,5,5,1.0,50,0.0,99.6281199821376,0.0100373268127441,0.0098612308502197,0.0107044696807861,0.0110038471221923,0.0005649200236964,1.0,NORMAL,0,0,0,0,21213946424,2923033077,16571612,6118600,5,5.0,0.041,0.062,0.0181934053986602,0,25165824,0,5,0
0,1,1,0,5,5,1.0,50,0.0,89.57288320918472,0.0111640930175781,0.010744571685791,0.0131228923797607,0.0143287277221679,0.0017434116148281,1.0,NORMAL,0,0,0,0,21213949796,2923044469,16571664,6118694,5,5.0,0.005,0.0393333333333333,0.0335310801098522,0,25165824,0,5,0
0,1,1,0,5,5,1.0,50,0.0,61.67078363563648,0.0162151336669921,0.0136528015136718,0.0252741336822509,0.0293694591522216,0.0075502313949566,1.0,NORMAL,0,0,0,0,21213952868,2923054751,16571711,6118778,5,5.0,0.005,0.017,0.0207846096908264,0,25165824,0,5,0
0,1,1,0,5,5,1.0,50,0.0,103.00303043698214,0.0097084522247314,0.0097768306732177,0.0100587368011474,0.0100775337219238,0.0003360611962076,1.0,NORMAL,0,0,0,0,21213956000,2923065119,16571759,6118864,5,5.0,0.005,0.005,0.0,0,25165824,0,5,0
0,1,1,0,5,5,1.0,50,0.0,80.09318703478091,0.0124854564666748,0.0108795166015625,0.01669602394104,0.018029146194458,0.0033877786573903,1.0,NORMAL,0,0,0,0,21213959907,2923075950,16571813,6118955,5,5.0,0.006,0.0053333333333333,0.0005773502691856,0,25165824,0,5,0
0,1,1,0,5,5,1.0,50,0.0,110.89763996044567,0.0090173244476318,0.0090057849884033,0.009232473373413,0.0093666267395019,0.0001960566642507,1.0,NORMAL,0,0,0,0,21213963132,2923086239,16571862,6119040,5,5.0,0.005,0.0053333333333333,0.0005773502691856,0,25165824,0,5,0
0,1,1,0,5,5,1.0,50,0.0,55.31922975468214,0.0180768966674804,0.0165209770202636,0.0277911663055419,0.0338028335571289,0.0086822037994627,1.0,NORMAL,0,0,0,0,21213966702,2923097795,16571917,6119136,5,5.0,0.005,0.0053333333333333,0.0005773502691856,0,25165824,0,5,0
0,1,1,0,5,5,1.0,50,0.0,61.92664424436957,0.0161481380462646,0.0137782096862792,0.0252724170684814,0.0309983539581298,0.0080775703439254,1.0,NORMAL,0,0,0,0,21213969774,2923108061,16571964,6119221,5,5.0,0.005,0.005,0.0,0,25165824,0,5,0
0,1,1,0,5,5,1.0,50,0.0,83.49698405430694,0.0119764804840087,0.0109858512878417,0.0156356334686279,0.01745361328125,0.0031017604296159,1.0,NORMAL,0,0,0,0,21213972966,2923118581,16572013,6119309,5,5.0,0.005,0.005,0.0,0,25165824,0,5,0
0,1,1,0,5,5,1.0,50,0.0,88.0150416330916,0.0113616943359375,0.0108256340026855,0.0136100769042968,0.0145956707000732,0.0018811398651625,1.0,NORMAL,0,0,0,0,21213976038,2923128933,16572060,6119394,5,5.0,0.005,0.005,0.0,0,25165824,0,5,0
0,1,1,0,5,5,1.0,50,0.0,48.24332935360464,0.0207282543182373,0.0135579109191894,0.0368308067321777,0.047636547088623,0.0143304771448056,1.0,NORMAL,0,0,0,0,21213979707,2923140490,16572115,6119490,5,5.0,0.006,0.0053333333333333,0.0005773502691856,0,25165824,0,5,0
0,1,1,0,5,4,1.25,50,0.0,12.140293881492228,0.0823703289031982,0.0937232971191406,0.0959217071533203,0.0970545005798339,0.0156339038626776,1.0,ATTACK,0,0,0,0,21213982959,2923150978,16572165,6119578,5,5.0,0.006,0.0056666666666666,0.0005773502691857,0,25165824,0,5,0
0,1,1,0,4,2,2.0,50,0.0,18.04009479610665,0.0554320812225341,0.0474112033843994,0.0724856376647949,0.0754367542266845,0.0136091861796442,1.0,ATTACK,0,0,0,0,21213986331,2923163004,16572217,6119670,5,5.0,0.043,0.0183333333333333,0.021361959960016,0,25165824,0,5,0
0,1,1,0,4,2,2.0,50,0.0,10.730254207239046,0.0931944370269775,0.0734539031982421,0.1357758998870849,0.1580252742767334,0.0356924476150531,1.0,ATTACK,0,0,0,0,21213989523,2923174504,16572266,6119757,5,5.0,0.043,0.0306666666666666,0.021361959960016,0,25165824,0,5,0
0,1,1,0,2,4,0.5,50,0.0,11.240027677298988,0.088967752456665,0.1015393733978271,0.1037482738494873,0.105038137435913,0.017363358416598,1.0,ATTACK,0,0,0,0,21214026384,2923199130,16572383,6119907,6,5.333333333333333,0.072,0.0526666666666666,0.016743157806499,0,19922944,0,6,0
0,1,1,0,4,5,0.8,50,0.0,11.138959737995812,0.0897749900817871,0.0850367546081543,0.129120397567749,0.1410570430755615,0.0332569989360891,1.0,ATTACK,0,0,0,0,21214046877,2923217605,16572469,6120032,5,5.333333333333333,0.104,0.073,0.0305122926047847,0,17825792,0,5,0
0,1,1,0,5,5,1.0,50,0.0,17.35985437652674,0.057604169845581,0.0455255508422851,0.0873074054718017,0.1017121982574462,0.0249756465940195,1.0,ATTACK,0,0,0,0,21214050333,2923229503,16572521,6120123,5,5.333333333333333,0.101,0.0923333333333333,0.0176729548557487,0,22020096,0,5,0
0,1,1,0,5,5,1.0,50,0.0,11.526220388224653,0.0867587089538574,0.0723650455474853,0.123379898071289,0.1366783332824707,0.0298449548061708,1.0,ATTACK,0,0,0,0,21214054125,2923242221,16572580,6120224,5,5.0,0.101,0.102,0.0017320508075688,0,22020096,0,5,0
0,1,1,0,5,5,1.0,50,0.0,11.19048051012513,0.0893616676330566,0.0782022476196289,0.1218234539031982,0.1323523902893066,0.0262539953298336,1.0,ATTACK,0,0,0,0,21214058007,2923255489,16572640,6120327,5,5.0,0.085,0.0956666666666666,0.009237604307034,0,22020096,0,5,0
0,1,1,0,5,5,1.0,50,0.0,17.241168960252818,0.0580007076263427,0.0602140426635742,0.0720231056213378,0.0786413383483886,0.0133296012411034,1.0,ATTACK,0,0,0,0,21214061703,2923267565,16572696,6120420,5,5.0,0.072,0.086,0.0145258390463339,0,22020096,0,5,0
0,1,1,0,5,5,1.0,50,0.0,9.816721012813709,0.1018670082092285,0.102421760559082,0.1307326793670654,0.1421293640136718,0.025697389285039,1.0,ATTACK,0,0,0,0,21214065348,2923280002,16572752,6120517,5,5.0,0.072,0.0763333333333333,0.0075055534994651,0,22020096,0,5,0
0,1,1,0,5,5,1.0,50,0.0,12.077432789955438,0.0827990531921386,0.0920109748840332,0.0995837688446044,0.0996229076385498,0.0251799863924001,1.0,ATTACK,0,0,0,0,21214068903,2923292088,16572804,6120610,5,5.0,0.073,0.0723333333333333,0.0005773502691897,0,22020096,0,5,0
0,1,1,0,5,5,1.0,50,0.0,78.46743295019157,0.012744140625,0.0124704837799072,0.0145015239715576,0.0153592300415039,0.0015145518902655,1.0,NORMAL,0,0,0,0,21214073139,2923305932,16572869,6120723,5,5.0,0.073,0.0726666666666666,0.0005773502691897,0,22020096,0,5,0
0,1,1,0,5,5,1.0,50,0.0,77.5605516496603,0.0128931522369384,0.0110599994659423,0.0173305511474609,0.0185550117492675,0.0035549162986874,1.0,NORMAL,0,0,0,0,21214076707,2923316390,16572918,6120810,5,5.0,0.054,0.0666666666666666,0.0109696551146028,0,22020096,0,5,0
0,1,1,0,5,5,1.0,50,0.0,69.23053053086097,0.0144444942474365,0.0153620243072509,0.0174690723419189,0.0184205913543701,0.003035309028385,1.0,NORMAL,0,0,0,0,21214080567,2923326964,16572968,6120898,5,5.0,0.005,0.044,0.0350856095856976,0,22020096,0,5,0
0,1,1,0,5,5,1.0,50,0.0,89.60273445844905,0.0111603736877441,0.0109398365020751,0.0120482921600341,0.0122175502777099,0.0007284153878103,1.0,NORMAL,0,0,0,0,21214084296,2923338581,16573024,6120996,5,5.0,0.005,0.0213333333333333,0.0282901631902916,0,22020096,0,5,0
0,1,1,0,5,5,1.0,50,0.0,64.74529804759376,0.0154451370239257,0.0116729736328125,0.02347993850708,0.027871036529541,0.0067839208713453,1.0,NORMAL,0,0,0,0,21214087488,2923349139,16573073,6121084,5,5.0,0.005,0.005,0.0,0,22020096,0,5,0
0,1,1,0,5,5,1.0,50,0.0,65.49752020687846,0.0152677536010742,0.016017198562622,0.0202180862426757,0.0206741046905517,0.0045278370221865,1.0,NORMAL,0,0,0,0,21214090560,2923359497,16573120,6121169,5,5.0,0.005,0.005,0.0,0,22020096,0,5,0
0,1,1,0,5,5,1.0,50,0.0,57.35314065679218,0.0174358367919921,0.0136129856109619,0.0258738994598388,0.0324146270751953,0.0078962508536357,1.0,NORMAL,0,0,0,0,21214093692,2923369891,16573168,6121254,5,5.0,0.005,0.005,0.0,0,22020096,0,5,0
0,1,1,0,5,5,1.0,50,0.0,66.57308382140533,0.0150210857391357,0.012286901473999,0.0208480358123779,0.0219629764556884,0.0046883546758752,1.0,NORMAL,0,0,0,0,21214097004,2923381069,16573219,6121346,5,5.0,0.005,0.005,0.0,0,22020096,0,5,0
0,1,1,0,5,5,1.0,50,0.0,59.5842756645566,0.0167829513549804,0.0142879486083984,0.025495433807373,0.0306929969787597,0.0076558357150327,1.0,NORMAL,0,0,0,0,21214100136,2923391379,16573267,6121432,5,5.0,0.005,0.005,0.0,0,23068672,0,5,0
0,1,1,0,5,5,1.0,50,0.0,83.456114100156,0.0119823455810546,0.0117502212524414,0.0126027584075927,0.0127690982818603,0.0005019392456592,1.0,NORMAL,0,0,0,0,21214104136,2923402179,16573322,6121523,5,5.0,0.006,0.0053333333333333,0.0005773502691909,0,23068672,0,5,0
0,1,1,0,5,5,1.0,50,0.0,98.85791324515174,0.0101155281066894,0.0103821754455566,0.0105602264404296,0.0106415939331054,0.0004979962408004,1.0,NORMAL,0,0,0,0,21214107208,2923412499,16573369,6121608,5,5.0,0.005,0.0053333333333333,0.0005773502691909,0,23068672,0,5,0
0,1,1,0,5,5,1.0,50,0.0,62.70637483554599,0.0159473419189453,0.0138380527496337,0.0250085353851318,0.0306007480621337,0.0080141288712895,1.0,NORMAL,0,0,0,0,21214110478,2923422897,16573419,6121695,5,5.0,0.005,0.0053333333333333,0.0005773502691909,0,23068672,0,5,0
0,1,1,0,1,1,1.0,50,0.0,8.363961079490956,0.1195605754852295,0.0898678302764892,0.1909581184387207,0.2048956489562988,0.0571652853620863,1.0,ATTACK,0,0,0,0,21214169093,2923611976,16574311,6123277,1,1.0,0.001,0.001,0.0,0,5242880,0,1,0
0,1,1,0,1,2,0.5,50,0.0,9.96402378649172,0.1003610610961914,0.1171379089355468,0.1233903408050537,0.1243650341033935,0.0255395888742717,1.0,ATTACK,0,0,0,0,21214189784,2923630393,16574398,6123401,2,1.5,0.03,0.0155,0.0205060966544098,0,5242880,1,1,0
0,1,1,0,2,4,0.5,50,0.0,10.87124342044558,0.09198579788208,0.0899808406829834,0.1323049068450927,0.1433290004730224,0.0348373904114456,1.0,ATTACK,0,0,0,0,21214194216,2923643812,16574458,6123505,2,1.6666666666666667,0.087,0.0393333333333333,0.0437530951286115,0,9437184,0,2,0
0,1,1,0,2,4,0.5,50,0.0,7.6085905173430275,0.1314303874969482,0.1387660503387451,0.1596880435943603,0.1715294170379638,0.0266826456898736,1.0,ATTACK,0,0,0,0,21214231137,2923668684,16574576,6123657,4,2.6666666666666665,0.087,0.068,0.0329089653438086,0,9437184,0,4,0
0,1,1,0,4,5,0.8,50,0.0,6.458836754492678,0.1548266410827636,0.1352100372314453,0.1881998538970947,0.188264570236206,0.0273685254471694,1.0,ATTACK,0,0,0,0,21214251623,2923686803,16574662,6123779,5,3.6666666666666665,0.084,0.086,0.001732050807569,0,13631488,0,5,0
0,1,1,0,5,5,1.0,50,0.0,64.20848948000098,0.0155742645263671,0.0136358737945556,0.0207558155059814,0.022742109298706,0.0042415803676377,1.0,NORMAL,0,0,0,0,21214256219,2923701899,16574733,6123900,5,4.666666666666667,0.1,0.0903333333333333,0.0085049005481154,0,22020096,0,5,0
0,1,1,0,5,5,1.0,50,0.0,68.145548601769,0.0146744728088378,0.0103309154510498,0.0222694873809814,0.0227385520935058,0.0061232586231668,1.0,NORMAL,0,0,0,0,21214259624,2923712504,16574785,6123989,5,5.0,0.074,0.086,0.013114877048604,0,25165824,0,5,0
0,1,1,0,5,5,1.0,50,0.0,75.52895246738841,0.0132399559020996,0.0112953186035156,0.0178471088409423,0.0206080245971679,0.0039788738812604,1.0,NORMAL,0,0,0,0,21214263056,2923723994,16574838,6124084,5,5.0,0.021,0.065,0.0402616442783947,0,25165824,0,5,0
0,1,1,0,5,5,1.0,50,0.0,57.85103266401661,0.0172857761383056,0.0157904624938964,0.025038719177246,0.0281144618988037,0.0065074548801172,1.0,NORMAL,0,0,0,0,21214267241,2923735295,16574892,6124177,5,5.0,0.021,0.0386666666666666,0.0305995642670501,0,25165824,0,5,0
0,1,1,0,5,5,1.0,50,0.0,76.90721195807632,0.0130026817321777,0.0143790245056152,0.0152195453643798,0.0153040027618408,0.0023750045684499,1.0,NORMAL,0,0,0,0,21214270373,2923745599,16574940,6124262,5,5.0,0.005,0.0156666666666666,0.0092376043070339,0,25165824,0,5,0
0,1,1,0,5,5,1.0,50,0.0,55.39579899412536,0.0180519104003906,0.0125849246978759,0.0286481380462646,0.0323980808258056,0.0084947716625721,1.0,NORMAL,0,0,0,0,21214282668,2923765633,16575037,6124395,5,5.0,0.005,0.0103333333333333,0.0092376043070339,0,25165824,0,5,0
0,1,1,0,5,5,1.0,50,0.0,78.64044758433455,0.0127161026000976,0.0132474899291992,0.0147589206695556,0.0149824237823486,0.0019435179548398,1.0,NORMAL,0,0,0,0,21214285740,2923776071,16575084,6124481,5,5.0,0.005,0.005,0.0,0,25165824,0,5,0
0,1,1,0,5,5,1.0,50,0.0,75.47811941018323,0.013248872756958,0.0121679306030273,0.0158190250396728,0.0173260402679443,0.0022328976336886,1.0,NORMAL,0,0,0,0,21214289256,2923787491,16575137,6124575,5,5.0,0.005,0.005,0.0,0,25165824,0,5,0
0,1,1,0,5,5,1.0,50,0.0,56.05949306858704,0.0178381919860839,0.0137104988098144,0.0272286891937255,0.0314175701141357,0.0076978178956487,1.0,NORMAL,0,0,0,0,21214292388,2923797789,16575185,6124660,5,5.0,0.005,0.005,0.0,0,25165824,0,5,0
0,1,1,0,5,5,1.0,50,0.0,57.61264144567854,0.0173573017120361,0.0119509696960449,0.0282817363739013,0.0354659366607666,0.0096525854614746,1.0,NORMAL,0,0,0,0,21214295460,2923808001,16575232,6124744,5,5.0,0.005,0.005,0.0,0,25165824,0,5,0
0,1,1,0,5,5,1.0,50,0.0,76.19939030372176,0.0131234645843505,0.0117473602294921,0.0164258956909179,0.018329792022705,0.0028276583171068,1.0,NORMAL,0,0,0,0,21214298532,2923818347,16575279,6124829,5,5.0,0.005,0.005,0.0,0,25165824,0,5,0
0,1,1,0,5,5,1.0,50,0.0,81.1720125871365,0.0123195171356201,0.011765718460083,0.0138752460479736,0.0140211582183837,0.0012894206346549,1.0,NORMAL,0,0,0,0,21214302370,2923830019,16575337,6124928,5,5.0,0.005,0.005,0.0,0,25165824,0,5,0
0,1,1,0,5,2,2.5,50,0.0,12.336413193417055,0.0810608386993408,0.0794510841369628,0.1013803005218505,0.1099670600891113,0.0174204855368464,1.0,ATTACK,0,0,0,0,21214305562,2923840603,16575386,6125016,5,5.0,0.005,0.005,0.0,0,25165824,0,5,0
0,1,1,0,5,2,2.5,50,0.0,9.087486610253512,0.1100414276123046,0.1099658012390136,0.1378734588623046,0.1516395854949951,0.0249745688541835,1.0,ATTACK,0,0,0,0,21214309318,2923853853,16575443,6125118,5,5.0,0.005,0.005,0.0,0,25165824,0,5,0
0,1,1,0,2,3,0.6666666666666666,50,0.0,10.147272362178626,0.0985486507415771,0.0987865924835205,0.131155252456665,0.1455121517181396,0.0303983034982166,1.0,ATTACK,0,0,0,0,21214329685,2923872202,16575527,6125240,6,5.333333333333333,0.037,0.0156666666666666,0.018475208614068,0,26214400,0,6,0
0,1,1,0,3,5,0.6,50,0.0,7.516948648301837,0.1330327033996582,0.1163249015808105,0.185378360748291,0.1909403610229492,0.0428778412445904,1.0,ATTACK,0,0,0,0,21214366403,2923896956,16575643,6125391,5,5.333333333333333,0.091,0.0443333333333333,0.0434664621672081,0,14680064,1,4,0
0,1,1,0,5,5,1.0,50,0.0,9.874908062181516,0.1012667655944824,0.1067454814910888,0.1522006511688232,0.1767051410675048,0.0462468300811086,1.0,ATTACK,0,0,0,0,21214370565,2923909632,16575705,6125491,5,5.333333333333333,0.085,0.071,0.0295972971738974,0,14680064,0,5,0
0,1,1,0,5,5,1.0,50,0.0,14.888845818255652,0.0671643733978271,0.0528013706207275,0.1006430625915527,0.1008504295349121,0.0277159699346949,1.0,ATTACK,0,0,0,0,21214374357,2923922776,16575764,6125592,5,5.0,0.087,0.0876666666666666,0.0030550504633039,0,24117248,0,5,0
0,1,1,0,5,5,1.0,50,0.0,61.36167996512264,0.0162968158721923,0.0100195407867431,0.0264304161071777,0.0277420806884765,0.0080611185671722,1.0,NORMAL,0,0,0,0,21214378473,2923935620,16575827,6125699,5,5.0,0.087,0.0863333333333333,0.0011547005383792,0,24117248,0,5,0
0,1,1,0,5,5,1.0,50,0.0,70.75721944619703,0.0141328334808349,0.0108547210693359,0.0211337566375732,0.0266873455047607,0.0066114582038004,1.0,NORMAL,0,0,0,0,21214381605,2923945924,16575875,6125784,5,5.0,0.038,0.0706666666666666,0.0282901631902916,0,25165824,0,5,0
0,1,1,0,5,5,1.0,50,0.0,56.34688032327922,0.0177472114562988,0.0154378414154052,0.0261899471282959,0.0304957294464111,0.0071829841989658,1.0,NORMAL,0,0,0,0,21214385182,2923956614,16575930,6125875,5,5.0,0.005,0.0433333333333333,0.041259342376404,0,25165824,0,5,0
0,1,1,0,5,5,1.0,50,0.0,87.76824501343422,0.0113936424255371,0.011589765548706,0.0119350433349609,0.0120532321929931,0.0005994607145337,1.0,NORMAL,0,0,0,0,21214388647,2923968277,16575983,6125971,5,5.0,0.005,0.016,0.0190525588832576,0,25165824,0,5,0
0,1,1,0,5,5,1.0,50,0.0,88.04127606517186,0.0113583087921142,0.0106077194213867,0.0133864879608154,0.0147400379180908,0.0018101317441162,1.0,NORMAL,0,0,0,0,21214392215,2923978901,16576032,6126059,5,5.0,0.005,0.005,0.0,0,25165824,0,5,0
0,1,1,0,5,5,1.0,50,0.0,66.5781562012883,0.015019941329956,0.0123372077941894,0.0230794429779052,0.0282243061065673,0.0071169933396769,1.0,NORMAL,0,0,0,0,21214396135,2923989551,16576083,6126148,5,5.0,0.005,0.005,0.0,0,25165824,0,5,0
0,1,1,0,5,5,1.0,50,0.0,70.4763953113238,0.0141891479492187,0.0108301639556884,0.0207164287567138,0.0233733177185058,0.0052934400442749,1.0,NORMAL,0,0,0,0,21214399207,2923999887,16576130,6126233,5,5.0,0.005,0.005,0.0,0,25165824,0,5,0
0,1,1,0,5,5,1.0,50,0.0,76.24787306758192,0.013115119934082,0.0099489688873291,0.0198826313018798,0.0242473793029785,0.0059588366219626,1.0,NORMAL,0,0,0,0,21214402279,2924010217,16576177,6126318,5,5.0,0.005,0.005,0.0,0,25165824,0,5,0
0,1,1,0,5,5,1.0,50,0.0,85.56137165704494,0.0116875171661376,0.0113146305084228,0.0140136241912841,0.0155902481079101,0.0021671721900014,1.0,NORMAL,0,0,0,0,21214405948,2924021812,16576232,6126415,5,5.0,0.005,0.005,0.0,0,26214400,0,5,0
0,1,1,0,5,5,1.0,50,0.0,87.94712651390613,0.0113704681396484,0.0098264217376708,0.014531660079956,0.0147592830657958,0.0025585525982924,1.0,NORMAL,0,0,0,0,21214409140,2924032274,16576281,6126503,5,5.0,0.005,0.005,0.0,0,26214400,0,5,0
0,1,1,0,5,5,1.0,50,0.0,68.01735825068272,0.0147021293640136,0.0133440494537353,0.0198345184326171,0.0224403381347656,0.0043563779499564,1.0,NORMAL,0,0,0,0,21214412212,2924042530,16576328,6126588,5,5.0,0.005,0.005,0.0,0,26214400,0,5,0
0,1,1,0,5,3,1.6666666666666667,50,0.0,102.53317296879736,0.0097529411315917,0.009598970413208,0.0100328922271728,0.0100680828094482,0.0002240653899555,1.0,NORMAL,0,0,0,0,21214415344,2924053064,16576376,6126674,5,5.0,0.005,0.005,0.0,0,26214400,0,5,0
0,1,1,0,3,2,1.5,50,0.0,7.747173059375912,0.1290793418884277,0.125009536743164,0.1672214031219482,0.1764777278900146,0.0332299841895843,1.0,ATTACK,0,0,0,0,21214419431,2924064911,16576433,6126771,5,5.0,0.005,0.005,0.0,0,26214400,0,5,0
0,1,1,0,2,2,1.0,50,0.0,7.403997727769404,0.1350621700286865,0.1309711933135986,0.1530885696411132,0.1642452716827392,0.0159849385034617,1.0,ATTACK,0,0,0,0,21214423406,2924078113,16576492,6126873,5,5.0,0.003,0.0043333333333333,0.001154700538379,0,15728640,0,5,0
0,1,1,0,2,2,1.0,50,0.0,10.002213014048824,0.0999778747558593,0.1243419647216796,0.1268841743469238,0.1270277690887451,0.0319151895835001,1.0,ATTACK,0,0,0,0,21214427453,2924090788,16576553,6126972,3,4.333333333333333,0.053,0.0203333333333333,0.0283078316607495,0,15728640,0,3,0
0,1,1,0,2,4,0.5,50,0.0,7.435311803100836,0.134493350982666,0.1210865974426269,0.1718832969665527,0.1756922912597656,0.0310540478671455,1.0,ATTACK,0,0,0,0,21214464170,2924115462,16576669,6127123,4,4.0,0.052,0.036,0.0285832118559128,0,10485760,0,4,0
0,1,1,0,4,5,0.8,50,0.0,9.53279940798197,0.1049009799957275,0.0878224372863769,0.1556591510772705,0.1876399230957031,0.0446865649499581,1.0,ATTACK,0,0,0,0,21214484802,2924133973,16576756,6127247,5,4.0,0.067,0.0573333333333333,0.008386497083606,0,10485760,0,5,0
0,1,1,0,5,5,1.0,50,0.0,72.90561892279935,0.0137163639068603,0.0149900913238525,0.0165274620056152,0.0172593402862548,0.00277094631965,1.0,NORMAL,0,0,0,0,21214489278,2924148695,16576825,6127362,5,4.666666666666667,0.1,0.073,0.0245560583156173,0,18874368,0,5,0
0,1,1,0,5,5,1.0,50,0.0,54.31305568432857,0.0184117794036865,0.0152919292449951,0.0280037879943847,0.0354804134368896,0.0090652626572622,1.0,NORMAL,0,0,0,0,21214492743,2924160208,16576878,6127457,5,5.0,0.088,0.085,0.01670329308849,0,24117248,0,5,0
0,1,1,0,5,5,1.0,50,0.0,59.82103482604094,0.0167165279388427,0.0154817104339599,0.0262361049652099,0.0322950649261474,0.0086053994645771,1.0,NORMAL,0,0,0,0,21214496055,2924170764,16576929,6127546,5,5.0,0.088,0.092,0.0069282032302755,0,24117248,0,5,0
0,1,1,0,5,5,1.0,50,0.0,63.647267341636926,0.0157115936279296,0.0120422840118408,0.0246696949005126,0.0299175548553466,0.0077143395137115,1.0,NORMAL,0,0,0,0,21214499187,2924181154,16576977,6127631,5,5.0,0.036,0.0706666666666666,0.0300222139978605,0,24117248,0,5,0
0,1,1,0,5,5,1.0,50,0.0,76.00965546236762,0.0131562232971191,0.0137338638305664,0.0155146121978759,0.0162252902984619,0.0021745764616182,1.0,NORMAL,0,0,0,0,21214502319,2924191446,16577025,6127715,5,5.0,0.005,0.043,0.0419404339510215,0,24117248,0,5,0
0,1,1,0,5,5,1.0,50,0.0,94.76896936612876,0.0105519771575927,0.0104358196258544,0.0112557888031005,0.01173189163208,0.00067020997573,1.0,NORMAL,0,0,0,0,21214505631,2924202822,16577076,6127808,5,5.0,0.005,0.0153333333333333,0.0178978583448783,0,26214400,0,5,0
0,1,1,0,5,5,1.0,50,0.0,93.58985000825602,0.0106849193572998,0.0112135410308837,0.011953592300415,0.0122106552124023,0.0012388562068773,1.0,NORMAL,0,0,0,0,21214508703,2924213244,16577123,6127894,5,5.0,0.005,0.005,0.0,0,26214400,0,5,0
0,1,1,0,5,5,1.0,50,0.0,62.34713869077525,0.016039228439331,0.0131683349609375,0.0235812187194824,0.0264229011535644,0.0061411532337421,1.0,NORMAL,0,0,0,0,21214512048,2924223793,16577174,6127982,5,5.0,0.005,0.005,0.0,0,26214400,0,5,0
0,1,1,0,5,5,1.0,50,0.0,69.50587127928597,0.0143872737884521,0.0138394832611083,0.0205076217651367,0.0229063320159912,0.0052090453000365,1.0,NORMAL,0,0,0,0,21214515180,2924234193,16577222,6128067,5,5.0,0.005,0.005,0.0,0,26214400,0,5,0
0,1,1,0,5,5,1.0,50,0.0,89.65904669884524,0.0111533641815185,0.0106236934661865,0.012242841720581,0.0129438209533691,0.0009561626467976,1.0,NORMAL,0,0,0,0,21214518372,2924244781,16577271,6128154,5,5.0,0.005,0.005,0.0,0,26214400,0,5,0
0,1,1,0,5,5,1.0,50,0.0,71.17313468293428,0.0140502452850341,0.0132133960723876,0.0171146869659423,0.0173298645019531,0.0025977480290629,1.0,NORMAL,0,0,0,0,21214521684,2924256071,16577322,6128246,5,5.0,0.005,0.005,0.0,0,26214400,0,5,0
0,1,1,0,5,5,1.0,50,0.0,57.250587615441525,0.0174670696258544,0.0143008232116699,0.0281691074371337,0.0345285606384277,0.0093224827017638,1.0,NORMAL,0,0,0,0,21214524876,2924266639,16577371,6128334,5,5.0,0.005,0.005,0.0,0,26214400,0,5,0
0,1,1,0,1,1,1.0,50,0.0,13.949459655592385,0.071687364578247,0.0716896057128906,0.1061969757080078,0.1149383163452148,0.030894730019585,1.0,ATTACK,0,0,0,0,21214593238,2924463792,16578299,6129955,1,1.0,0.001,0.001,0.0,0,5242880,0,1,0
0,1,1,0,1,1,1.0,50,0.0,22.04002017824113,0.0453720092773437,0.0482685565948486,0.0607637882232666,0.0665803623199462,0.0140751327253339,1.0,ATTACK,0,0,0,0,21214596670,2924476188,16578352,6130050,1,1.0,0.001,0.001,0.0,0,5242880,0,1,0
0,1,1,0,1,1,1.0,50,0.0,22.57084493005375,0.0443049430847167,0.0455894470214843,0.0548389911651611,0.057076940536499,0.0094904261263805,1.0,ATTACK,0,0,0,0,21214600042,2924488332,16578404,6130143,1,1.0,0.001,0.001,0.0,0,5242880,0,1,0
0,1,1,0,1,2,0.5,50,0.0,14.901668197938362,0.0671065807342529,0.0586426258087158,0.091030740737915,0.0977560901641845,0.0194633280009801,1.0,ATTACK,0,0,0,0,21214603871,2924500689,16578461,6130240,2,1.3333333333333333,0.055,0.019,0.0311769145362397,0,5242880,1,1,0
0,1,1,0,1,2,0.5,50,0.0,20.58121778590804,0.0485879898071289,0.0421469211578369,0.0716280460357666,0.0772107315063476,0.018833107322603,1.0,ATTACK,0,0,0,0,21214624177,2924518480,16578544,6130357,2,1.6666666666666667,0.067,0.041,0.0351567916624938,0,5242880,0,2,0
0,1,1,0,2,4,0.5,50,0.0,15.512615198894002,0.0644636631011962,0.072904348373413,0.0812465190887451,0.0812659168243408,0.0177562449071295,1.0,ATTACK,0,0,0,0,21214660593,2924542216,16578655,6130500,4,2.6666666666666665,0.067,0.063,0.0069282032302755,0,5242880,0,4,0
0,1,1,0,4,5,0.8,50,0.0,84.36798995864378,0.0118528366088867,0.0115137100219726,0.0131500244140625,0.0140964794158935,0.0012125345316072,1.0,NORMAL,0,0,0,0,21214681884,2924562181,16578753,6130640,5,3.6666666666666665,0.066,0.0666666666666666,0.00057735026919,0,9437184,0,5,0
0,1,1,0,5,5,1.0,50,0.0,98.14175940398528,0.0101893424987792,0.0098171234130859,0.0108068466186523,0.0108928489685058,0.0004908290206652,1.0,NORMAL,0,0,0,0,21214685076,2924572609,16578802,6130726,5,4.666666666666667,0.062,0.065,0.0026457513110646,0,17825792,0,5,0
0,1,1,0,5,5,1.0,50,0.0,57.244805485494666,0.0174688339233398,0.0132861137390136,0.0272634506225585,0.032764081954956,0.0083367328257491,1.0,NORMAL,0,0,0,0,21214688881,2924583750,16578860,6130822,5,5.0,0.005,0.0443333333333333,0.0341223289552945,0,23068672,0,5,0
0,1,1,0,5,5,1.0,50,0.0,82.4835300549457,0.0121236324310302,0.0097372531890869,0.0164410591125488,0.0168751907348632,0.0034555598626695,1.0,NORMAL,0,0,0,0,21214692193,2924594476,16578911,6130911,5,5.0,0.005,0.0239999999999999,0.0329089653438086,0,23068672,0,5,0
0,1,1,0,5,5,1.0,50,0.0,103.13270550050407,0.0096962451934814,0.0099561214447021,0.0104190349578857,0.0106645965576171,0.0006910939462971,1.0,NORMAL,0,0,0,0,21214695505,2924605836,16578962,6131004,5,5.0,0.005,0.005,0.0,0,24117248,0,5,0
0,1,1,0,5,5,1.0,50,0.0,71.39362372125483,0.0140068531036376,0.0101511478424072,0.0212763786315917,0.0245766544342041,0.0059487669277868,1.0,NORMAL,0,0,0,0,21214698637,2924616216,16579010,6131090,5,5.0,0.005,0.005,0.0,0,24117248,0,5,0
0,1,1,0,5,5,1.0,50,0.0,57.30800341035787,0.0174495697021484,0.0128543376922607,0.0291954040527343,0.0384294128417968,0.0110816466636941,1.0,NORMAL,0,0,0,0,21214701769,2924626542,16579058,6131176,5,5.0,0.005,0.005,0.0,0,24117248,0,5,0
0,1,1,0,5,5,1.0,50,0.0,65.64760092156666,0.0152328491210937,0.0143530368804931,0.0175470352172851,0.0177745723724365,0.0019010007810437,1.0,NORMAL,0,0,0,0,21214705670,2924637398,16579112,6131268,5,5.0,0.005,0.005,0.0,0,24117248,0,5,0
0,1,1,0,5,5,1.0,50,0.0,81.50736894471737,0.0122688293457031,0.0109214782714843,0.0160434246063232,0.0186882972717285,0.003429606367115,1.0,NORMAL,0,0,0,0,21214710034,2924649274,16579169,6131365,5,5.0,0.005,0.005,0.0,0,24117248,0,5,0
0,1,1,0,5,5,1.0,50,0.0,85.28648406840318,0.0117251873016357,0.0114641189575195,0.012587833404541,0.0129145908355712,0.0007141921559821,1.0,NORMAL,0,0,0,0,21214713166,2924659718,16579217,6131451,5,5.0,0.005,0.005,0.0,0,24117248,0,5,0
0,1,1,0,5,5,1.0,50,0.0,55.17673957256255,0.0181235790252685,0.0134177207946777,0.0297808647155761,0.0356984615325927,0.0097771475558922,1.0,NORMAL,0,0,0,0,21214716238,2924670080,16579264,6131536,5,5.0,0.005,0.005,0.0,0,24117248,0,5,0
0,1,1,0,5,5,1.0,50,0.0,65.95087220546752,0.0151628017425537,0.012000560760498,0.0232312679290771,0.0281497955322265,0.0070120013421813,1.0,NORMAL,0,0,0,0,21214719310,2924680416,16579311,6131621,5,5.0,0.005,0.005,0.0,0,24117248,0,5,0
0,1,1,0,5,5,1.0,50,0.0,19.064203620390764,0.0524543285369873,0.0510807037353515,0.069635534286499,0.0787044906616211,0.0151380537672741,1.0,ATTACK,0,0,0,0,21214722622,2924691786,16579362,6131714,5,5.0,0.005,0.005,0.0,0,24117248,0,5,0
0,1,1,0,5,2,2.5,50,0.0,16.893905584654323,0.059192943572998,0.0679831504821777,0.0702282905578613,0.0711636734008789,0.0193445482803066,1.0,ATTACK,0,0,0,0,21214726327,2924704133,16579419,6131810,5,5.0,0.005,0.005,0.0,0,24117248,0,5,0
0,1,1,0,2,3,0.6666666666666666,50,0.0,13.660661709146051,0.073202896118164,0.070911169052124,0.0893588542938232,0.0957710075378417,0.0152441314618331,1.0,ATTACK,0,0,0,0,21214746838,2924722130,16579504,6131930,6,5.333333333333333,0.034,0.0146666666666666,0.0167431578064991,0,25165824,0,6,0
0,1,1,0,3,5,0.6,50,0.0,10.62518904321965,0.0941159725189209,0.1046383380889892,0.1162760734558105,0.1177456665039062,0.0254649708386061,1.0,ATTACK,0,0,0,0,21214769438,2924741946,16579607,6132065,5,5.333333333333333,0.066,0.035,0.0305122926047847,0,9437184,2,3,0
0,1,1,0,5,5,1.0,50,0.0,20.43390398612505,0.0489382743835449,0.0247542858123779,0.0928858280181884,0.0954954242706298,0.0354605061939195,1.0,ATTACK,0,0,0,0,21214788798,2924758935,16579685,6132175,5,5.333333333333333,0.068,0.056,0.0190787840283389,0,14680064,0,5,0
0,1,1,0,5,5,1.0,50,0.0,22.13056402994005,0.0451863765716552,0.0390613079071044,0.0764676094055175,0.0824100112915039,0.0259456589120644,1.0,ATTACK,0,0,0,0,21214793976,2924773807,16579748,6132271,5,5.0,0.079,0.071,0.007,0,23068672,0,5,0
0,1,1,0,5,5,1.0,50,0.0,59.87380874887941,0.0167017936706542,0.0141839981079101,0.0261104106903076,0.0320799350738525,0.008347834161707,1.0,NORMAL,0,0,0,0,21214798605,2924788306,16579819,6132392,5,5.0,0.079,0.0753333333333333,0.0063508529610859,0,23068672,0,5,0
0,1,1,0,5,5,1.0,50,0.0,78.52443179690718,0.0127348899841308,0.0107619762420654,0.0165606021881103,0.017541389465332,0.003049550297401,1.0,NORMAL,0,0,0,0,21214801677,2924798544,16579866,6132476,5,5.0,0.071,0.0763333333333333,0.004618802153517,0,25165824,0,5,0
0,1,1,0,5,5,1.0,50,0.0,92.66722637090716,0.0107913017272949,0.0103228092193603,0.0118002891540527,0.0123002529144287,0.0008375198035814,1.0,NORMAL,0,0,0,0,21214804869,2924809116,16579915,6132563,5,5.0,0.011,0.0536666666666666,0.0371662929727102,0,25165824,0,5,0
0,1,1,0,5,5,1.0,50,0.0,84.34050664982928,0.0118566989898681,0.0106608867645263,0.0140089988708496,0.0142772197723388,0.001716157671153,1.0,NORMAL,0,0,0,0,21214808325,2924820648,16579967,6132657,5,5.0,0.005,0.029,0.0364965751817893,0,25165824,0,5,0
0,1,1,0,5,5,1.0,50,0.0,58.27429447920951,0.0171602249145507,0.0167751312255859,0.0269568920135498,0.0326941585540771,0.0088325940983373,1.0,NORMAL,0,0,0,0,21214811457,2924831042,16580015,6132742,5,5.0,0.005,0.007,0.003464101615138,0,25165824,0,5,0
0,1,1,0,5,5,1.0,50,0.0,74.78130638501202,0.0133723258972167,0.0099961757659912,0.0192954063415527,0.0207298946380615,0.0046866114898381,1.0,NORMAL,0,0,0,0,21214814802,2924841451,16580066,6132829,5,5.0,0.005,0.005,0.0,0,25165824,0,5,0
0,1,1,0,5,5,1.0,50,0.0,70.35109259371079,0.0142144203186035,0.0135691165924072,0.0173549652099609,0.0177154541015625,0.0027532731144314,1.0,NORMAL,0,0,0,0,21214817994,2924851847,16580115,6132915,5,5.0,0.006,0.0053333333333333,0.0005773502691914,0,25165824,0,5,0
0,1,1,0,5,5,1.0,50,0.0,65.30030670548489,0.0153138637542724,0.0145490169525146,0.0211552619934082,0.0225831413269042,0.0048802308665533,1.0,NORMAL,0,0,0,0,21214821126,2924862079,16580163,6132998,5,5.0,0.006,0.0056666666666666,0.0005773502691914,0,25165824,0,5,0
0,1,1,0,5,5,1.0,50,0.0,64.52279055457272,0.015498399734497,0.0124688148498535,0.0224430084228515,0.0279046726226806,0.0065395734283044,1.0,NORMAL,0,0,0,0,21214824378,2924873261,16580213,6133089,5,5.0,0.005,0.0056666666666666,0.0005773502691914,0,25165824,0,5,0
0,1,1,0,5,5,1.0,50,0.0,82.54164173934947,0.0121150970458984,0.0123629570007324,0.0147639274597167,0.0158646202087402,0.0023677529775206,1.0,NORMAL,0,0,0,0,21214827873,2924883635,16580264,6133175,5,5.0,0.005,0.0053333333333333,0.0005773502691914,0,25165824,0,5,0
0,1,1,0,5,5,1.0,50,0.0,76.23401455502483,0.013117504119873,0.0112369060516357,0.0175008296966552,0.0203146171569824,0.003860726344701,1.0,NORMAL,0,0,0,0,21214831125,2924894095,16580314,6133262,5,5.0,0.005,0.005,0.0,0,25165824,0,5,0
0,1,1,0,5,5,1.0,50,0.0,68.53639486128677,0.0145907878875732,0.0113663673400878,0.0205023765563964,0.0224135684967041,0.0047145261779456,1.0,NORMAL,0,0,0,0,21214834410,2924904692,16580364,6133350,5,5.0,0.005,0.005,0.0,0,25165824,0,5,0
0,1,1,0,5,2,2.5,50,0.0,16.533590241079644,0.0604829311370849,0.0621309280395507,0.0733404159545898,0.0767182826995849,0.0121439301972249,1.0,ATTACK,0,0,0,0,21214837782,2924916152,16580416,6133442,5,5.0,0.005,0.005,0.0,0,26214400,0,5,0
0,1,1,0,5,2,2.5,50,0.0,14.66614729283383,0.068184232711792,0.0557069778442382,0.1048056602478027,0.1247688484191894,0.0313786425804888,1.0,ATTACK,0,0,0,0,21214841298,2924927830,16580469,6133531,5,5.0,0.005,0.005,0.0,0,26214400,0,5,0
0,1,1,0,2,2,1.0,50,0.0,21.445464771449025,0.0466299057006835,0.04667329788208,0.061158800125122,0.0632003688812255,0.012665848576855,1.0,ATTACK,0,0,0,0,21214844490,2924939448,16580518,6133619,5,5.0,0.005,0.005,0.0,0,26214400,0,5,0
0,1,1,0,2,4,0.5,50,0.0,14.886055750875034,0.0671769618988037,0.0731451511383056,0.0848731994628906,0.0890836238861084,0.0168119159227473,1.0,ATTACK,0,0,0,0,21214880907,2924962888,16580629,6133760,4,4.666666666666667,0.062,0.0239999999999999,0.0329089653438086,0,10485760,2,2,0
0,1,1,0,4,5,0.8,50,0.0,16.283171548675934,0.0614130973815918,0.0457298755645751,0.0902445793151855,0.1003350067138671,0.0230579357284677,1.0,ATTACK,0,0,0,0,21214885582,2924975799,16580689,6133859,5,4.666666666666667,0.067,0.0446666666666666,0.0344431899413125,0,10485760,1,4,0
0,1,1,0,4,5,0.8,50,0.0,20.172332529833074,0.0495728492736816,0.0562551021575927,0.0734434604644775,0.0833291816711425,0.0233587368356533,1.0,ATTACK,0,0,0,0,21214906289,2924993438,16580774,6133976,5,4.666666666666667,0.082,0.0703333333333333,0.0104083299973306,0,18874368,0,5,0
0,1,1,0,5,5,1.0,50,0.0,90.68647758083138,0.0110270023345947,0.0104298591613769,0.0124926567077636,0.0135882854461669,0.0013554732249895,1.0,NORMAL,0,0,0,0,21214910645,2925007504,16580841,6134092,5,5.0,0.055,0.0679999999999999,0.0135277492584686,0,25165824,0,5,0
0,1,1,0,5,5,1.0,50,0.0,93.62202123195328,0.0106812477111816,0.0105669498443603,0.0113558292388916,0.0117792320251464,0.0006065471853721,1.0,NORMAL,0,0,0,0,21214913897,2925018192,16580891,6134180,5,5.0,0.055,0.064,0.0155884572681199,0,25165824,0,5,0
0,1,1,0,5,5,1.0,50,0.0,90.981549047084,0.0109912395477294,0.011474609375,0.0119749546051025,0.0122591400146484,0.0011450313287626,1.0,NORMAL,0,0,0,0,21214917209,2925029574,16580942,6134274,5,5.0,0.005,0.0383333333333333,0.0288675134594812,0,25165824,0,5,0
0,1,1,0,5,5,1.0,50,0.0,76.40426841930771,0.0130882740020751,0.0102846622467041,0.0182953834533691,0.019134292602539,0.0041381325981676,1.0,NORMAL,0,0,0,0,21214920494,2925040123,16580992,6134362,5,5.0,0.005,0.0216666666666666,0.0288675134594812,0,25165824,0,5,0
0,1,1,0,5,5,1.0,50,0.0,69.80176006177524,0.0143262863159179,0.0134575366973876,0.0188118934631347,0.019025011062622,0.0037949735998747,1.0,NORMAL,0,0,0,0,21214923566,2925050335,16581039,6134446,5,5.0,0.005,0.005,0.0,0,25165824,0,5,0
0,1,1,0,5,5,1.0,50,0.0,87.10549925236751,0.0114803314208984,0.0106689929962158,0.0143558979034423,0.0153313636779785,0.002352044169872,1.0,NORMAL,0,0,0,0,21214926758,2925061041,16581088,6134534,5,5.0,0.005,0.005,0.0,0,25165824,0,5,0
0,1,1,0,5,5,1.0,50,0.0,69.22893077608688,0.0144448280334472,0.0131177902221679,0.0192508220672607,0.0227495384216308,0.0044414011176781,1.0,NORMAL,0,0,0,0,21214930845,2925072804,16581145,6134632,5,5.0,0.005,0.005,0.0,0,25165824,0,5,0
0,1,1,0,5,5,1.0,50,0.0,68.74262881343154,0.0145470142364501,0.0153958797454833,0.0200121402740478,0.021326208114624,0.0049096088268075,1.0,NORMAL,0,0,0,0,21214933977,2925083182,16581193,6134717,5,5.0,0.005,0.005,0.0,0,25165824,0,5,0
0,1,1,0,5,5,1.0,50,0.0,70.40375996642886,0.0142037868499755,0.0150003433227539,0.0154548168182373,0.0155348110198974,0.0015339257952447,1.0,NORMAL,0,0,0,0,21214937262,2925093623,16581243,6134804,5,5.0,0.005,0.005,0.0,0,25165824,0,5,0
0,1,1,0,5,5,1.0,50,0.0,102.54921712257092,0.0097514152526855,0.0094170570373535,0.0105170726776123,0.0107263278961181,0.0006123927302898,1.0,NORMAL,0,0,0,0,21214953145,2925113743,16581345,6134939,5,5.0,0.005,0.005,0.0,0,25165824,0,5,0
0,1,1,0,5,5,1.0,50,0.0,76.66738563787979,0.0130433559417724,0.0123558044433593,0.016543436050415,0.018989782333374,0.0032620072185102,1.0,NORMAL,0,0,0,0,21214956721,2925125201,16581399,6135034,5,5.0,0.005,0.005,0.0,0,25165824,0,5,0
0,1,1,0,5,5,1.0,50,0.0,65.67802873714407,0.0152257919311523,0.0133202075958251,0.0222132205963134,0.0253069877624511,0.0058322215030939,1.0,NORMAL,0,0,0,0,21214959853,2925135447,16581447,6135119,5,5.0,0.005,0.005,0.0,0,25165824,0,5,0
0,1,1,0,1,1,1.0,50,0.0,12.627299483143144,0.0791934967041015,0.0764400959014892,0.097446060180664,0.1071667289733886,0.01600790314883,1.0,ATTACK,0,0,0,0,21215019667,2925325438,16582346,6136713,1,1.0,0.001,0.001,0.0,0,5242880,0,1,0
0,1,1,0,1,1,1.0,50,0.0,12.952282604869136,0.0772064685821533,0.069568395614624,0.0958300113677978,0.0994912910461425,0.0150519971675457,1.0,ATTACK,0,0,0,0,21215023039,2925337416,16582398,6136804,1,1.0,0.001,0.001,0.0,0,5242880,0,1,0
0,1,1,0,1,1,1.0,50,0.0,11.746414578613216,0.085132360458374,0.0965144634246826,0.1195585250854492,0.1236031246185302,0.0335061534954948,1.0,ATTACK,0,0,0,0,21215026948,2925350733,16582457,6136907,1,1.0,0.061,0.021,0.0346410161513775,0,5242880,0,1,0
0,1,1,0,1,2,0.5,50,0.0,8.78055806304126,0.1138879776000976,0.1127600669860839,0.1501191139221191,0.1583783435821533,0.0324133438218295,1.0,ATTACK,0,0,0,0,21215047375,2925368910,16582542,6137028,2,1.3333333333333333,0.061,0.041,0.0346410161513775,0,5242880,0,2,0
0,1,1,0,2,4,0.5,50,0.0,8.785866212309292,0.1138191699981689,0.0994224548339843,0.1550902366638183,0.1752510929107666,0.0348812929501997,1.0,ATTACK,0,0,0,0,21215083731,2925392108,16582652,6137166,4,2.333333333333333,0.061,0.061,0.0,0,5242880,0,4,0
0,1,1,0,4,5,0.8,50,0.0,13.792515619861888,0.0725030899047851,0.0648856163024902,0.0892379283905029,0.0921385765075683,0.0133688296403055,1.0,ATTACK,0,0,0,0,21215088202,2925405047,16582714,6137269,5,3.6666666666666665,0.069,0.0636666666666666,0.0046188021535169,0,10485760,1,4,0
0,1,1,0,5,5,1.0,50,0.0,15.373233892261746,0.0650481224060058,0.0568025112152099,0.0896175384521484,0.1033398914337158,0.021248470514001,1.0,ATTACK,0,0,0,0,21215108662,2925423903,16582800,6137394,5,4.666666666666667,0.068,0.066,0.0043588989435406,0,18874368,0,5,0
0,1,1,0,5,5,1.0,50,0.0,16.256059729906966,0.0615155220031738,0.0674886703491211,0.0979556560516357,0.1109528255462646,0.0335595171876041,1.0,ATTACK,0,0,0,0,21215112547,2925436682,16582860,6137496,5,5.0,0.086,0.0743333333333333,0.0101159939369956,0,25165824,0,5,0
0,1,1,0,5,5,1.0,50,0.0,14.76974738308483,0.0677059650421142,0.0507895946502685,0.1077261447906494,0.1231676864624023,0.032439946513636,1.0,ATTACK,0,0,0,0,21215116621,2925449390,16582922,6137598,5,5.0,0.086,0.08,0.0103923048454132,0,25165824,0,5,0
0,1,1,0,5,5,1.0,50,0.0,9.827674355940344,0.1017534732818603,0.0978741645812988,0.1292939662933349,0.1348237800598144,0.0243582532453523,1.0,ATTACK,0,0,0,0,21215120293,2925462622,16582979,6137699,5,5.0,0.074,0.082,0.0069282032302755,0,25165824,0,5,0
0,1,1,0,5,5,1.0,50,0.0,12.28292369794046,0.0814138412475586,0.0772221088409423,0.1224502563476562,0.1437457942962646,0.0400221743512894,1.0,ATTACK,0,0,0,0,21215123749,2925474682,16583031,6137793,5,5.0,0.072,0.0773333333333333,0.0075718777944003,0,26214400,0,5,0
0,1,1,0,5,5,1.0,50,0.0,73.90140850033653,0.0135315418243408,0.0128729343414306,0.0153595924377441,0.0165996742248535,0.0016470170019659,1.0,NORMAL,0,0,0,0,21215127805,2925488020,16583093,6137901,5,5.0,0.074,0.0733333333333333,0.0011547005383791,0,26214400,0,5,0
0,1,1,0,5,5,1.0,50,0.0,81.74405868618715,0.0122333049774169,0.0104100704193115,0.0157933712005615,0.0180315780639648,0.0031027137993586,1.0,NORMAL,0,0,0,0,21215131090,2925498623,16583143,6137990,5,5.0,0.03,0.0586666666666666,0.0248461935381123,0,26214400,0,5,0
0,1,1,0,5,5,1.0,50,0.0,54.36190950188711,0.0183952331542968,0.0138454437255859,0.0307414054870605,0.0375240039825439,0.0105095230747206,1.0,NORMAL,0,0,0,0,21215134342,2925509945,16583193,6138082,5,5.0,0.03,0.0446666666666666,0.0254034118443435,0,26214400,0,5,0
0,1,1,0,5,5,1.0,50,0.0,90.81253355966258,0.0110116958618164,0.010554552078247,0.0126665115356445,0.0138228225708007,0.0015078041729229,1.0,NORMAL,0,0,0,0,21215137564,2925520323,16583242,6138168,5,5.0,0.005,0.0216666666666666,0.0144337567297406,0,26214400,0,5,0
0,1,1,0,5,5,1.0,50,0.0,76.84577726966259,0.0130130767822265,0.0135571956634521,0.0154948711395263,0.0156010437011718,0.0024212603203731,1.0,NORMAL,0,0,0,0,21215140696,2925530703,16583290,6138254,5,5.0,0.005,0.0133333333333333,0.0144337567297406,0,26214400,0,5,0
0,1,1,0,5,5,1.0,50,0.0,87.47390988796477,0.0114319801330566,0.0116820335388183,0.0120042324066162,0.0121084308624267,0.000573051211758,1.0,NORMAL,0,0,0,0,21215143828,2925540991,16583338,6138339,5,5.0,0.005,0.005,0.0,0,26214400,0,5,0
0,1,1,0,5,5,1.0,50,0.0,71.43472218437475,0.013998794555664,0.01414155960083,0.0160078525543212,0.0167526912689209,0.0017707830664926,1.0,NORMAL,0,0,0,0,21215147293,2925552424,16583391,6138434,5,5.0,0.005,0.005,0.0,0,26214400,0,5,0
0,1,1,0,5,5,1.0,50,0.0,62.11225598938511,0.0160998821258544,0.0112595558166503,0.0279215812683105,0.0356683158874511,0.0104604094709513,1.0,NORMAL,0,0,0,0,21215150545,2925562976,16583441,6138522,5,5.0,0.005,0.005,0.0,0,26214400,0,5,0
0,1,1,0,5,5,1.0,50,0.0,75.9108826670045,0.0131733417510986,0.0134460926055908,0.0167380809783935,0.017117109298706,0.0032103249134631,1.0,NORMAL,0,0,0,0,21215153677,2925573388,16583489,6138608,5,5.0,0.005,0.005,0.0,0,26214400,0,5,0
0,1,1,0,5,5,1.0,50,0.0,69.72332120938088,0.0143424034118652,0.0168790817260742,0.0170219898223876,0.0170566654205322,0.0032416125449411,1.0,NORMAL,0,0,0,0,21215156749,2925583686,16583536,6138692,5,5.0,0.005,0.005,0.0,0,26214400,0,5,0
0,1,1,0,5,5,1.0,50,0.0,82.17970069477371,0.0121684551239013,0.0103607177734375,0.0163315773010253,0.0169444942474365,0.0033771393292959,1.0,NORMAL,0,0,0,0,21215159821,2925594012,16583583,6138778,5,5.0,0.005,0.005,0.0,0,26214400,0,5,0
0,1,1,0,5,5,1.0,50,0.0,78.74763905629841,0.0126987934112548,0.0123829841613769,0.0157777786254882,0.0173830699920654,0.0026898406562464,1.0,NORMAL,0,0,0,0,21215163133,2925605340,16583634,6138871,5,5.0,0.005,0.005,0.0,0,26214400,0,5,0
0,1,1,0,5,3,1.6666666666666667,50,0.0,10.623977953170751,0.0941267013549804,0.09342622756958,0.1337867259979248,0.1549433040618896,0.0388606665104329,1.0,ATTACK,0,0,0,0,21215166478,2925615837,16583685,6138960,5,5.0,0.005,0.005,0.0,0,26214400,0,5,0
0,1,1,0,3,2,1.5,50,0.0,13.642870246646778,0.0732983589172363,0.059197187423706,0.1158656120300293,0.1304054164886474,0.0345422944871338,1.0,ATTACK,0,0,0,0,21215170490,2925628247,16583740,6139055,5,5.0,0.005,0.005,0.0,0,26214400,0,5,0
0,1,1,0,2,2,1.0,50,0.0,11.75460495451236,0.0850730419158935,0.0834114551544189,0.1043301105499267,0.113524465560913,0.0170847676994988,1.0,ATTACK,0,0,0,0,21215174710,2925641251,16583796,6139155,5,5.0,0.015,0.0083333333333333,0.0057735026918962,0,20971520,0,5,0
0,1,1,0,2,2,1.0,50,0.0,12.28940896153524,0.0813708782196045,0.0754985809326171,0.1184365272521972,0.1404708099365234,0.0338489703482446,1.0,ATTACK,0,0,0,0,21215178226,2925653025,16583849,6139245,3,4.333333333333333,0.072,0.0306666666666666,0.0361432335760558,0,15728640,0,3,0
0,1,1,0,2,4,0.5,50,0.0,9.899403482619238,0.1010161876678466,0.099255084991455,0.1221604824066162,0.1283717918395996,0.0179320533833745,1.0,ATTACK,0,0,0,0,21215215127,2925677779,16583965,6139396,4,4.0,0.068,0.0516666666666666,0.0318171861316071,0,10485760,0,4,0
0,1,1,0,4,5,0.8,50,0.0,10.73847937357778,0.0931230545043945,0.1013059616088867,0.1215651512145996,0.1241149234771728,0.0270416520905784,1.0,ATTACK,0,0,0,0,21215235911,2925696449,16584054,6139523,5,4.0,0.068,0.0693333333333333,0.0023094010767583,0,10485760,0,5,0
0,1,1,0,5,5,1.0,50,0.0,11.118037217543066,0.0899439334869384,0.0746300220489502,0.1296982288360595,0.1487353038787841,0.0330769816725525,1.0,ATTACK,0,0,0,0,21215239283,2925708357,16584106,6139614,5,4.666666666666667,0.085,0.0736666666666666,0.0098149545762236,0,18874368,0,5,0
0,1,1,0,5,5,1.0,50,0.0,11.71862366163404,0.0853342533111572,0.068300724029541,0.1295028686523437,0.1425305938720703,0.0356129881726043,1.0,ATTACK,0,0,0,0,21215243255,2925721689,16584168,6139718,5,5.0,0.07,0.0743333333333333,0.0092915732431775,0,23068672,0,5,0
0,1,1,0,5,5,1.0,50,0.0,10.70325550345802,0.0934295177459716,0.1065466403961181,0.1103542327880859,0.1122443962097168,0.0196799684800551,1.0,ATTACK,0,0,0,0,21215247944,2925734826,16584229,6139821,5,5.0,0.072,0.0756666666666666,0.008144527815247,0,24117248,0,5,0
0,1,1,0,5,5,1.0,50,0.0,9.221099970672256,0.1084469318389892,0.1093108654022216,0.1648858070373535,0.1722386646270751,0.0509239690344051,1.0,ATTACK,0,0,0,0,21215251556,2925747862,16584285,6139922,5,5.0,0.073,0.0716666666666666,0.0015275252316517,0,24117248,0,5,0
0,1,1,0,5,5,1.0,50,0.0,13.776442348749306,0.0725876808166503,0.0685758590698242,0.1044896125793457,0.122972993850708,0.0288873521624989,1.0,ATTACK,0,0,0,0,21215255225,2925759989,16584340,6140017,5,5.0,0.073,0.0726666666666666,0.0005773502691891,0,24117248,0,5,0
0,1,1,0,5,5,1.0,50,0.0,77.02330364521164,0.0129830837249755,0.0130109786987304,0.0158033847808837,0.0162468719482421,0.002457915391064,1.0,NORMAL,0,0,0,0,21215259539,2925773845,16584406,6140131,5,5.0,0.069,0.0716666666666666,0.0023094010767583,0,24117248,0,5,0
0,1,1,0,5,5,1.0,50,0.0,57.52004278720224,0.0173852443695068,0.0157842636108398,0.0263093948364257,0.030380859375,0.0075795649034762,1.0,NORMAL,0,0,0,0,21215262611,2925784299,16584453,6140217,5,5.0,0.005,0.049,0.0381575680566778,0,24117248,0,5,0
0,1,1,0,5,5,1.0,50,0.0,93.98410856013516,0.0106400966644287,0.0107083320617675,0.0109913349151611,0.0110634326934814,0.0003315469506389,1.0,NORMAL,0,0,0,0,21215265803,2925794779,16584502,6140303,5,5.0,0.005,0.0263333333333333,0.036950417228136,0,24117248,0,5,0
0,1,1,0,5,5,1.0,50,0.0,65.6866687965521,0.0152237892150878,0.0119688510894775,0.021792459487915,0.0256005096435546,0.0056156129800912,1.0,NORMAL,0,0,0,0,21215269115,2925806111,16584553,6140395,5,5.0,0.005,0.005,0.0,0,24117248,0,5,0
0,1,1,0,5,5,1.0,50,0.0,66.70076205742784,0.014992332458496,0.0125203132629394,0.0213267803192138,0.0236085891723632,0.0051226261230543,1.0,NORMAL,0,0,0,0,21215272460,2925816746,16584604,6140484,5,5.0,0.005,0.005,0.0,0,25165824,0,5,0
0,1,1,0,5,5,1.0,50,0.0,63.37204277680576,0.0157798290252685,0.011193037033081,0.0243654727935791,0.0271160888671875,0.0068379657703412,1.0,NORMAL,0,0,0,0,21215275532,2925827050,16584651,6140569,5,5.0,0.005,0.005,0.0,0,24117248,0,5,0
0,1,1,0,5,5,1.0,50,0.0,86.02430000082039,0.0116246223449707,0.0100247859954833,0.014744758605957,0.0153090953826904,0.0024802192994617,1.0,NORMAL,0,0,0,0,21215278784,2925837510,16584701,6140656,5,5.0,0.005,0.005,0.0,0,24117248,0,5,0
0,1,1,0,5,5,1.0,50,0.0,55.24141673295858,0.0181023597717285,0.0133452415466308,0.0284470081329345,0.0373321151733398,0.0101177565497507,1.0,NORMAL,0,0,0,0,21215282156,2925848850,16584753,6140750,5,5.0,0.005,0.005,0.0,0,24117248,0,5,0
0,1,1,0,5,5,1.0,50,0.0,61.381974851897816,0.0162914276123046,0.0142254829406738,0.0263654708862304,0.0325472545623779,0.008929606101642,1.0,NORMAL,0,0,0,0,21215285288,2925859238,16584801,6140835,5,5.0,0.005,0.005,0.0,0,24117248,0,5,0
0,1,1,0,5,5,1.0,50,0.0,97.13893984029052,0.0102945327758789,0.0105702877044677,0.0108966827392578,0.0109387397766113,0.0006071569351672,1.0,NORMAL,0,0,0,0,21215288513,2925869753,16584850,6140922,5,5.0,0.005,0.005,0.0,0,24117248,0,5,0
0,1,1,0,5,5,1.0,50,0.0,84.32965397993445,0.0118582248687744,0.0112042427062988,0.0143296241760253,0.0147495937347412,0.0020507532968276,1.0,NORMAL,0,0,0,0,21215291645,2925880143,16584898,6141008,5,5.0,0.005,0.005,0.0,0,24117248,0,5,0
0,1,1,0,5,5,1.0,50,0.0,70.10650602731849,0.0142640113830566,0.0114927291870117,0.0203701972961425,0.0209416580200195,0.0049270793989133,1.0,NORMAL,0,0,0,0,21215294777,2925890479,16584946,6141093,5,5.0,0.005,0.005,0.0,0,25165824,0,5,0
0,1,1,0,5,2,2.5,50,0.0,9.86107564923447,0.1014088153839111,0.1004643440246582,0.1266438007354736,0.1274678611755371,0.0233542933544127,1.0,ATTACK,0,0,0,0,21215298029,2925901887,16584996,6141186,5,5.0,0.005,0.005,0.0,0,25165824,0,5,0
0,1,1,0,2,2,1.0,50,0.0,13.666118627909054,0.0731736660003662,0.0536942481994628,0.1204827785491943,0.1293099498748779,0.0384790390925048,1.0,ATTACK,0,0,0,0,21215301485,2925913719,16585048,6141275,5,5.0,0.045,0.0183333333333333,0.023094010767585,0,25165824,0,5,0
0,1,1,0,2,4,0.5,50,0.0,11.216594007446169,0.0891536235809326,0.0727279186248779,0.1309526443481445,0.1309708404541015,0.0350955344928043,1.0,ATTACK,0,0,0,0,21215321398,2925931895,16585133,6141396,4,4.666666666666667,0.042,0.0306666666666666,0.0222785397486759,0,10485760,2,2,0
0,1,1,0,4,4,1.0,50,0.0,12.056367048088598,0.0829437255859375,0.0864400863647461,0.099740982055664,0.107266616821289,0.0160134415471073,1.0,ATTACK,0,0,0,0,21215342110,2925951150,16585223,6141526,4,4.333333333333333,0.042,0.043,0.0017320508075685,0,10485760,0,4,0
0,1,1,0,4,4,1.0,50,0.0,11.764581807003037,0.0850008964538574,0.082366943359375,0.1082928657531738,0.1216980743408203,0.0217079119340135,1.0,ATTACK,0,0,0,0,21215345738,2925962950,16585273,6141617,4,4.0,0.086,0.0566666666666666,0.0254034118443435,0,19922944,0,4,0
0,1,1,0,4,5,0.8,50,0.0,15.321714417221616,0.0652668476104736,0.0634820461273193,0.0787959575653076,0.0851510334014892,0.0119515927881803,1.0,ATTACK,0,0,0,0,21215367313,2925981631,16585367,6141744,5,4.333333333333333,0.072,0.0666666666666666,0.0224796204001164,0,20971520,0,5,0
0,1,1,0,5,5,1.0,50,0.0,12.306789486996063,0.0812559604644775,0.0670428276062011,0.1397022724151611,0.1784778308868408,0.053982991129043,1.0,ATTACK,0,0,0,0,21215370889,2925993625,16585421,6141836,5,4.666666666666667,0.072,0.0766666666666666,0.0080829037686547,0,20971520,0,5,0
0,1,1,0,5,5,1.0,50,0.0,7.824899136263895,0.1277971744537353,0.130969762802124,0.1648573875427246,0.1667675495147705,0.0339519915123846,1.0,ATTACK,0,0,0,0,21215374714,2926006932,16585480,6141940,5,5.0,0.073,0.0723333333333333,0.000577350269189,0,25165824,0,5,0
0,1,1,0,5,5,1.0,50,0.0,11.00285570829488,0.0908854961395263,0.0903301239013671,0.11923189163208,0.1270444583892822,0.0252547237929481,1.0,ATTACK,0,0,0,0,21215378386,2926019564,16585537,6142039,5,5.0,0.072,0.0723333333333333,0.000577350269189,0,25165824,0,5,0
0,1,1,0,5,5,1.0,50,0.0,12.13739203307706,0.082390022277832,0.085231065750122,0.0975290775299072,0.101666202545166,0.0143931249710138,1.0,ATTACK,0,0,0,0,21215382262,2926032824,16585596,6142142,5,5.0,0.071,0.072,0.0009999999999996,0,25165824,0,5,0
0,1,1,0,5,5,1.0,50,0.0,11.373328900750089,0.0879250049591064,0.0894331932067871,0.1092059135437011,0.1207649898529052,0.0209370133129536,1.0,ATTACK,0,0,0,0,21215385634,2926044900,16585648,6142236,5,5.0,0.073,0.072,0.0009999999999996,0,25165824,0,5,0
0,1,1,0,5,5,1.0,50,0.0,62.16859898082903,0.0160852909088134,0.0178174972534179,0.0204904556274414,0.0209699916839599,0.0043490301079617,1.0,NORMAL,0,0,0,0,21215389630,2926058528,16585709,6142346,5,5.0,0.073,0.0723333333333333,0.0011547005383789,0,25165824,0,5,0
0,1,1,0,5,5,1.0,50,0.0,59.1206684633687,0.0169145584106445,0.01332688331604,0.0279859066009521,0.0362251377105712,0.0102707187986654,1.0,NORMAL,0,0,0,0,21215393626,2926069436,16585764,6142438,5,5.0,0.044,0.0633333333333333,0.0167431578064991,0,25165824,0,5,0
0,1,1,0,5,5,1.0,50,0.0,61.389880917532174,0.0162893295288085,0.0168704986572265,0.0224637985229492,0.0232156753540039,0.005574028981224,1.0,NORMAL,0,0,0,0,21215396758,2926079814,16585812,6142523,5,5.0,0.005,0.0406666666666666,0.0341223289552945,0,25165824,0,5,0
0,1,1,0,5,5,1.0,50,0.0,100.34988324465031,0.0099651336669921,0.009554386138916,0.0107496738433837,0.0111075019836425,0.0006430519098308,1.0,NORMAL,0,0,0,0,21215400334,2926091330,16585866,6142618,5,5.0,0.005,0.018,0.0225166604983953,0,25165824,0,5,0
0,1,1,0,5,5,1.0,50,0.0,58.67767947577238,0.0170422554016113,0.0162582397460937,0.0217013835906982,0.0239730644226074,0.0039868188112173,1.0,NORMAL,0,0,0,0,21215403724,2926101802,16585918,6142705,5,5.0,0.005,0.005,0.0,0,25165824,0,5,0
0,1,1,0,5,5,1.0,50,0.0,94.66202644205812,0.0105638980865478,0.0107150077819824,0.0111679553985595,0.011272497177124,0.0006922927959268,1.0,NORMAL,0,0,0,0,21215406796,2926112186,16585965,6142790,5,5.0,0.005,0.005,0.0,0,25165824,0,5,0
0,1,1,0,5,5,1.0,50,0.0,84.1057642562373,0.0118897914886474,0.010406494140625,0.0147090435028076,0.0152877140045166,0.0022420301809119,1.0,NORMAL,0,0,0,0,21215409928,2926122736,16586013,6142876,5,5.0,0.005,0.005,0.0,0,25165824,0,5,0
0,1,1,0,5,5,1.0,50,0.0,62.00647517111896,0.0161273479461669,0.0157499313354492,0.0211803913116455,0.0212615013122558,0.0044333566121504,1.0,NORMAL,0,0,0,0,21215413573,2926134411,16586069,6142973,5,5.0,0.005,0.005,0.0,0,25165824,0,5,0
0,1,1,0,5,5,1.0,50,0.0,56.41448324097488,0.0177259445190429,0.0139122009277343,0.0256479263305664,0.0305310058593749,0.0068797615331776,1.0,NORMAL,0,0,0,0,21215416705,2926144737,16586117,6143059,5,5.0,0.005,0.005,0.0,0,25165824,0,5,0
0,1,1,0,5,5,1.0,50,0.0,70.36383889627035,0.0142118453979492,0.0109481811523437,0.0208743095397949,0.0258711147308349,0.0061508362008624,1.0,NORMAL,0,0,0,0,21215419777,2926154949,16586164,6143143,5,5.0,0.005,0.005,0.0,0,25165824,0,5,0
0,1,1,0,5,5,1.0,50,0.0,62.38868576766436,0.0160285472869873,0.0139327049255371,0.0249122142791748,0.0299860095977783,0.0077247810843313,1.0,NORMAL,0,0,0,0,21215422969,2926165333,16586213,6143229,5,5.0,0.005,0.005,0.0,0,25165824,0,5,0
0,1,1,0,5,4,1.25,50,0.0,55.38438785804455,0.0180556297302246,0.0145468711853027,0.027524995803833,0.0328698444366455,0.0081128747652867,1.0,NORMAL,0,0,0,0,21215426401,2926176725,16586266,6143323,5,5.0,0.005,0.005,0.0,0,25165824,0,5,0
0,1,1,0,1,1,1.0,50,0.0,10.030831690347664,0.0996926307678222,0.1089797019958496,0.1380341529846191,0.1510230827331543,0.0398033672059681,1.0,ATTACK,0,0,0,0,21215488456,2926374162,16587195,6144966,1,1.0,0.001,0.001,0.0,0,5242880,0,1,0
0,1,1,0,1,1,1.0,50,0.0,6.784054325435028,0.1474044799804687,0.141484260559082,0.2133113384246826,0.2352986717224121,0.0557207640377635,1.0,ATTACK,0,0,0,0,21215492212,2926387040,16587252,6145064,1,1.0,0.001,0.001,0.0,0,5242880,0,1,0
0,1,1,0,1,1,1.0,50,0.0,9.459153356628438,0.1057177066802978,0.0948343276977539,0.1336868286132812,0.1466718959808349,0.0231507450183391,1.0,ATTACK,0,0,0,0,21215496004,2926400206,16587311,6145165,1,1.0,0.046,0.016,0.0259807621135331,0,5242880,0,1,0
0,1,1,0,1,2,0.5,50,0.0,8.252186159289096,0.1211800098419189,0.1058402061462402,0.1657931804656982,0.1914346694946289,0.0390474490441409,1.0,ATTACK,0,0,0,0,21215525557,2926427933,16587443,6145332,2,1.3333333333333333,0.07,0.039,0.0350285597762739,0,5242880,0,2,0
0,1,1,0,2,4,0.5,50,0.0,5.821817546857793,0.1717676639556885,0.1500217914581298,0.2488899707794189,0.2830511856079101,0.0643285047102836,1.0,ATTACK,0,0,0,0,21215562244,2926452626,16587559,6145482,4,2.333333333333333,0.071,0.0623333333333333,0.0141539158303747,0,10485760,0,4,0
0,1,1,0,4,5,0.8,50,0.0,80.58066127451922,0.0124099254608154,0.0125362873077392,0.0144757747650146,0.0151068878173828,0.0019002085497457,1.0,NORMAL,0,0,0,0,21215583777,2926473443,16587658,6145626,5,3.6666666666666665,0.073,0.0713333333333333,0.001527525231652,0,18874368,0,5,0
0,1,1,0,5,5,1.0,50,0.0,96.37337034194672,0.0103763103485107,0.0099508762359619,0.0116384983062744,0.0125366306304931,0.0011633587755624,1.0,NORMAL,0,0,0,0,21215586849,2926483869,16587705,6145711,5,4.666666666666667,0.073,0.0723333333333333,0.0011547005383794,0,18874368,0,5,0
0,1,1,0,5,5,1.0,50,0.0,64.49897737932307,0.0155041217803955,0.0144553184509277,0.0230208396911621,0.02758394241333,0.0067101578734007,1.0,NORMAL,0,0,0,0,21215590281,2926494773,16587758,6145803,5,5.0,0.005,0.0503333333333333,0.0392598183048945,0,24117248,0,5,0
0,1,1,0,5,5,1.0,50,0.0,92.93291323788128,0.0107604503631591,0.0109663009643554,0.0112621307373046,0.0114117336273193,0.0005306732623494,1.0,NORMAL,0,0,0,0,21215594239,2926506813,16587818,6145905,5,5.0,0.005,0.0276666666666666,0.0392598183048945,0,25165824,0,5,0
0,1,1,0,5,5,1.0,50,0.0,78.72162642032124,0.012702989578247,0.0136635303497314,0.0160154819488525,0.0170392704010009,0.0030960171871189,1.0,NORMAL,0,0,0,0,21215597371,2926517127,16587866,6145990,5,5.0,0.005,0.005,0.0,0,25165824,0,5,0
0,1,1,0,5,5,1.0,50,0.0,58.93111151700786,0.0169689655303955,0.014345645904541,0.0275277614593505,0.0327769947052001,0.0089514790647804,1.0,NORMAL,0,0,0,0,21215600503,2926527403,16587914,6146074,5,5.0,0.005,0.005,0.0,0,25165824,0,5,0
0,1,1,0,5,5,1.0,50,0.0,99.47925412569434,0.0100523471832275,0.0096416473388671,0.0112717151641845,0.0119776725769042,0.0010511073951271,1.0,NORMAL,0,0,0,0,21215603635,2926537809,16587962,6146160,5,5.0,0.005,0.005,0.0,0,25165824,0,5,0
0,1,1,0,5,5,1.0,50,0.0,61.88497959448653,0.0161590099334716,0.014798879623413,0.0242255687713623,0.0280603981018066,0.0068796395531279,1.0,NORMAL,0,0,0,0,21215607151,2926549395,16588015,6146255,5,5.0,0.005,0.005,0.0,0,25165824,0,5,0
0,1,1,0,5,5,1.0,50,0.0,50.95554772636157,0.0196249485015869,0.0186612606048584,0.0289032459259033,0.0346474647521972,0.0084223069816892,1.0,NORMAL,0,0,0,0,21215610869,2926560401,16588071,6146348,5,5.0,0.005,0.005,0.0,0,25165824,0,5,0
0,1,1,0,5,5,1.0,50,0.0,59.31128105344133,0.0168601989746093,0.0138628482818603,0.0250562667846679,0.0313910865783691,0.0077495081203675,1.0,NORMAL,0,0,0,0,21215613941,2926570667,16588118,6146432,5,5.0,0.005,0.005,0.0,0,25165824,0,5,0
0,1,1,0,5,5,1.0,50,0.0,64.0160196338195,0.0156210899353027,0.014777660369873,0.0217262268066406,0.0237852191925048,0.0051106085945294,1.0,NORMAL,0,0,0,0,21215617073,2926581003,16588166,6146517,5,5.0,0.005,0.005,0.0,0,25165824,0,5,0
0,1,1,0,5,5,1.0,50,0.0,51.572693291363365,0.0193901062011718,0.0203819274902343,0.027825117111206,0.0310098648071289,0.0075348414828977,1.0,NORMAL,0,0,0,0,21215620385,2926592389,16588217,6146610,5,5.0,0.005,0.005,0.0,0,25165824,0,5,0
0,1,1,0,5,5,1.0,50,0.0,8.528613722874711,0.1172523498535156,0.1220917701721191,0.1809235095977783,0.2142444419860839,0.0577801274339079,1.0,ATTACK,0,0,0,0,21215623457,2926602681,16588264,6146694,5,5.0,0.005,0.005,0.0,0,25165824,0,5,0
0,1,1,0,5,2,2.5,50,0.0,6.271192522720585,0.1594593048095703,0.1593983173370361,0.1879244327545166,0.2004687595367431,0.0278796004434381,1.0,ATTACK,0,0,0,0,21215628367,2926616720,16588333,6146806,5,5.0,0.005,0.005,0.0,0,25165824,0,5,0
0,1,1,0,2,2,1.0,50,0.0,8.358444047122743,0.1196394920349121,0.1386580467224121,0.1449082374572753,0.1482837009429931,0.0364094214765992,1.0,ATTACK,0,0,0,0,21215632767,2926630018,16588392,6146908,5,5.0,0.061,0.0236666666666666,0.032331615074619,0,25165824,0,5,0
0,1,1,0,2,4,0.5,50,0.0,6.141807182904229,0.1628185272216797,0.1568727493286132,0.2114634037017822,0.2153745365142822,0.0434829288639724,1.0,ATTACK,0,0,0,0,21215669747,2926655112,16588511,6147063,4,4.666666666666667,0.058,0.0413333333333333,0.0315013227235513,0,10485760,2,2,0
0,1,1,0,4,5,0.8,50,0.0,6.281772020253577,0.1591907501220703,0.1936097145080566,0.2113251209259033,0.212131757736206,0.0569934734467618,1.0,ATTACK,0,0,0,0,21215674013,2926668896,16588571,6147168,5,4.666666666666667,0.073,0.064,0.0079372539331937,0,10485760,1,4,0
0,1,1,0,5,5,1.0,50,0.0,59.12383529975614,0.0169136524200439,0.0120553970336914,0.027942943572998,0.0350979614257812,0.0097267610295032,1.0,NORMAL,0,0,0,0,21215694471,2926688399,16588662,6147300,5,4.666666666666667,0.07,0.067,0.0079372539331937,0,14680064,0,5,0
0,1,1,0,5,5,1.0,50,0.0,69.0279514963201,0.0144868850708007,0.0158274173736572,0.0185749530792236,0.0190045356750488,0.0039321763990781,1.0,NORMAL,0,0,0,0,21215698056,2926699278,16588717,6147392,5,5.0,0.087,0.0766666666666666,0.0090737717258774,0,24117248,0,5,0
0,1,1,0,5,5,1.0,50,0.0,55.73707402899075,0.0179413795471191,0.0148012638092041,0.0253538608551025,0.0294473838806152,0.0063385550875631,1.0,NORMAL,0,0,0,0,21215701368,2926709828,16588768,6147480,5,5.0,0.045,0.0673333333333333,0.021126602503321,0,24117248,0,5,0
0,1,1,0,5,5,1.0,50,0.0,67.40869788820675,0.0148348808288574,0.0115337371826171,0.0222927570343017,0.0259457969665527,0.0061925841037962,1.0,NORMAL,0,0,0,0,21215704440,2926720216,16588815,6147565,5,5.0,0.045,0.059,0.0242487113059642,0,24117248,0,5,0
0,1,1,0,5,5,1.0,50,0.0,70.31618194376455,0.0142214775085449,0.0147523880004882,0.0180749416351318,0.0185129356384277,0.0034891868727188,1.0,NORMAL,0,0,0,0,21215709193,2926732661,16588877,6147668,5,5.0,0.005,0.0316666666666666,0.023094010767585,0,24117248,0,5,0
0,1,1,0,5,5,1.0,50,0.0,56.21848829603577,0.017787742614746,0.0153894424438476,0.0266303062438964,0.0287070655822753,0.0072334139750027,1.0,NORMAL,0,0,0,0,21215712325,2926742933,16588925,6147753,5,5.0,0.005,0.0183333333333333,0.0230940107675849,0,24117248,0,5,0
0,1,1,0,5,5,1.0,50,0.0,107.99151372839812,0.0092599868774414,0.0091252326965332,0.0097506046295166,0.0099089622497558,0.0004131350655829,1.0,NORMAL,0,0,0,0,21215715397,2926753187,16588972,6147837,5,5.0,0.005,0.005,0.0,0,24117248,0,5,0
0,1,1,0,5,5,1.0,50,0.0,101.4822987437818,0.0098539352416992,0.0098333358764648,0.0105043888092041,0.0106628322601318,0.0005622555871165,1.0,NORMAL,0,0,0,0,21215718940,2926764024,16589026,6147929,5,5.0,0.005,0.005,0.0,0,24117248,0,5,0
0,1,1,0,5,5,1.0,50,0.0,60.57351480000924,0.0165088653564453,0.0117840766906738,0.0251983642578125,0.029111042022705,0.0070981619297248,1.0,NORMAL,0,0,0,0,21215722312,2926775352,16589078,6148022,5,5.0,0.005,0.005,0.0,0,24117248,0,5,0
0,1,1,0,5,5,1.0,50,0.0,69.97294041887298,0.01429123878479,0.0122742652893066,0.0202047824859619,0.0230148792266845,0.0049306541169483,1.0,NORMAL,0,0,0,0,21215725384,2926785714,16589125,6148107,5,5.0,0.005,0.005,0.0,0,24117248,0,5,0
0,1,1,0,5,5,1.0,50,0.0,91.4947864403822,0.0109295845031738,0.009662389755249,0.0139463901519775,0.0160204029083251,0.0027096948917277,1.0,NORMAL,0,0,0,0,21215728516,2926796034,16589173,6148192,5,5.0,0.005,0.005,0.0,0,24117248,0,5,0
0,1,1,0,5,5,1.0,50,0.0,65.50222541502038,0.0152666568756103,0.0122556686401367,0.0232237815856933,0.0268896961212158,0.0065793054445187,1.0,NORMAL,0,0,0,0,21215731648,2926806530,16589221,6148278,5,5.0,0.005,0.005,0.0,0,24117248,0,5,0
0,1,1,0,5,5,1.0,50,0.0,7.153618711445915,0.1397893905639648,0.1361665725708007,0.1892228603363037,0.1916473197937011,0.0430754502653546,1.0,ATTACK,0,0,0,0,21215735173,2926818221,16589275,6148375,5,5.0,0.005,0.005,0.0,0,24117248,0,5,0
0,1,1,0,5,3,1.6666666666666667,50,0.0,5.89308631186133,0.1696903705596923,0.1868283748626709,0.2088962078094482,0.2113429832458496,0.048795008390022,1.0,ATTACK,0,0,0,0,21215738929,2926831389,16589332,6148475,5,5.0,0.054,0.0213333333333333,0.0282901631902916,0,24117248,0,5,0
0,1,1,0,3,5,0.6,50,0.0,6.285925642619623,0.1590855598449707,0.1454269886016845,0.2300319194793701,0.2721849155426025,0.0625349156179797,1.0,ATTACK,0,0,0,0,21215758990,2926850746,16589420,6148605,7,5.666666666666667,0.054,0.0376666666666666,0.0282901631902916,0,24117248,2,5,0
0,1,1,0,5,5,1.0,50,0.0,5.626577413491271,0.1777279376983642,0.1916699409484863,0.247301435470581,0.2623311614990234,0.0653986569564285,1.0,ATTACK,0,0,0,0,21215779464,2926869523,16589506,6148730,7,6.333333333333333,0.073,0.0603333333333333,0.0109696551146028,0,14680064,0,7,0
0,1,1,0,5,5,1.0,50,0.0,6.9796509828380255,0.143273639678955,0.1368732452392578,0.1985626697540283,0.2173816490173339,0.0467546443229017,1.0,ATTACK,0,0,0,0,21215783280,2926883019,16589564,6148834,5,6.333333333333333,0.103,0.0766666666666666,0.024704925284917,0,23068672,0,5,0
0,1,1,0,5,5,1.0,50,0.0,54.61916506710352,0.0183085918426513,0.0157561302185058,0.027017593383789,0.0298367023468017,0.0071483108843405,1.0,NORMAL,0,0,0,0,21215787789,2926897342,16589633,6148948,5,5.666666666666667,0.087,0.0876666666666666,0.0150111069989302,0,24117248,0,5,0
0,1,1,0,5,5,1.0,50,0.0,88.64564179949868,0.011280870437622,0.0109586715698242,0.0126916408538818,0.0130663776397705,0.0011616591973704,1.0,NORMAL,0,0,0,0,21215790861,2926907506,16589680,6149031,5,5.0,0.069,0.0863333333333333,0.0170098010962307,0,25165824,0,5,0
0,1,1,0,5,5,1.0,50,0.0,95.3242243252334,0.0104905128479003,0.0107471942901611,0.0109228134155273,0.0109576606750488,0.0005929115750349,1.0,NORMAL,0,0,0,0,21215794353,2926919162,16589734,6149127,5,5.0,0.069,0.075,0.0103923048454132,0,25165824,0,5,0
0,1,1,0,5,5,1.0,50,0.0,79.3474082482028,0.0126028060913085,0.0104336738586425,0.0171087741851806,0.0185489273071289,0.0036092034795406,1.0,NORMAL,0,0,0,0,21215797425,2926929444,16589781,6149212,5,5.0,0.005,0.0476666666666666,0.036950417228136,0,25165824,0,5,0
0,1,1,0,5,5,1.0,50,0.0,57.61723171602835,0.0173559188842773,0.0102951526641845,0.0309893131256103,0.040526475906372,0.0122742342441878,1.0,NORMAL,0,0,0,0,21215800497,2926939656,16589828,6149296,5,5.0,0.005,0.0263333333333333,0.036950417228136,0,25165824,0,5,0
0,1,1,0,5,5,1.0,50,0.0,76.1730969002666,0.0131279945373535,0.0100679397583007,0.0182841777801513,0.0198221778869628,0.0040915011162038,1.0,NORMAL,0,0,0,0,21215803902,2926950327,16589880,6149384,5,5.0,0.005,0.005,0.0,0,25165824,0,5,0
0,1,1,0,5,5,1.0,50,0.0,70.82771570998203,0.0141187667846679,0.0109930038452148,0.0206186771392822,0.0241012573242187,0.0054720139190586,1.0,NORMAL,0,0,0,0,21215807770,2926961815,16589934,6149479,5,5.0,0.005,0.005,0.0,0,25165824,0,5,0
0,1,1,0,5,5,1.0,50,0.0,58.982658049128965,0.0169541358947753,0.0132369995117187,0.0273238658905029,0.0341097259521484,0.009252011226391,1.0,NORMAL,0,0,0,0,21215811570,2926972265,16589983,6149565,5,5.0,0.005,0.005,0.0,0,25165824,0,5,0
0,1,1,0,5,5,1.0,50,0.0,83.17542913348352,0.0120227813720703,0.0110702514648437,0.0146573066711425,0.0168088245391845,0.0025398202014366,1.0,NORMAL,0,0,0,0,21215814702,2926982751,16590031,6149651,5,5.0,0.005,0.005,0.0,0,25165824,0,5,0
0,1,1,0,5,5,1.0,50,0.0,52.19457683644645,0.0191590785980224,0.0178580284118652,0.027848482131958,0.0326301097869873,0.0075946765866522,1.0,NORMAL,0,0,0,0,21215817834,2926993201,16590079,6149738,5,5.0,0.005,0.005,0.0,0,25165824,0,5,0
0,1,1,0,5,5,1.0,50,0.0,55.31777056790905,0.0180773735046386,0.0205392837524414,0.0217227458953857,0.0218264293670654,0.0040377984360272,1.0,NORMAL,0,0,0,0,21215821206,2927004673,16590131,6149832,5,5.0,0.005,0.005,0.0,0,25165824,0,5,0
0,1,1,0,5,5,1.0,50,0.0,96.77897505710791,0.0103328227996826,0.0099058151245117,0.0115400791168212,0.0118238353729248,0.0009736574001405,1.0,NORMAL,0,0,0,0,21215824551,2927015244,16590182,6149921,5,5.0,0.005,0.005,0.0,0,25165824,0,5,0
0,1,1,0,1,1,1.0,50,0.0,14.072408938586474,0.0710610389709472,0.069361925125122,0.0909697532653808,0.0962691974639892,0.0168666228424081,1.0,ATTACK,0,0,0,0,21215883483,2927204916,16591077,6151513,1,1.0,0.001,0.001,0.0,0,5242880,0,1,0
0,1,1,0,1,1,1.0,50,0.0,12.330893204682695,0.08109712600708,0.077397346496582,0.1234344482421875,0.1277591133117676,0.0362238957458951,1.0,ATTACK,0,0,0,0,21215886735,2927216786,16591127,6151603,1,1.0,0.001,0.001,0.0,0,5242880,0,1,0
0,1,1,0,1,1,1.0,50,0.0,9.653360387174343,0.1035908699035644,0.07741379737854,0.1679909229278564,0.2156951904296875,0.0594098743223904,1.0,ATTACK,0,0,0,0,21215890047,2927228968,16591178,6151697,1,1.0,0.025,0.009,0.013856406460551,0,5242880,0,1,0
0,1,1,0,1,2,0.5,50,0.0,14.018770555362442,0.0713329315185546,0.0724227428436279,0.0867032051086425,0.0904223346710205,0.0156894020492977,1.0,ATTACK,0,0,0,0,21215910953,2927247396,16591266,6151821,2,1.3333333333333333,0.069,0.0316666666666666,0.0344867124170068,0,5242880,0,2,0
0,1,1,0,2,4,0.5,50,0.0,10.443677202711672,0.0957517147064209,0.1067063808441162,0.1237168312072753,0.1334714889526367,0.0270323998985448,1.0,ATTACK,0,0,0,0,21215947731,2927272316,16591383,6151973,4,2.333333333333333,0.082,0.0586666666666666,0.029871948937646,0,9437184,1,3,0
0,1,1,0,4,5,0.8,50,0.0,10.829594201087426,0.0923395633697509,0.0809781551361084,0.1221761703491211,0.1432042598724365,0.0272175703183959,1.0,ATTACK,0,0,0,0,21215952327,2927284846,16591439,6152070,5,3.6666666666666665,0.082,0.0776666666666666,0.0075055534994651,0,9437184,1,4,0
0,1,1,0,4,5,0.8,50,0.0,58.408680733495245,0.0171207427978515,0.0141940116882324,0.0257100582122802,0.0282367420196533,0.0069526846264994,1.0,NORMAL,0,0,0,0,21215973560,2927304561,16591536,6152211,5,4.666666666666667,0.085,0.083,0.0017320508075691,0,13631488,0,5,0
0,1,1,0,5,5,1.0,50,0.0,64.88953797789522,0.0154108047485351,0.0153613090515136,0.0221776008605957,0.0261580848693847,0.0061454736923731,1.0,NORMAL,0,0,0,0,21215977052,2927315369,16591590,6152303,5,5.0,0.033,0.0666666666666666,0.0291947483861966,0,18874368,0,5,0
0,1,1,0,5,5,1.0,50,0.0,102.34403060826112,0.0097709655761718,0.0098879337310791,0.0103161811828613,0.0103489685058593,0.0005183363485234,1.0,NORMAL,0,0,0,0,21215980457,2927326002,16591642,6152392,5,5.0,0.006,0.0413333333333333,0.040153870714208,0,23068672,0,5,0
0,1,1,0,5,5,1.0,50,0.0,69.91671945324221,0.0143027305603027,0.013120412826538,0.0178337574005126,0.0190252590179443,0.0028856925092231,1.0,NORMAL,0,0,0,0,21215984033,2927337514,16591696,6152487,5,5.0,0.006,0.015,0.0155884572681199,0,23068672,0,5,0
0,1,1,0,5,5,1.0,50,0.0,75.80140531475003,0.0131923675537109,0.0142319202423095,0.0151806354522705,0.0152777957916259,0.002075217973098,1.0,NORMAL,0,0,0,0,21215987105,2927347776,16591743,6152573,5,5.0,0.005,0.0056666666666666,0.0005773502691896,0,23068672,0,5,0
0,1,1,0,5,5,1.0,50,0.0,60.486859410692446,0.0165325164794921,0.0130925178527832,0.0267927169799804,0.0337328147888183,0.0092134534326729,1.0,NORMAL,0,0,0,0,21215990297,2927358172,16591792,6152660,5,5.0,0.005,0.0053333333333333,0.0005773502691896,0,23068672,0,5,0
0,1,1,0,5,5,1.0,50,0.0,13.326800687580027,0.0750367641448974,0.0708734989166259,0.0938103675842285,0.0951224613189697,0.0157489284462579,1.0,ATTACK,0,0,0,0,21215993549,2927369076,16591842,6152749,5,5.0,0.005,0.005,0.0,0,23068672,0,5,0
0,1,1,0,5,5,1.0,50,0.0,14.04710025767896,0.0711890697479248,0.0715880393981933,0.0890190601348877,0.0946907520294189,0.0158651069687973,1.0,ATTACK,0,0,0,0,21215997816,2927381973,16591902,6152851,5,5.0,0.005,0.005,0.0,0,23068672,0,5,0
0,1,1,0,5,5,1.0,50,0.0,10.252314792182016,0.097538948059082,0.0924530029296875,0.1268678188323974,0.1390297698974609,0.0250227229493519,1.0,ATTACK,0,0,0,0,21216001605,2927394266,16591959,6152947,5,5.0,0.005,0.005,0.0,0,24117248,0,5,0
0,1,1,0,5,5,1.0,50,0.0,13.683327972189035,0.073081636428833,0.0795249938964843,0.0879083633422851,0.0928508377075195,0.0198388803983028,1.0,ATTACK,0,0,0,0,21216005037,2927406530,16592012,6153043,5,5.0,0.071,0.027,0.0381051177665153,0,24117248,0,5,0
0,1,1,0,5,5,1.0,50,0.0,12.005294082626158,0.0832965850830078,0.0884921550750732,0.0979593753814697,0.1032301521301269,0.0189834166435972,1.0,ATTACK,0,0,0,0,21216008667,2927418634,16592068,6153136,5,5.0,0.071,0.049,0.0381051177665153,0,24117248,0,5,0
0,1,1,0,5,5,1.0,50,0.0,15.312261333683804,0.0653071403503418,0.0581510066986084,0.093921422958374,0.1012736797332763,0.0233687761646086,1.0,ATTACK,0,0,0,0,21216012423,2927431862,16592125,6153238,5,5.0,0.071,0.071,0.0,0,24117248,0,5,0
0,1,1,0,5,5,1.0,50,0.0,70.1442585884533,0.0142563343048095,0.013641357421875,0.0179231643676757,0.0204317378997802,0.0033951985098947,1.0,NORMAL,0,0,0,0,21216016188,2927444411,16592183,6153342,5,5.0,0.073,0.0716666666666666,0.0011547005383791,0,24117248,0,5,0
0,1,1,0,5,5,1.0,50,0.0,68.57247490435863,0.0145831108093261,0.0123980045318603,0.0209117889404296,0.0255770301818847,0.0058451597145691,1.0,NORMAL,0,0,0,0,21216019884,2927456087,16592239,6153438,5,5.0,0.073,0.0723333333333333,0.0011547005383791,0,24117248,0,5,0
0,1,1,0,5,5,1.0,50,0.0,81.20407191286199,0.0123146533966064,0.0096015930175781,0.0169607639312744,0.0172526741027832,0.0037405227916361,1.0,NORMAL,0,0,0,0,21216022956,2927466353,16592286,6153523,5,5.0,0.007,0.051,0.0381051177665152,0,24117248,0,5,0
0,1,1,0,5,5,1.0,50,0.0,89.9544041006284,0.0111167430877685,0.0101497173309326,0.0132513046264648,0.0139014720916748,0.0017055539377185,1.0,NORMAL,0,0,0,0,21216026088,2927476615,16592334,6153609,5,5.0,0.007,0.029,0.0381051177665152,0,24117248,0,5,0
0,1,1,0,5,5,1.0,50,0.0,58.95480178341514,0.0169621467590332,0.0136206150054931,0.0275155544281005,0.0342962646484375,0.0093490851755409,1.0,NORMAL,0,0,0,0,21216029220,2927486979,16592382,6153695,5,5.0,0.006,0.0066666666666666,0.0005773502691886,0,24117248,0,5,0
0,1,1,0,5,5,1.0,50,0.0,71.03908729688257,0.0140767574310302,0.014033555984497,0.0167090415954589,0.01811692237854,0.0024945592414984,1.0,NORMAL,0,0,0,0,21216032472,2927498295,16592432,6153787,5,5.0,0.005,0.006,0.0009999999999994,0,24117248,0,5,0
0,1,1,0,5,5,1.0,50,0.0,12.102817437874398,0.0826253890991211,0.0857605934143066,0.0931394100189209,0.093195629119873,0.0110230382093053,1.0,ATTACK,0,0,0,0,21216035817,2927508806,16592483,6153875,5,5.0,0.005,0.0053333333333333,0.0005773502691886,0,24117248,0,5,0
0,1,1,0,5,5,1.0,50,0.0,11.8772377937237,0.0841946601867675,0.0721750259399414,0.1282438278198242,0.1312844657897949,0.0369362612638907,1.0,ATTACK,0,0,0,0,21216039069,2927520676,16592533,6153965,5,5.0,0.005,0.005,0.0,0,24117248,0,5,0
0,1,1,0,5,5,1.0,50,0.0,12.506885146571024,0.0799559593200683,0.0817101001739502,0.104642629623413,0.1119081974029541,0.0222873981281392,1.0,ATTACK,0,0,0,0,21216042645,2927532532,16592587,6154056,5,5.0,0.042,0.0173333333333333,0.0213619599600161,0,24117248,0,5,0
0,1,1,0,5,5,1.0,50,0.0,10.668815536983564,0.0937311172485351,0.0964288711547851,0.1103610515594482,0.1115191650390625,0.0153390608034793,1.0,ATTACK,0,0,0,0,21216046257,2927545518,16592643,6154156,5,5.0,0.072,0.0396666666666666,0.0335608899365516,0,24117248,0,5,0
0,1,1,0,5,5,1.0,50,0.0,13.832945484863355,0.0722911834716796,0.0678894519805908,0.086266803741455,0.0876406955718994,0.0119600157214465,1.0,ATTACK,0,0,0,0,21216049629,2927557234,16592695,6154246,5,5.0,0.073,0.0623333333333333,0.017616280348965,0,24117248,0,5,0
0,1,1,0,5,5,1.0,50,0.0,11.735864261091464,0.0852088928222656,0.0933790206909179,0.1111364364624023,0.1118196487426757,0.0254018189018809,1.0,ATTACK,0,0,0,0,21216053538,2927569717,16592754,6154345,5,5.0,0.073,0.0726666666666666,0.0005773502691886,0,24117248,0,5,0
0,1,1,0,5,5,1.0,50,0.0,84.17091437424244,0.0118805885314941,0.010869026184082,0.0140187263488769,0.014177770614624,0.0017504466542989,1.0,NORMAL,0,0,0,0,21216057594,2927583249,16592816,6154455,5,5.0,0.073,0.073,0.0,0,24117248,0,5,0
0,1,1,0,5,5,1.0,50,0.0,94.34730969947812,0.010599136352539,0.0107624530792236,0.0110947132110595,0.011248435974121,0.0005127845032702,1.0,NORMAL,0,0,0,0,21216061342,2927594575,16592868,6154548,5,5.0,0.042,0.0626666666666666,0.0178978583448783,0,24117248,0,5,0
0,1,1,0,5,5,1.0,50,0.0,55.07574006765133,0.0181568145751953,0.0154280662536621,0.0287567138671875,0.03447509765625,0.0090951731090544,1.0,NORMAL,0,0,0,0,21216065142,2927604977,16592917,6154634,5,5.0,0.042,0.0523333333333333,0.0178978583448783,0,24117248,0,5,0
0,1,1,0,5,5,1.0,50,0.0,86.9804982041094,0.0114968299865722,0.0120620727539062,0.0126220703125,0.0127828311920166,0.0011966636521169,1.0,NORMAL,0,0,0,0,21216068274,2927615325,16592965,6154720,5,5.0,0.042,0.042,0.0,0,24117248,0,5,0
0,1,1,0,5,5,1.0,50,0.0,88.40424410786476,0.0113116741180419,0.0102534294128417,0.0137086868286132,0.0147531604766845,0.0019600608031246,1.0,NORMAL,0,0,0,0,21216071499,2927625718,16593014,6154807,5,5.0,0.005,0.0296666666666666,0.0213619599600161,0,24117248,0,5,0
0,1,1,0,5,5,1.0,50,0.0,59.86116185604676,0.016705322265625,0.0125534534454345,0.0260413169860839,0.0316981601715087,0.0080753918574685,1.0,NORMAL,0,0,0,0,21216074931,2927636954,16593067,6154899,5,5.0,0.005,0.0173333333333333,0.0213619599600161,0,24117248,0,5,0
0,1,1,0,1,1,1.0,50,0.0,13.38146141511619,0.0747302532196045,0.0636234283447265,0.1107605457305908,0.134242877960205,0.0321257094809276,1.0,ATTACK,0,0,0,0,21216146443,2927835925,16594011,6156532,1,1.0,0.001,0.001,0.0,0,5242880,0,1,0
0,1,1,0,1,1,1.0,50,0.0,12.063433992718746,0.0828951358795166,0.0891060829162597,0.0996617794036865,0.0999057960510254,0.0171266015917604,1.0,ATTACK,0,0,0,0,21216150605,2927848863,16594073,6156634,1,1.0,0.001,0.001,0.0,0,5242880,0,1,0
0,1,1,0,1,1,1.0,50,0.0,11.42463041520646,0.0875301837921142,0.0879743099212646,0.1062353134155273,0.1072070884704589,0.016629006764206,1.0,ATTACK,0,0,0,0,21216154337,2927862317,16594131,6156739,1,1.0,0.011,0.0043333333333333,0.0057735026918962,0,5242880,0,1,0
0,1,1,0,1,1,1.0,50,0.0,10.171333565490007,0.0983155250549316,0.0895838737487793,0.1358171463012695,0.1516764259338379,0.0313217017144248,1.0,ATTACK,0,0,0,0,21216157973,2927874741,16594186,6156835,1,1.0,0.069,0.027,0.0367151195013716,0,5242880,0,1,0
0,1,1,0,1,2,0.5,50,0.0,12.97599645583593,0.077065372467041,0.0739276409149169,0.1070498943328857,0.1094504070281982,0.0276436956054647,1.0,ATTACK,0,0,0,0,21216178162,2927892376,16594267,6156950,2,1.3333333333333333,0.07,0.05,0.033778691508109,0,5242880,0,2,0
0,1,1,0,2,4,0.5,50,0.0,10.44975536787997,0.0956960201263427,0.1001818180084228,0.1417537689208984,0.1524456119537353,0.0411833786788351,1.0,ATTACK,0,0,0,0,21216187320,2927906420,16594333,6157058,4,2.333333333333333,0.081,0.0733333333333333,0.0066583281184793,0,9437184,2,2,0
0,1,1,0,4,5,0.8,50,0.0,65.09983113141949,0.0153610229492187,0.014984130859375,0.0199841976165771,0.0210461807250976,0.003905381647163,1.0,NORMAL,0,0,0,0,21216220818,2927931785,16594459,6157224,5,3.6666666666666665,0.081,0.0773333333333333,0.0063508529610858,0,9437184,1,4,0
0,1,1,0,4,5,0.8,50,0.0,60.34309917188912,0.0165719032287597,0.012772798538208,0.0251021862030029,0.0285205650329589,0.0069730434907648,1.0,NORMAL,0,0,0,0,21216241065,2927948340,16594541,6157338,5,4.666666666666667,0.091,0.0843333333333333,0.0057735026918962,0,17825792,0,5,0
0,1,1,0,5,5,1.0,50,0.0,85.46792026832618,0.0117002964019775,0.0104477405548095,0.0152313232421875,0.01808931350708,0.003375916747862,1.0,NORMAL,0,0,0,0,21216244497,2927959126,16594594,6157430,5,5.0,0.029,0.067,0.0332866339541864,0,22020096,0,5,0
0,1,1,0,5,5,1.0,50,0.0,84.26527373179307,0.0118672847747802,0.0115010738372802,0.0131544589996337,0.0139460754394531,0.0011732631813846,1.0,NORMAL,0,0,0,0,21216247629,2927969328,16594642,6157514,5,5.0,0.006,0.042,0.0439658958739612,0,24117248,0,5,0
0,1,1,0,5,5,1.0,50,0.0,65.93780852067285,0.0151658058166503,0.0137691497802734,0.0222213268280029,0.0256210803985595,0.0059977112084706,1.0,NORMAL,0,0,0,0,21216251001,2927980072,16594694,6157604,5,5.0,0.006,0.0136666666666666,0.0132790561913613,0,24117248,0,5,0
0,1,1,0,5,5,1.0,50,0.0,58.672754537926096,0.0170436859130859,0.011674165725708,0.0298684120178222,0.0403064537048339,0.01226513118301,1.0,NORMAL,0,0,0,0,21216254577,2927991566,16594748,6157698,5,5.0,0.005,0.0056666666666666,0.0005773502691883,0,24117248,0,5,0
0,1,1,0,5,5,1.0,50,0.0,61.029007775760114,0.0163856506347656,0.0125558376312255,0.0268069267272949,0.0324463462829589,0.0088392180600367,1.0,NORMAL,0,0,0,0,21216257862,2928002087,16594798,6157785,5,5.0,0.005,0.0053333333333333,0.0005773502691883,0,24117248,0,5,0
0,1,1,0,5,5,1.0,50,0.0,100.22806564773128,0.0099772453308105,0.009753942489624,0.010539960861206,0.0109457683563232,0.0005173751637229,1.0,NORMAL,0,0,0,0,21216260994,2928012535,16594846,6157871,5,5.0,0.005,0.005,0.0,0,24117248,0,5,0
0,1,1,0,5,5,1.0,50,0.0,62.843923430064606,0.0159124374389648,0.0124268531799316,0.023279333114624,0.0249411010742187,0.0058654433407935,1.0,NORMAL,0,0,0,0,21216264897,2928023500,16594900,6157963,5,5.0,0.006,0.0053333333333333,0.0005773502691883,0,24117248,0,5,0
0,1,1,0,5,5,1.0,50,0.0,63.667169611983255,0.0157066822052001,0.0108518600463867,0.0239290237426757,0.0250208759307861,0.0065419739558393,1.0,NORMAL,0,0,0,0,21216268512,2928034752,16594953,6158055,5,5.0,0.005,0.0053333333333333,0.0005773502691883,0,24117248,0,5,0
0,1,1,0,5,5,1.0,50,0.0,69.91345628142044,0.0143033981323242,0.0116991996765136,0.0200332164764404,0.0200374221801757,0.0047399166228538,1.0,NORMAL,0,0,0,0,21216271644,2928044976,16595001,6158140,5,5.0,0.005,0.0053333333333333,0.0005773502691883,0,24117248,0,5,0
0,1,1,0,5,5,1.0,50,0.0,84.79268337059844,0.0117934703826904,0.0104727745056152,0.014851951599121,0.0154816055297851,0.0024595362292165,1.0,NORMAL,0,0,0,0,21216274869,2928055325,16595050,6158226,5,5.0,0.005,0.005,0.0,0,24117248,0,5,0
0,1,1,0,5,5,1.0,50,0.0,10.291654254924987,0.097166109085083,0.0906348228454589,0.1178474903106689,0.1295463848114013,0.0180742871493478,1.0,ATTACK,0,0,0,0,21216278559,2928067071,16595107,6158324,5,5.0,0.005,0.005,0.0,0,25165824,0,5,0
0,1,1,0,5,2,2.5,50,0.0,10.187545086456696,0.0981590747833252,0.0969281196594238,0.1110361576080322,0.1189822769165039,0.0121490129384023,1.0,ATTACK,0,0,0,0,21216282075,2928079355,16595160,6158418,5,5.0,0.005,0.005,0.0,0,25165824,0,5,0
0,1,1,0,2,2,1.0,50,0.0,10.716798091659031,0.0933114528656005,0.0940203666687011,0.1328161716461181,0.1535553550720214,0.0366858737874261,1.0,ATTACK,0,0,0,0,21216285447,2928091333,16595212,6158510,5,5.0,0.005,0.005,0.0,0,25165824,0,5,0
0,1,1,0,2,2,1.0,50,0.0,13.487071806860094,0.0741450786590576,0.0656147003173828,0.1134210109710693,0.122236852645874,0.0348626807124443,1.0,ATTACK,0,0,0,0,21216289323,2928104641,16595271,6158612,5,5.0,0.055,0.0216666666666666,0.0288675134594812,0,25165824,0,5,0
0,1,1,0,2,4,0.5,50,0.0,8.802106308474468,0.1136091709136963,0.1221506595611572,0.152546739578247,0.1658722972869873,0.0408333079879,1.0,ATTACK,0,0,0,0,21216326014,2928128924,16595386,6158763,4,4.666666666666667,0.068,0.0426666666666666,0.0332615894589139,0,10485760,0,4,0
0,1,1,0,4,5,0.8,50,0.0,8.590093804234606,0.1164131641387939,0.1276023387908935,0.1347290992736816,0.1349593830108642,0.0232019679934972,1.0,ATTACK,0,0,0,0,21216346321,2928146971,16595469,6158882,5,4.666666666666667,0.099,0.074,0.0226053091109146,0,18874368,0,5,0
0,1,1,0,5,5,1.0,50,0.0,87.74364145283232,0.011396837234497,0.0117697715759277,0.0127304553985595,0.0130985832214355,0.0012488384508989,1.0,NORMAL,0,0,0,0,21216350617,2928160753,16595535,6158995,5,4.666666666666667,0.086,0.0843333333333333,0.0155670592384474,0,24117248,0,5,0
0,1,1,0,5,5,1.0,50,0.0,96.2512908303998,0.0103894710540771,0.0104305744171142,0.0110598087310791,0.0113766956329345,0.0006017766852206,1.0,NORMAL,0,0,0,0,21216354205,2928171229,16595589,6159083,5,5.0,0.086,0.0903333333333333,0.0075055534994651,0,24117248,0,5,0
0,1,1,0,5,5,1.0,50,0.0,84.15639032572624,0.0118826389312744,0.0126740932464599,0.0132282257080078,0.0134807395935058,0.0014069068078321,1.0,NORMAL,0,0,0,0,21216357577,2928181935,16595641,6159172,5,5.0,0.032,0.068,0.0311769145362397,0,24117248,0,5,0
0,1,1,0,5,5,1.0,50,0.0,97.6155056368054,0.0102442741394042,0.0104167461395263,0.0105148315429687,0.0105610942840576,0.0002883648655441,1.0,NORMAL,0,0,0,0,21216361042,2928193384,16595694,6159267,5,5.0,0.005,0.041,0.0412431812546025,0,24117248,0,5,0
0,1,1,0,5,5,1.0,50,0.0,76.28531623191674,0.0131086826324462,0.0127201080322265,0.0148497104644775,0.0156953144073486,0.0015252202325987,1.0,NORMAL,0,0,0,0,21216364174,2928203746,16595742,6159352,5,5.0,0.005,0.014,0.0155884572681197,0,24117248,0,5,0
0,1,1,0,5,5,1.0,50,0.0,79.90246281394782,0.0125152587890625,0.010345458984375,0.017289924621582,0.0179273891448974,0.0038271888634191,1.0,NORMAL,0,0,0,0,21216367306,2928214114,16595790,6159437,5,5.0,0.005,0.005,0.0,0,24117248,0,5,0
0,1,1,0,5,5,1.0,50,0.0,80.99082016088856,0.0123470783233642,0.0103547573089599,0.0170782566070556,0.0198951339721679,0.0040809434587223,1.0,NORMAL,0,0,0,0,21216370378,2928224456,16595837,6159523,5,5.0,0.005,0.005,0.0,0,24117248,0,5,0
0,1,1,0,5,5,1.0,50,0.0,61.25074476909237,0.0163263320922851,0.0122623443603515,0.0249170780181884,0.0259464454650878,0.0068887407343935,1.0,NORMAL,0,0,0,0,21216373894,2928235882,16595890,6159618,5,5.0,0.005,0.005,0.0,0,24117248,0,5,0
0,1,1,0,5,5,1.0,50,0.0,80.45823725978416,0.0124288082122802,0.0103392601013183,0.0165709972381591,0.0166017246246337,0.0033955309849019,1.0,NORMAL,0,0,0,0,21216377026,2928246222,16595938,6159702,5,5.0,0.005,0.005,0.0,0,24117248,0,5,0
0,1,1,0,5,5,1.0,50,0.0,65.13804724262708,0.0153520107269287,0.0140724182128906,0.0237948417663574,0.0291796875,0.0076104200596929,1.0,NORMAL,0,0,0,0,21216380807,2928256931,16595990,6159792,5,5.0,0.005,0.005,0.0,0,24117248,0,5,0
0,1,1,0,5,5,1.0,50,0.0,87.76861233526267,0.0113935947418212,0.0111210346221923,0.0136876106262207,0.0137262344360351,0.001987989546812,1.0,NORMAL,0,0,0,0,21216384607,2928267457,16596039,6159880,5,5.0,0.005,0.005,0.0,0,24117248,0,5,0
0,1,1,0,5,5,1.0,50,0.0,78.56855986812528,0.0127277374267578,0.0103492736816406,0.0169868469238281,0.0176932334899902,0.0033813011657868,1.0,NORMAL,0,0,0,0,21216387679,2928277695,16596086,6159963,5,5.0,0.005,0.005,0.0,0,24117248,0,5,0
0,1,1,0,5,5,1.0,50,0.0,13.464030467463964,0.0742719650268554,0.0761144161224365,0.1005208969116211,0.1068708229064941,0.0243256118602781,1.0,ATTACK,0,0,0,0,21216391051,2928289113,16596138,6160056,5,5.0,0.005,0.005,0.0,0,24117248,0,5,0
0,1,1,0,5,3,1.6666666666666667,50,0.0,9.1653733952472,0.1091063022613525,0.1284871101379394,0.1301277637481689,0.1304504013061523,0.0250499144531905,1.0,ATTACK,0,0,0,0,21216394423,2928301269,16596190,6160149,5,5.0,0.005,0.005,0.0,0,24117248,0,5,0
0,1,1,0,3,2,1.5,50,0.0,17.564837359049676,0.0569319248199462,0.0606122016906738,0.0832139492034912,0.096244421005249,0.0257957209118467,1.0,ATTACK,0,0,0,0,21216398092,2928313562,16596245,6160245,5,5.0,0.032,0.0139999999999999,0.0155884572681197,0,24117248,0,5,0
0,1,1,0,2,3,0.6666666666666666,50,0.0,8.871501573657316,0.1127204895019531,0.1009643077850341,0.1587424755096435,0.1613274383544921,0.0384303185708625,1.0,ATTACK,0,0,0,0,21216401704,2928326772,16596301,6160346,6,5.333333333333333,0.071,0.036,0.033181320046074,0,14680064,1,5,0
0,1,1,0,2,3,0.6666666666666666,50,0.0,10.49454918494239,0.0952875614166259,0.0934369564056396,0.1317417621612548,0.1332013130187988,0.0372395750850287,1.0,ATTACK,0,0,0,0,21216422073,2928344879,16596385,6160466,4,5.0,0.071,0.058,0.0225166604983953,0,14680064,0,4,0
0,1,1,0,3,5,0.6,50,0.0,15.090703159967129,0.0662659645080566,0.0686993598937988,0.0834907531738281,0.0914173030853271,0.0174887615009365,1.0,ATTACK,0,0,0,0,21216459707,2928370462,16596508,6160627,5,5.0,0.083,0.075,0.0069282032302754,0,14680064,0,5,0
0,1,1,0,5,5,1.0,50,0.0,53.0540418835982,0.018848705291748,0.0183780193328857,0.026927375793457,0.028441514968872,0.006954674270244,1.0,NORMAL,0,0,0,0,21216463703,2928383264,16596569,6160733,5,4.666666666666667,0.102,0.0853333333333333,0.0156311654502578,0,24117248,0,5,0
0,1,1,0,5,5,1.0,50,0.0,65.84381985783538,0.0151874542236328,0.0154595375061035,0.0179038524627685,0.018039207458496,0.0024921075453853,1.0,NORMAL,0,0,0,0,21216467408,2928395141,16596626,6160832,5,5.0,0.032,0.0723333333333333,0.0361985266735171,0,24117248,0,5,0
0,1,1,0,5,5,1.0,50,0.0,55.181821052299206,0.0181219100952148,0.0107707977294921,0.0324633598327636,0.0423726844787597,0.0128603013315858,1.0,NORMAL,0,0,0,0,21216470780,2928405741,16596678,6160922,5,5.0,0.032,0.0553333333333333,0.0404145188432737,0,24117248,0,5,0
0,1,1,0,5,5,1.0,50,0.0,58.24920631834481,0.0171676158905029,0.0142502784729003,0.0248928070068359,0.0311249732971191,0.0073745403011838,1.0,NORMAL,0,0,0,0,21216478483,2928423205,16596754,6161035,5,5.0,0.005,0.023,0.0155884572681197,0,26214400,0,5,0
0,1,1,0,5,5,1.0,50,0.0,79.14647263285416,0.012634801864624,0.0132064819335937,0.0151685237884521,0.0160112953186035,0.0023259426795284,1.0,NORMAL,0,0,0,0,21216481555,2928433627,16596801,6161121,5,5.0,0.005,0.014,0.0155884572681197,0,26214400,0,5,0
0,1,1,0,5,5,1.0,50,0.0,77.42282275630376,0.012916088104248,0.0116701126098632,0.0158990859985351,0.0159425163269042,0.0025408367239296,1.0,NORMAL,0,0,0,0,21216484627,2928443935,16596848,6161205,5,5.0,0.005,0.005,0.0,0,26214400,0,5,0
0,1,1,0,5,5,1.0,50,0.0,98.64726164324924,0.010137128829956,0.0104141235351562,0.0109211921691894,0.0109356117248535,0.0009941210859604,1.0,NORMAL,0,0,0,0,21216488059,2928455371,16596901,6161299,5,5.0,0.005,0.005,0.0,0,26214400,0,5,0
0,1,1,0,5,5,1.0,50,0.0,103.83431284689388,0.0096307277679443,0.0098834037780761,0.0100264549255371,0.0100839614868164,0.0004293303760732,1.0,NORMAL,0,0,0,0,21216491131,2928465577,16596948,6161383,5,5.0,0.005,0.005,0.0,0,26214400,0,5,0
0,1,1,0,5,5,1.0,50,0.0,60.17376533645514,0.016618537902832,0.0116279125213623,0.0257990837097167,0.0277815151214599,0.0072887736532961,1.0,NORMAL,0,0,0,0,21216494516,2928476222,16596999,6161473,5,5.0,0.005,0.005,0.0,0,26214400,0,5,0
0,1,1,0,5,5,1.0,50,0.0,77.68265398349409,0.0128728866577148,0.0139365196228027,0.0148964881896972,0.0149079895019531,0.0021132729446658,1.0,NORMAL,0,0,0,0,21216497648,2928486562,16597047,6161557,5,5.0,0.005,0.005,0.0,0,26214400,0,5,0
0,1,1,0,5,5,1.0,50,0.0,67.950801612297,0.0147165298461914,0.0146746635437011,0.017758560180664,0.0192878913879394,0.0026944485096242,1.0,NORMAL,0,0,0,0,21216501224,2928498272,16597101,6161654,5,5.0,0.005,0.005,0.0,0,26214400,0,5,0
0,1,1,0,5,5,1.0,50,0.0,84.87263956227184,0.0117823600769042,0.0108904838562011,0.0145440578460693,0.0152012634277343,0.0022303803670299,1.0,NORMAL,0,0,0,0,21216504416,2928508592,16597150,6161739,5,5.0,0.005,0.005,0.0,0,26214400,0,5,0
0,1,1,0,1,1,1.0,50,0.0,28.582144882027126,0.0349868774414062,0.0169517993927001,0.0683858394622802,0.0756132125854492,0.0264529713709614,1.0,ATTACK,0,0,0,0,21216567224,2928701457,16598064,6163339,1,1.0,0.001,0.001,0.0,0,5242880,0,1,0
0,1,1,0,1,1,1.0,50,0.0,60.49558359439454,0.0165301322937011,0.0143473148345947,0.0214478492736816,0.0236488056182861,0.0040303108658756,1.0,ATTACK,0,0,0,0,21216570569,2928712780,16598115,6163428,1,1.0,0.001,0.001,0.0,0,5242880,0,1,0
0,1,1,0,1,2,0.5,50,0.0,52.08283973704667,0.0192001819610595,0.0164151191711425,0.0264830589294433,0.0315676689147949,0.0065859308159386,1.0,ATTACK,0,0,0,0,21216591315,2928731177,16598205,6163554,2,1.3333333333333333,0.022,0.008,0.0121243556529821,0,5242880,0,2,0
0,1,1,0,2,3,0.6666666666666666,50,0.0,73.95744140611224,0.0135212898254394,0.0123293399810791,0.0158029556274414,0.0168100929260253,0.0018605619284557,1.0,ATTACK,0,0,0,0,21216594387,2928742401,16598252,6163642,3,2.0,0.043,0.022,0.021,0,9437184,1,2,0
0,1,1,0,2,3,0.6666666666666666,50,0.0,56.23054730316713,0.0177839279174804,0.0132937431335449,0.0278696537017822,0.0335905265808105,0.0085982085659643,1.0,ATTACK,0,0,0,0,21216614814,2928760758,16598337,6163766,3,2.6666666666666665,0.043,0.036,0.0121243556529821,0,9437184,0,3,0
0,1,1,0,3,3,1.0,50,0.0,89.8626662038882,0.0111280918121337,0.0103774070739746,0.0133368015289306,0.0138286972045898,0.001832447655884,1.0,ATTACK,0,0,0,0,21216618006,2928771872,16598386,6163853,3,3.0,0.045,0.0436666666666666,0.0011547005383792,0,14680064,0,3,0
0,1,1,0,3,3,1.0,50,0.0,87.41119882626565,0.0114401817321777,0.0106422901153564,0.0135289669036865,0.0139045619964599,0.0016785713699666,1.0,ATTACK,0,0,0,0,21216621702,2928784002,16598442,6163949,3,3.0,0.045,0.0443333333333333,0.0011547005383792,0,14680064,0,3,0
0,1,1,0,3,3,1.0,50,0.0,77.96567825595575,0.0128261566162109,0.0146050453186035,0.0147917747497558,0.0148597526550292,0.0023307102898436,1.0,ATTACK,0,0,0,0,21216624927,2928794965,16598491,6164035,3,3.0,0.045,0.045,0.0,0,14680064,0,3,0
0,1,1,0,3,3,1.0,50,0.0,58.778823219455866,0.0170129299163818,0.016913890838623,0.0218315124511718,0.0230580329895019,0.0041341520746413,1.0,ATTACK,0,0,0,0,21216628239,2928806853,16598542,6164127,3,3.0,0.032,0.0406666666666666,0.0075055534994651,0,15728640,0,3,0
0,1,1,0,3,3,1.0,50,0.0,66.50236245441573,0.0150370597839355,0.0115725994110107,0.0226167678833007,0.0242660903930664,0.0060372016222011,1.0,ATTACK,0,0,0,0,21216631371,2928817883,16598590,6164213,3,3.0,0.032,0.0363333333333333,0.0075055534994651,0,15728640,0,3,0
0,1,1,0,3,3,1.0,50,0.0,70.81551817871771,0.0141211986541748,0.0138165950775146,0.0171598434448242,0.0181868934631347,0.0026169255876231,1.0,ATTACK,0,0,0,0,21216634866,2928829139,16598641,6164301,3,3.0,0.033,0.0323333333333333,0.0005773502691895,0,15728640,0,3,0
0,1,1,0,3,3,1.0,50,0.0,55.85137208113176,0.0179046630859375,0.0203585624694824,0.0231680393218994,0.0247548770904541,0.0052454439058471,1.0,ATTACK,0,0,0,0,21216638178,2928841187,16598692,6164394,3,3.0,0.033,0.0326666666666666,0.0005773502691895,0,15728640,0,3,0
0,1,1,0,3,3,1.0,50,0.0,65.73855692853606,0.0152117729187011,0.0143299102783203,0.02030611038208,0.0231612682342529,0.0045201282253527,1.0,NORMAL,0,0,0,0,21216642207,2928854010,16598753,6164499,3,3.0,0.032,0.0326666666666666,0.0005773502691895,0,15728640,0,3,0
0,1,1,0,3,3,1.0,50,0.0,102.74566289910882,0.0097327709197998,0.0096750259399414,0.0101131439208984,0.0102329635620117,0.0003452007402399,1.0,NORMAL,0,0,0,0,21216645279,2928864378,16598800,6164584,3,3.0,0.007,0.0239999999999999,0.0147309198626562,0,15728640,0,3,0
0,1,1,0,3,3,1.0,50,0.0,97.49932587612858,0.0102564811706542,0.0100951194763183,0.0110092163085937,0.0113250732421875,0.000672772711559,1.0,NORMAL,0,0,0,0,21216648651,2928875750,16598852,6164678,3,3.0,0.003,0.014,0.0157162336455017,0,15728640,0,3,0
0,1,1,0,3,3,1.0,50,0.0,56.97126107354655,0.0175527095794677,0.0155203342437744,0.0260953903198242,0.0304809093475341,0.0072966376691366,1.0,NORMAL,0,0,0,0,21216651723,2928886064,16598899,6164763,3,3.0,0.003,0.0043333333333333,0.0023094010767584,0,15728640,0,3,0
0,1,1,0,3,3,1.0,50,0.0,71.41647738301589,0.0140023708343505,0.013749361038208,0.0160070419311523,0.0169292068481445,0.001765135781141,1.0,NORMAL,0,0,0,0,21216654975,2928896750,16598949,6164852,3,3.0,0.003,0.003,0.0,0,15728640,0,3,0
0,1,1,0,3,3,1.0,50,0.0,76.46750822230487,0.0130774497985839,0.0113215446472167,0.0170032501220703,0.0175528240203857,0.003160739154973,1.0,NORMAL,0,0,0,0,21216658636,2928907349,16598999,6164940,3,3.0,0.003,0.003,0.0,0,15728640,0,3,0
0,1,1,0,3,3,1.0,50,0.0,80.92706287310769,0.0123568058013916,0.0101780891418457,0.0169142246246337,0.0172488784790039,0.0036842672441767,1.0,NORMAL,0,0,0,0,21216662556,2928917907,16599050,6165027,3,3.0,0.003,0.003,0.0,0,15728640,0,3,0
0,1,1,0,3,3,1.0,50,0.0,87.00792432477284,0.0114932060241699,0.0097894668579101,0.0152070522308349,0.0180081367492675,0.0034383042107332,1.0,NORMAL,0,0,0,0,21216665928,2928929391,16599102,6165122,3,3.0,0.003,0.003,0.0,0,15728640,0,3,0
0,1,1,0,3,3,1.0,50,0.0,95.6878347918929,0.0104506492614746,0.0102326869964599,0.0118635654449462,0.0124681568145751,0.0011971050409342,1.0,NORMAL,0,0,0,0,21216669060,2928939675,16599150,6165208,3,3.0,0.003,0.003,0.0,0,15728640,0,3,0
0,1,1,0,3,3,1.0,50,0.0,49.84294786477545,0.0200630187988281,0.013970136642456,0.0339274406433105,0.0438159942626953,0.0126208886601358,1.0,NORMAL,0,0,0,0,21216672312,2928950161,16599200,6165295,3,3.0,0.003,0.003,0.0,0,15728640,0,3,0
0,1,1,0,3,3,1.0,50,0.0,55.21480081196997,0.0181110858917236,0.0141465663909912,0.02672119140625,0.0269815158843994,0.0071815982891459,1.0,NORMAL,0,0,0,0,21216675444,2928960621,16599248,6165381,3,3.0,0.003,0.003,0.0,0,15728640,0,3,0
0,1,1,0,3,1,3.0,50,0.0,63.88069157944757,0.015654182434082,0.0126509666442871,0.0245092391967773,0.0308643150329589,0.0080995233176455,1.0,NORMAL,0,0,0,0,21216679173,2928972302,16599304,6165478,3,3.0,0.003,0.003,0.0,0,15728640,0,3,0
0,1,1,0,1,1,1.0,50,0.0,27.958447985324547,0.0357673645019531,0.0190558433532714,0.0708451271057128,0.079789113998413,0.02790087070466,1.0,ATTACK,0,0,0,0,21216682365,2928982682,16599353,6165564,3,3.0,0.003,0.003,0.0,0,15728640,0,3,0
0,1,1,0,1,1,1.0,50,0.0,67.95234284121949,0.0147161960601806,0.0134181976318359,0.019556713104248,0.020995922088623,0.0039790038953991,1.0,ATTACK,0,0,0,0,21216685617,2928993888,16599403,6165651,3,3.0,0.003,0.003,0.0,0,15728640,0,3,0
0,1,1,0,1,2,0.5,50,0.0,72.95025341157728,0.0137079715728759,0.0118434429168701,0.019634199142456,0.0239976596832275,0.0054824184217151,1.0,ATTACK,0,0,0,0,21216706816,2929012706,16599494,6165780,2,2.6666666666666665,0.017,0.0076666666666666,0.0080829037686547,0,5242880,0,2,0
0,1,1,0,2,3,0.6666666666666666,50,0.0,62.413752053522536,0.0160221099853515,0.0166671276092529,0.0183554172515869,0.0192675399780273,0.00239059698036,1.0,ATTACK,0,0,0,0,21216727063,2929029845,16599576,6165894,3,2.6666666666666665,0.044,0.0213333333333333,0.0208406653764541,0,9437184,1,2,0
0,1,1,0,2,3,0.6666666666666666,50,0.0,81.39001113840733,0.0122865200042724,0.0115199089050292,0.0143474578857421,0.0154646301269531,0.0017477667217501,1.0,ATTACK,0,0,0,0,21216730588,2929042062,16599630,6165989,3,2.6666666666666665,0.0549999999999999,0.0386666666666666,0.0195533458347499,0,13631488,0,3,0
0,1,1,0,3,3,1.0,50,0.0,57.35784654264194,0.0174344062805175,0.0118112564086914,0.0287415981292724,0.0349342823028564,0.0095415593126541,1.0,ATTACK,0,0,0,0,21216733900,2929053318,16599681,6166079,3,3.0,0.0549999999999999,0.0513333333333333,0.0063508529610858,0,13631488,0,3,0
0,1,1,0,3,3,1.0,50,0.0,50.9701614059648,0.0196193218231201,0.0170361995697021,0.026673412322998,0.0303400135040283,0.0059498381698524,1.0,ATTACK,0,0,0,0,21216747153,2929075779,16599790,6166228,3,3.0,0.032,0.0473333333333333,0.0132790561913613,0,14680064,0,3,0
0,1,1,0,3,3,1.0,50,0.0,61.14823216566267,0.016353702545166,0.0151362419128417,0.0191717147827148,0.0207647323608398,0.0024050179056628,1.0,ATTACK,0,0,0,0,21216750345,2929086723,16599839,6166313,3,3.0,0.032,0.0396666666666666,0.0132790561913613,0,14680064,0,3,0
0,1,1,0,3,3,1.0,50,0.0,72.79351327335333,0.0137374877929687,0.0138490200042724,0.0168120861053466,0.0174377918243408,0.002706002207247,1.0,ATTACK,0,0,0,0,21216753657,2929098475,16599890,6166403,3,3.0,0.032,0.032,0.0,0,14680064,0,3,0
0,1,1,0,3,3,1.0,50,0.0,46.76330829213688,0.0213842868804931,0.0174448490142822,0.0317664623260498,0.0372941303253173,0.0087910248122459,1.0,ATTACK,0,0,0,0,21216756729,2929109491,16599937,6166490,3,3.0,0.032,0.032,0.0,0,14680064,0,3,0
0,1,1,0,3,3,1.0,50,0.0,50.901253385889454,0.019645881652832,0.017021894454956,0.0304504871368408,0.0374723815917968,0.0096846547307871,1.0,ATTACK,0,0,0,0,21216760101,2929121523,16599989,6166583,3,3.0,0.032,0.032,0.0,0,14680064,0,3,0
0,1,1,0,3,3,1.0,50,0.0,78.0623187704494,0.0128102779388427,0.0118038654327392,0.0168673515319824,0.0191069316864013,0.0035002496012378,1.0,ATTACK,0,0,0,0,21216763293,2929132463,16600038,6166669,3,3.0,0.032,0.032,0.0,0,14680064,0,3,0
0,1,1,0,3,3,1.0,50,0.0,70.56009959120502,0.0141723155975341,0.0134415626525878,0.0191262245178222,0.0217910099029541,0.0043250841256209,1.0,NORMAL,0,0,0,0,21216767515,2929145543,16600101,6166777,3,3.0,0.032,0.032,0.0,0,14680064,0,3,0
0,1,1,0,3,3,1.0,50,0.0,86.57939171754953,0.0115500926971435,0.0108532905578613,0.0135239601135253,0.0148715877532958,0.0017814416164166,1.0,NORMAL,0,0,0,0,21216770887,2929156899,16600153,6166871,3,3.0,0.031,0.0316666666666666,0.0005773502691891,0,14680064,0,3,0
0,1,1,0,3,3,1.0,50,0.0,76.14101586610028,0.0131335258483886,0.0134422779083251,0.0149943828582763,0.0156089305877685,0.0020783819991198,1.0,NORMAL,0,0,0,0,21216774019,2929167347,16600201,6166957,3,3.0,0.003,0.022,0.0164620776331543,0,14680064,0,3,0
0,1,1,0,3,3,1.0,50,0.0,71.1318540427235,0.0140583992004394,0.0130126476287841,0.0186480045318603,0.0192152595520019,0.0038174656371443,1.0,NORMAL,0,0,0,0,21216777211,2929177813,16600250,6167044,3,3.0,0.003,0.0123333333333333,0.0161658075373095,0,14680064,0,3,0
0,1,1,0,3,3,1.0,50,0.0,75.62373338526002,0.0132233619689941,0.0109353065490722,0.0179670333862304,0.0188688564300537,0.0037747593911614,1.0,NORMAL,0,0,0,0,21216780343,2929188213,16600298,6167130,3,3.0,0.003,0.003,0.0,0,14680064,0,3,0
0,1,1,0,3,3,1.0,50,0.0,99.6963214390979,0.010030460357666,0.010002851486206,0.0106585025787353,0.0106954097747802,0.0006086875987793,1.0,NORMAL,0,0,0,0,21216783941,2929199043,16600352,6167222,3,3.0,0.003,0.003,0.0,0,14680064,0,3,0
0,1,1,0,3,3,1.0,50,0.0,54.49667638544574,0.0183497428894042,0.0165495872497558,0.024631118774414,0.0255047893524169,0.005244451465127,1.0,NORMAL,0,0,0,0,21216787253,2929210589,16600403,6167315,3,3.0,0.003,0.003,0.0,0,14680064,0,3,0
0,1,1,0,3,3,1.0,50,0.0,61.73632228911229,0.016197919845581,0.0147297382354736,0.0259499549865722,0.0325048446655273,0.008916099629829,1.0,NORMAL,0,0,0,0,21216790445,2929221071,16600452,6167402,3,3.0,0.003,0.003,0.0,0,14680064,0,3,0
0,1,1,0,3,3,1.0,50,0.0,93.32621310833424,0.010715103149414,0.0096843242645263,0.0134888172149658,0.0155639457702636,0.0025703664064121,1.0,NORMAL,0,0,0,0,21216793577,2929231595,16600500,6167489,3,3.0,0.003,0.003,0.0,0,14680064,0,3,0
0,1,1,0,3,3,1.0,50,0.0,87.63620864012837,0.0114108085632324,0.00996994972229,0.0146287441253662,0.0170297718048095,0.002967632819768,1.0,NORMAL,0,0,0,0,21216797145,2929242107,16600549,6167576,3,3.0,0.003,0.003,0.0,0,14680064,0,3,0
0,1,1,0,3,3,1.0,50,0.0,54.719352077984425,0.0182750701904296,0.0177438259124755,0.0252026557922363,0.0286363983154296,0.0061266789439136,1.0,NORMAL,0,0,0,0,21216802014,2929254511,16600614,6167682,3,3.0,0.003,0.003,0.0,0,14680064,0,3,0
0,1,1,0,3,3,1.0,50,0.0,93.86632291792552,0.0106534481048583,0.0101373195648193,0.0117352485656738,0.0117624568939208,0.0008884149050868,1.0,NORMAL,0,0,0,0,21216805359,2929264920,16600665,6167769,3,3.0,0.003,0.003,0.0,0,14680064,0,3,0
0,1,1,0,3,1,3.0,50,0.0,27.074943226784303,0.0369345188140869,0.0161442756652832,0.0764730930328369,0.0880936241149902,0.0314269365094952,1.0,ATTACK,0,0,0,0,21216808491,2929275272,16600713,6167854,3,3.0,0.003,0.003,0.0,0,15728640,0,3,0
0,1,1,0,3,1,3.0,50,0.0,67.13056059718501,0.0148963451385498,0.0149669647216796,0.0206102848052978,0.0208156776428222,0.0050883470248447,1.0,ATTACK,0,0,0,0,21216811503,2929286060,16600759,6167937,3,3.0,0.013,0.0063333333333333,0.0057735026918961,0,15728640,0,3,0
0,1,1,0,1,1,1.0,50,0.0,58.33994953695848,0.0171409130096435,0.0144159793853759,0.0244270801544189,0.0269282722473144,0.0059031815775926,1.0,ATTACK,0,0,0,0,21216815055,2929298200,16600814,6168031,3,3.0,0.013,0.0096666666666666,0.0057735026918961,0,15728640,0,3,0
0,1,1,0,1,2,0.5,50,0.0,81.89696647817802,0.012210464477539,0.0118746757507324,0.0134885311126708,0.0138932228088378,0.0010454277577661,1.0,ATTACK,0,0,0,0,21216835303,2929315623,16600896,6168148,2,2.6666666666666665,0.03,0.0186666666666666,0.0098149545762236,0,5242880,0,2,0
0,1,1,0,2,3,0.6666666666666666,50,0.0,34.71261133465862,0.0288079738616943,0.0291628837585449,0.0399074077606201,0.0423937511444091,0.0097091867058281,1.0,ATTACK,0,0,0,0,21216839422,2929328092,16600953,6168247,3,2.6666666666666665,0.044,0.0289999999999999,0.01552417469626,0,9437184,1,2,0
0,1,1,0,2,3,0.6666666666666666,50,0.0,79.98871008959459,0.0125017642974853,0.0121309757232666,0.0146374702453613,0.0157665729522705,0.0020010616383094,1.0,ATTACK,0,0,0,0,21216858956,2929344871,16601030,6168356,3,2.6666666666666665,0.044,0.0393333333333333,0.0080829037686547,0,9437184,0,3,0
0,1,1,0,3,3,1.0,50,0.0,72.63870319697966,0.0137667655944824,0.0137288570404052,0.0148354530334472,0.0154057121276855,0.0009785697771655,1.0,ATTACK,0,0,0,0,21216863483,2929357758,16601093,6168460,3,3.0,0.045,0.0443333333333333,0.0005773502691894,0,13631488,0,3,0
0,1,1,0,3,3,1.0,50,0.0,71.23792830525804,0.0140374660491943,0.0133109092712402,0.0181150913238525,0.0199086952209472,0.0034720280171007,1.0,ATTACK,0,0,0,0,21216866795,2929368996,16601144,6168548,3,3.0,0.044,0.0443333333333333,0.0005773502691894,0,13631488,0,3,0
0,1,1,0,3,3,1.0,50,0.0,54.00006694802001,0.0185184955596923,0.0157885551452636,0.0304556369781494,0.0361944484710693,0.010096343713642,1.0,ATTACK,0,0,0,0,21216870107,2929380868,16601195,6168640,3,3.0,0.032,0.0403333333333333,0.0072341781380702,0,14680064,0,3,0
0,1,1,0,3,3,1.0,50,0.0,70.3140601163434,0.0142219066619873,0.0138185024261474,0.0177752017974853,0.0190769100189209,0.0030008519580894,1.0,ATTACK,0,0,0,0,21216873272,2929391637,16601243,6168724,3,3.0,0.032,0.036,0.0069282032302754,0,14680064,0,3,0
0,1,1,0,3,3,1.0,50,0.0,67.29103428802453,0.0148608207702636,0.0165636539459228,0.0193199634552001,0.0205540370941162,0.0042913280024157,1.0,ATTACK,0,0,0,0,21216876842,2929403535,16601298,6168818,3,3.0,0.033,0.0323333333333333,0.0005773502691893,0,14680064,0,3,0
0,1,1,0,3,3,1.0,50,0.0,58.47855244702596,0.0171002864837646,0.0188851356506347,0.0213841915130615,0.0222105693817138,0.0042156830168063,1.0,ATTACK,0,0,0,0,21216879914,2929414377,16601345,6168902,3,3.0,0.032,0.0323333333333333,0.0005773502691893,0,14680064,0,3,0
0,1,1,0,3,3,1.0,50,0.0,92.43522950660709,0.0108183860778808,0.0110218524932861,0.0120564460754394,0.0123610591888427,0.0011156886466027,1.0,NORMAL,0,0,0,0,21216883790,2929427079,16601404,6169006,3,3.0,0.028,0.031,0.0026457513110645,0,14680064,0,3,0
0,1,1,0,3,3,1.0,50,0.0,105.8771974110686,0.0094449043273925,0.0093495845794677,0.0099669456481933,0.0101269340515136,0.0004391050812801,1.0,NORMAL,0,0,0,0,21216887102,2929438407,16601455,6169099,3,3.0,0.028,0.0293333333333333,0.0023094010767584,0,14680064,0,3,0
0,1,1,0,3,3,1.0,50,0.0,65.13986817665074,0.0153515815734863,0.0114722251892089,0.0226348400115966,0.0227476215362548,0.0059500592855875,1.0,NORMAL,0,0,0,0,21216890354,2929448825,16601505,6169186,3,3.0,0.003,0.0196666666666666,0.0144337567297406,0,14680064,0,3,0
0,1,1,0,3,3,1.0,50,0.0,57.98363193983632,0.0172462463378906,0.0131106376647949,0.0281172752380371,0.0323585128784179,0.0088395849132039,1.0,NORMAL,0,0,0,0,21216893639,2929459336,16601555,6169274,3,3.0,0.003,0.0113333333333333,0.0144337567297406,0,14680064,0,3,0
0,1,1,0,3,3,1.0,50,0.0,102.60641524942756,0.009745979309082,0.0097839832305908,0.0099849700927734,0.0100021362304687,0.0002299312831253,1.0,NORMAL,0,0,0,0,21216896831,2929469786,16601604,6169361,3,3.0,0.003,0.003,0.0,0,14680064,0,3,0
0,1,1,0,3,3,1.0,50,0.0,75.28844117193026,0.0132822513580322,0.0128557682037353,0.0172372341156005,0.0185222911834716,0.0033337780494172,1.0,NORMAL,0,0,0,0,21216900023,2929480326,16601653,6169448,3,3.0,0.003,0.003,0.0,0,14680064,0,3,0
0,1,1,0,3,3,1.0,50,0.0,85.33506947976643,0.0117185115814208,0.0100810527801513,0.0147419452667236,0.0161235618591308,0.0024749527260542,1.0,NORMAL,0,0,0,0,21216903395,2929491644,16601705,6169542,3,3.0,0.003,0.003,0.0,0,14680064,0,3,0
0,1,1,0,3,3,1.0,50,0.0,72.91829362002483,0.0137139797210693,0.0136580467224121,0.0183337688446044,0.0209957218170166,0.0041753978275868,1.0,NORMAL,0,0,0,0,21216906527,2929501894,16601753,6169627,3,3.0,0.003,0.003,0.0,0,14680064,0,3,0
0,1,1,0,3,3,1.0,50,0.0,76.47392162082332,0.0130763530731201,0.0122840404510498,0.0165655136108398,0.0173133563995361,0.0028648974227319,1.0,NORMAL,0,0,0,0,21216909752,2929512265,16601802,6169713,3,3.0,0.003,0.003,0.0,0,14680064,0,3,0
0,1,1,0,3,3,1.0,50,0.0,58.69656606593579,0.0170367717742919,0.0148541927337646,0.0247346878051757,0.0281711769104003,0.0064337923579378,1.0,NORMAL,0,0,0,0,21216912884,2929522645,16601850,6169799,3,3.0,0.003,0.003,0.0,0,14680064,0,3,0
0,1,1,0,3,3,1.0,50,0.0,63.30833786149852,0.0157957077026367,0.0137500762939453,0.024414587020874,0.0302392292022705,0.0078139571249195,1.0,NORMAL,0,0,0,0,21216916016,2929533037,16601898,6169886,3,3.0,0.003,0.003,0.0,0,14680064,0,3,0
0,1,1,0,3,3,1.0,50,0.0,93.02071412730096,0.0107502937316894,0.0104792118072509,0.0118030548095703,0.012051191329956,0.0009181544985543,1.0,NORMAL,0,0,0,0,21216919712,2929544747,16601954,6169983,3,3.0,0.003,0.003,0.0,0,14680064,0,3,0
0,1,1,0,1,1,1.0,50,0.0,19.54650183054588,0.0511600494384765,0.0460834503173828,0.0621840000152587,0.0630475425720214,0.0090281826530385,1.0,ATTACK,0,0,0,0,21216980673,2929734785,16602860,6171580,1,1.0,0.001,0.001,0.0,0,5242880,0,1,0
0,1,1,0,1,2,0.5,50,0.0,21.941464374122457,0.0455758094787597,0.0421843528747558,0.0658833980560302,0.0695144653320312,0.0169975595945833,1.0,ATTACK,0,0,0,0,21216984138,2929746744,16602913,6171672,2,1.5,0.022,0.0115,0.0148492424049174,0,5242880,1,1,0
0,1,1,0,1,2,0.5,50,0.0,52.86093816953596,0.0189175605773925,0.0156891345977783,0.0286550998687744,0.0317988204956054,0.0078974859702097,1.0,ATTACK,0,0,0,0,21217004205,2929763755,16602992,6171785,2,1.6666666666666667,0.039,0.0206666666666666,0.0190350553803589,0,9437184,0,2,0
0,1,1,0,2,2,1.0,50,0.0,30.168858557581373,0.0331467628479003,0.0324649810791015,0.0414658069610595,0.0426800537109375,0.0071085087428138,1.0,ATTACK,0,0,0,0,21217007781,2929775851,16603046,6171878,2,2.0,0.039,0.0333333333333333,0.0098149545762236,0,9437184,0,2,0
0,1,1,0,2,4,0.5,50,0.0,18.85482120685485,0.0530368328094482,0.0541808605194091,0.0774837017059326,0.0801978397369384,0.0216213361636287,1.0,ATTACK,0,0,0,0,21217044380,2929799539,16603160,6172023,4,2.6666666666666665,0.055,0.0443333333333333,0.009237604307034,0,9437184,1,3,0
0,1,1,0,4,5,0.8,50,0.0,52.44020574474949,0.0190693378448486,0.015089988708496,0.0287553787231445,0.0318030548095703,0.0078073527203525,1.0,ATTACK,0,0,0,0,21217047812,2929811689,16603213,6172117,5,3.6666666666666665,0.072,0.0553333333333333,0.0165025250593154,0,14680064,1,4,0
0,1,1,0,4,5,0.8,50,0.0,71.40966837942106,0.0140037059783935,0.0120942592620849,0.0189254760742187,0.0215271759033203,0.0041883662535974,1.0,NORMAL,0,0,0,0,21217068957,2929830801,16603308,6172251,5,4.666666666666667,0.048,0.0583333333333333,0.0123423390543824,0,24117248,0,5,0
0,1,1,0,5,5,1.0,50,0.0,63.52946165940135,0.0157407283782958,0.0145468711853027,0.0230404376983642,0.0273200416564941,0.0064444811602023,1.0,NORMAL,0,0,0,0,21217072749,2929842719,16603367,6172352,5,5.0,0.048,0.056,0.013856406460551,0,24117248,0,5,0
0,1,1,0,5,5,1.0,50,0.0,66.00837241509552,0.0151495933532714,0.012359619140625,0.0230024814605712,0.0277338123321533,0.0068201101279327,1.0,NORMAL,0,0,0,0,21217076001,2929853253,16603417,6172440,5,5.0,0.032,0.0426666666666666,0.009237604307034,0,25165824,0,5,0
0,1,1,0,5,5,1.0,50,0.0,79.9884050011061,0.0125018119812011,0.0108547210693359,0.0160532474517822,0.0171142864227294,0.0028358006789645,1.0,NORMAL,0,0,0,0,21217079253,2929863853,16603467,6172528,5,5.0,0.005,0.0283333333333333,0.021733231083604,0,25165824,0,5,0
0,1,1,0,5,5,1.0,50,0.0,61.68910591107647,0.0162103176116943,0.0121340751647949,0.023531150817871,0.0242605400085449,0.005882789424229,1.0,NORMAL,0,0,0,0,21217082325,2929874227,16603514,6172614,5,5.0,0.005,0.014,0.0155884572681198,0,25165824,0,5,0
0,1,1,0,5,5,1.0,50,0.0,68.31759351860599,0.0146375179290771,0.012592077255249,0.0196996212005615,0.0197315502166748,0.0041971475024579,1.0,NORMAL,0,0,0,0,21217085697,2929885567,16603566,6172708,5,5.0,0.005,0.005,0.0,0,25165824,0,5,0
0,1,1,0,5,5,1.0,50,0.0,18.188340184905726,0.0549802780151367,0.0549020767211914,0.0738386631011962,0.0841634941101074,0.0171167533256872,1.0,ATTACK,0,0,0,0,21217089478,2929896328,16603618,6172798,5,5.0,0.005,0.005,0.0,0,25165824,0,5,0
0,1,1,0,5,5,1.0,50,0.0,26.05856975287779,0.0383750915527343,0.0378844738006591,0.0559071540832519,0.0571294689178466,0.0172245338804067,1.0,ATTACK,0,0,0,0,21217093782,2929908604,16603674,6172893,5,5.0,0.022,0.0106666666666666,0.0098149545762236,0,25165824,0,5,0
0,1,1,0,5,5,1.0,50,0.0,24.003662668253824,0.0416603088378906,0.0249640941619873,0.0704858303070068,0.0763729572296142,0.0228185041143163,1.0,ATTACK,0,0,0,0,21217097154,2929920518,16603726,6172985,5,5.0,0.022,0.0163333333333333,0.0098149545762236,0,25165824,0,5,0
0,1,1,0,5,5,1.0,50,0.0,67.1385123670613,0.0148945808410644,0.0152304172515869,0.016480016708374,0.016772871017456,0.0018646769693649,1.0,ATTACK,0,0,0,0,21217100346,2929931510,16603775,6173069,5,5.0,0.058,0.034,0.0207846096908265,0,25165824,0,5,0
0,1,1,0,5,5,1.0,50,0.0,25.760848068690617,0.0388185977935791,0.0444948673248291,0.0480776309967041,0.0493892955780029,0.010091174988069,1.0,ATTACK,0,0,0,0,21217103898,2929943762,16603830,6173164,5,5.0,0.055,0.045,0.0199749843554381,0,25165824,0,5,0
0,1,1,0,5,5,1.0,50,0.0,50.34767870089836,0.019861888885498,0.0188033580780029,0.026743745803833,0.0308021640777587,0.0061345451448861,1.0,ATTACK,0,0,0,0,21217107747,2929956019,16603888,6173260,5,5.0,0.055,0.056,0.0017320508075689,0,25165824,0,5,0
0,1,1,0,5,5,1.0,50,0.0,82.75400520874437,0.0120840072631835,0.0119328498840332,0.0142804145812988,0.0142854785919189,0.0019313022969694,1.0,NORMAL,0,0,0,0,21217111659,2929969909,16603949,6173372,5,5.0,0.055,0.055,0.0,0,25165824,0,5,0
0,1,1,0,5,5,1.0,50,0.0,60.69570703781847,0.0164756298065185,0.0131492614746093,0.0252762794494628,0.0294746017456054,0.0073114974346,1.0,NORMAL,0,0,0,0,21217114851,2929980193,16603998,6173458,5,5.0,0.05,0.0533333333333333,0.0028867513459481,0,25165824,0,5,0
0,1,1,0,5,5,1.0,50,0.0,79.91525100791854,0.012513256072998,0.0108489990234375,0.0164440631866455,0.0175014114379882,0.0031754602085275,1.0,NORMAL,0,0,0,0,21217118728,2929991006,16604051,6173549,5,5.0,0.005,0.0366666666666666,0.0275378527364305,0,25165824,0,5,0
0,1,1,0,5,5,1.0,50,0.0,56.39051567903027,0.0177334785461425,0.0157880783081054,0.024989366531372,0.029198932647705,0.0063600871540286,1.0,NORMAL,0,0,0,0,21217121860,2930001380,16604099,6173635,5,5.0,0.005,0.02,0.0259807621135331,0,26214400,0,5,0
0,1,1,0,5,5,1.0,50,0.0,57.72714135105302,0.0173228740692138,0.014885663986206,0.0250461101531982,0.0301933765411376,0.0069672402595572,1.0,NORMAL,0,0,0,0,21217125409,2930012781,16604152,6173729,5,5.0,0.005,0.005,0.0,0,26214400,0,5,0
0,1,1,0,5,5,1.0,50,0.0,84.37274197571593,0.0118521690368652,0.0128951072692871,0.013959789276123,0.0144044780731201,0.0021124209590958,1.0,NORMAL,0,0,0,0,21217128601,2930023107,16604201,6173815,5,5.0,0.005,0.005,0.0,0,26214400,0,5,0
0,1,1,0,5,5,1.0,50,0.0,17.22973783448491,0.0580391883850097,0.0527920722961425,0.0844799518585205,0.0941145324707031,0.0239336462075973,1.0,ATTACK,0,0,0,0,21217131673,2930033449,16604248,6173901,5,5.0,0.005,0.005,0.0,0,26214400,0,5,0
0,1,1,0,5,5,1.0,50,0.0,39.110501070472125,0.0255685806274414,0.0106287002563476,0.0538949012756347,0.0728914642333984,0.0251540641575191,1.0,ATTACK,0,0,0,0,21217135183,2930045533,16604302,6173995,5,5.0,0.005,0.005,0.0,0,26214400,0,5,0
0,1,1,0,5,5,1.0,50,0.0,76.93486140255624,0.0129980087280273,0.0125081539154052,0.0159249305725097,0.0161107540130615,0.0025472076474742,1.0,ATTACK,0,0,0,0,21217138555,2930057563,16604354,6174088,5,5.0,0.022,0.0106666666666666,0.0098149545762236,0,26214400,0,5,0
0,1,1,0,5,5,1.0,50,0.0,22.89007448285497,0.0436870574951171,0.0354795455932617,0.0745397567749023,0.0852509117126464,0.0255790231773356,1.0,ATTACK,0,0,0,0,21217141627,2930068383,16604401,6174171,5,5.0,0.055,0.0273333333333333,0.0254230866208911,0,26214400,0,5,0
0,1,1,0,5,5,1.0,50,0.0,69.83871988277802,0.0143187046051025,0.0145177841186523,0.0184250831604003,0.0207304096221923,0.0037458282295196,1.0,ATTACK,0,0,0,0,21217145356,2930080590,16604457,6174266,5,5.0,0.055,0.044,0.0190525588832576,0,26214400,0,5,0
0,1,1,0,5,5,1.0,50,0.0,48.66402905243128,0.0205490589141845,0.021005630493164,0.0217866420745849,0.0221958827972412,0.0012687818998313,1.0,ATTACK,0,0,0,0,21217148668,2930092042,16604508,6174353,5,5.0,0.055,0.055,0.0,0,26214400,0,5,0
0,1,1,0,5,5,1.0,50,0.0,71.62233143333322,0.0139621257781982,0.0139069557189941,0.0176114082336425,0.0194190883636474,0.0032736582256351,1.0,NORMAL,0,0,0,0,21217152484,2930104882,16604566,6174456,5,5.0,0.057,0.0556666666666666,0.0011547005383792,0,26214400,0,5,0
0,1,1,0,5,5,1.0,50,0.0,66.47748741552233,0.0150426864624023,0.0131545066833496,0.0225334167480468,0.0273897171020507,0.006696368826902,1.0,NORMAL,0,0,0,0,21217155856,2930116248,16604618,6174550,5,5.0,0.029,0.047,0.0156204993518133,0,26214400,0,5,0
0,1,1,0,5,5,1.0,50,0.0,56.71227838653499,0.0176328659057617,0.0125973224639892,0.0271817207336425,0.0319576835632324,0.0079212063061439,1.0,NORMAL,0,0,0,0,21217159048,2930126606,16604667,6174636,5,5.0,0.029,0.0383333333333333,0.0161658075373095,0,26214400,0,5,0
0,1,1,0,5,5,1.0,50,0.0,80.37405528046482,0.0124418258666992,0.0121827125549316,0.0140796184539794,0.0150771427154541,0.0014632985724866,1.0,NORMAL,0,0,0,0,21217162333,2930137149,16604717,6174724,5,5.0,0.029,0.029,0.0,0,26214400,0,5,0
0,1,1,0,5,5,1.0,50,0.0,71.87935289278859,0.0139122009277343,0.011631965637207,0.0198363304138183,0.0245150470733642,0.0056372691010692,1.0,NORMAL,0,0,0,0,21217165465,2930147545,16604765,6174810,5,5.0,0.005,0.021,0.013856406460551,0,26214400,0,5,0
0,1,1,0,5,5,1.0,50,0.0,95.64637578046256,0.0104551792144775,0.0106608867645263,0.0108694076538085,0.0109094047546386,0.0005198534246332,1.0,NORMAL,0,0,0,0,21217168837,2930158937,16604817,6174904,5,5.0,0.005,0.013,0.0138564064605509,0,26214400,0,5,0
0,1,1,0,1,1,1.0,50,0.0,9.318062356734622,0.1073184490203857,0.0894660949707031,0.1529813289642334,0.1706420230865478,0.037171859630308,1.0,ATTACK,0,0,0,0,21217241437,2930358658,16605769,6176545,1,1.0,0.003,0.003,0.0,0,5242880,0,1,0
0,1,1,0,1,1,1.0,50,0.0,8.9520576714897,0.1117061614990234,0.1035385131835937,0.1308038234710693,0.1308578968048095,0.0161765167613818,1.0,ATTACK,0,0,0,0,21217244953,2930370796,16605822,6176637,1,1.0,0.003,0.003,0.0,0,5242880,0,1,0
0,1,1,0,1,2,0.5,50,0.0,5.403608998766046,0.185061502456665,0.1684064865112304,0.2456305503845215,0.2753693389892578,0.0518604373288079,1.0,ATTACK,0,0,0,0,21217265744,2930389789,16605910,6176764,2,1.3333333333333333,0.07,0.0253333333333333,0.0386824680357049,0,5242880,0,2,0
0,1,1,0,2,4,0.5,50,0.0,7.726180717631694,0.1294300556182861,0.1209707260131836,0.1613728046417236,0.1764795207977295,0.0268587510140388,1.0,ATTACK,0,0,0,0,21217279142,2930405593,16605988,6176886,4,2.333333333333333,0.068,0.047,0.0381182371050918,0,5242880,2,2,0
0,1,1,0,4,5,0.8,50,0.0,12.568061578438916,0.0795667648315429,0.0748267173767089,0.1006867408752441,0.1056415748596191,0.0176388793305462,1.0,ATTACK,0,0,0,0,21217306159,2930427009,16606082,6177010,4,3.333333333333333,0.081,0.073,0.007,0,9437184,0,4,0
0,1,1,0,4,5,0.8,50,0.0,9.553988193456744,0.1046683311462402,0.0930292606353759,0.1506916999816894,0.169540376663208,0.0398729396921113,1.0,ATTACK,0,0,0,0,21217327348,2930446395,16606177,6177143,5,4.333333333333333,0.072,0.0736666666666666,0.0066583281184794,0,18874368,0,5,0
0,1,1,0,5,5,1.0,50,0.0,8.540363425785467,0.1170910358428955,0.0970613956451416,0.1890040397644043,0.2383578872680664,0.0666162885897043,1.0,ATTACK,0,0,0,0,21217331320,2930459193,16606239,6177244,5,4.666666666666667,0.072,0.075,0.0051961524227066,0,18874368,0,5,0
0,1,1,0,5,5,1.0,50,0.0,6.843503646014511,0.14612398147583,0.1523447036743164,0.1709701538085937,0.173406286239624,0.0289223725121387,1.0,ATTACK,0,0,0,0,21217335376,2930472609,16606301,6177349,5,5.0,0.087,0.077,0.0086602540378444,0,23068672,0,5,0
0,1,1,0,5,5,1.0,50,0.0,8.15839125228648,0.122573184967041,0.1431028842926025,0.1737894535064697,0.1751973342895507,0.0528611487774454,1.0,ATTACK,0,0,0,0,21217338688,2930484619,16606352,6177441,5,5.0,0.072,0.077,0.0086602540378444,0,23068672,0,5,0
0,1,1,0,5,5,1.0,50,0.0,13.2826051020001,0.0752864360809326,0.0723822116851806,0.0912042617797851,0.0942558860778808,0.0131956413146001,1.0,ATTACK,0,0,0,0,21217342060,2930496775,16606404,6177535,5,5.0,0.074,0.0776666666666666,0.0081445278152471,0,23068672,0,5,0
0,1,1,0,5,5,1.0,50,0.0,12.480143014334164,0.0801272869110107,0.0781052112579345,0.1125897884368896,0.1330765438079834,0.0297091822169667,1.0,ATTACK,0,0,0,0,21217346462,2930510351,16606470,6177642,5,5.0,0.074,0.0733333333333333,0.0011547005383794,0,23068672,0,5,0
0,1,1,0,5,5,1.0,50,0.0,54.935363288443455,0.0182032108306884,0.0141334533691406,0.029911994934082,0.0366252422332763,0.0101070469690936,1.0,NORMAL,0,0,0,0,21217350074,2930522693,16606526,6177744,5,5.0,0.072,0.0733333333333333,0.0011547005383794,0,23068672,0,5,0
0,1,1,0,5,5,1.0,50,0.0,69.32550544117842,0.014424705505371,0.0163760185241699,0.0174590587615966,0.0178642654418945,0.0032655599281252,1.0,NORMAL,0,0,0,0,21217353386,2930533405,16606577,6177832,5,5.0,0.023,0.0563333333333333,0.0288848287745199,0,24117248,0,5,0
0,1,1,0,5,5,1.0,50,0.0,81.9721932324097,0.0121992588043212,0.0115056037902832,0.0135010242462158,0.0142850017547607,0.0011215977557344,1.0,NORMAL,0,0,0,0,21217357338,2930544947,16606631,6177927,5,5.0,0.006,0.0336666666666666,0.0342685472895092,0,24117248,0,5,0
0,1,1,0,5,5,1.0,50,0.0,64.29175365504472,0.0155540943145751,0.0119445323944091,0.0224269866943359,0.0226626777648925,0.0055956723400394,1.0,NORMAL,0,0,0,0,21217361318,2930555779,16606683,6178018,5,5.0,0.006,0.0116666666666666,0.0098149545762237,0,24117248,0,5,0
0,1,1,0,5,5,1.0,50,0.0,81.09260204476203,0.0123315811157226,0.0099163055419921,0.0168532371520996,0.0192728900909423,0.0037961229416643,1.0,NORMAL,0,0,0,0,21217365228,2930567010,16606743,6178115,5,5.0,0.005,0.0056666666666666,0.0005773502691909,0,24117248,0,5,0
0,1,1,0,5,5,1.0,50,0.0,75.82387863273821,0.0131884574890136,0.0140998363494873,0.0152356624603271,0.0154292106628417,0.0020778469159175,1.0,NORMAL,0,0,0,0,21217368420,2930577604,16606792,6178203,5,5.0,0.005,0.0053333333333333,0.0005773502691909,0,24117248,0,5,0
0,1,1,0,5,5,1.0,50,0.0,59.49738707096613,0.0168074607849121,0.01387619972229,0.0261839866638183,0.0330548191070556,0.0086751406479929,1.0,NORMAL,0,0,0,0,21217371552,2930587978,16606840,6178288,5,5.0,0.005,0.005,0.0,0,24117248,0,5,0
0,1,1,0,5,5,1.0,50,0.0,76.50433018874807,0.0130711555480957,0.0128653049468994,0.0156704902648925,0.0167805385589599,0.0022308256298556,1.0,NORMAL,0,0,0,0,21217374864,2930599252,16606891,6178381,5,5.0,0.005,0.005,0.0,0,24117248,0,5,0
0,1,1,0,5,5,1.0,50,0.0,76.66906735201968,0.0130430698394775,0.0137529373168945,0.0143181324005126,0.0144383811950683,0.0014686849950892,1.0,NORMAL,0,0,0,0,21217378056,2930609814,16606940,6178468,5,5.0,0.005,0.005,0.0,0,24117248,0,5,0
0,1,1,0,5,5,1.0,50,0.0,84.77725854179131,0.0117956161499023,0.0109393596649169,0.0137911319732666,0.0139582443237304,0.0016335588152902,1.0,NORMAL,0,0,0,0,21217381128,2930620252,16606987,6178554,5,5.0,0.005,0.005,0.0,0,24117248,0,5,0
0,1,1,0,5,5,1.0,50,0.0,79.21463457013027,0.0126239299774169,0.0112714767456054,0.0164770603179931,0.0166412544250488,0.0031792851626811,1.0,NORMAL,0,0,0,0,21217384533,2930630931,16607039,6178644,5,5.0,0.005,0.005,0.0,0,24117248,0,5,0
0,1,1,0,5,2,2.5,50,0.0,53.9918644765975,0.0185213088989257,0.013768196105957,0.0275379180908203,0.0283085918426513,0.0073099690436461,1.0,NORMAL,0,0,0,0,21217389082,2930643578,16607099,6178748,5,5.0,0.005,0.005,0.0,0,24117248,0,5,0
0,1,1,0,2,2,1.0,50,0.0,10.000381484279034,0.0999961853027343,0.081655740737915,0.138465929031372,0.1442141819000244,0.0307854565545427,1.0,ATTACK,0,0,0,0,21217392334,2930653824,16607149,6178834,5,5.0,0.005,0.005,0.0,0,24117248,0,5,0
0,1,1,0,2,2,1.0,50,0.0,11.359295503897467,0.0880336284637451,0.0810742378234863,0.1193051815032959,0.124230318069458,0.0283083642811866,1.0,ATTACK,0,0,0,0,21217395910,2930666098,16607203,6178929,5,5.0,0.023,0.011,0.0103923048454133,0,24117248,0,5,0
0,1,1,0,2,2,1.0,50,0.0,8.872357312204805,0.1127096176147461,0.1153855323791503,0.1530164718627929,0.1688784980773925,0.0367649666245354,1.0,ATTACK,0,0,0,0,21217399642,2930679664,16607261,6179034,2,4.0,0.02,0.016,0.009643650760993,0,9437184,0,2,0
0,1,1,0,2,4,0.5,50,0.0,8.970057918336044,0.1114820003509521,0.1087293624877929,0.1519330978393554,0.1542956733703613,0.0361743439710444,1.0,ATTACK,0,0,0,0,21217436675,2930703649,16607380,6179182,4,3.6666666666666665,0.071,0.038,0.0286181760425083,0,9437184,1,3,0
0,1,1,0,4,5,0.8,50,0.0,6.779512421254898,0.1475032329559326,0.1474361419677734,0.1895226001739502,0.2022155857086181,0.0379301651115249,1.0,ATTACK,0,0,0,0,21217457343,2930722792,16607469,6179310,5,3.6666666666666665,0.071,0.054,0.0294448637286709,0,9437184,1,4,0
0,1,1,0,5,5,1.0,50,0.0,10.894279125798764,0.091791296005249,0.0912714004516601,0.1322028160095215,0.152419204711914,0.0357337930736109,1.0,ATTACK,0,0,0,0,21217461339,2930736214,16607530,6179414,5,4.666666666666667,0.096,0.0793333333333333,0.0144337567297406,0,17825792,0,5,0
0,1,1,0,5,5,1.0,50,0.0,6.977314889981342,0.1433216094970703,0.1156699657440185,0.2109233379364013,0.2266381645202636,0.0543004933750489,1.0,ATTACK,0,0,0,0,21217465011,2930748276,16607587,6179508,5,5.0,0.073,0.08,0.0138924439894498,0,23068672,0,5,0
0,1,1,0,5,5,1.0,50,0.0,10.051143528266014,0.0994911670684814,0.1151750087738037,0.1238098621368408,0.1277578163146972,0.0321665362628602,1.0,ATTACK,0,0,0,0,21217469007,2930761756,16607648,6179613,5,5.0,0.073,0.0806666666666666,0.0132790561913614,0,23068672,0,5,0
0,1,1,0,5,5,1.0,50,0.0,9.833600529672392,0.1016921520233154,0.1055803298950195,0.1374724864959716,0.152203950881958,0.0320192353102505,1.0,ATTACK,0,0,0,0,21217472412,2930773559,16607700,6179703,5,5.0,0.073,0.073,0.0,0,23068672,0,5,0
0,1,1,0,5,5,1.0,50,0.0,7.631679692105696,0.1310327529907226,0.1301980018615722,0.168699312210083,0.1721863555908203,0.0330593821719325,1.0,ATTACK,0,0,0,0,21217476168,2930786299,16607757,6179800,5,5.0,0.073,0.073,0.0,0,23068672,0,5,0
0,1,1,0,5,5,1.0,50,0.0,10.392049691903262,0.0962274074554443,0.0836918354034423,0.1436038017272949,0.163166332244873,0.0403150152424332,1.0,ATTACK,0,0,0,0,21217479420,2930797933,16607807,6179888,5,5.0,0.074,0.0733333333333333,0.0005773502691902,0,23068672,0,5,0
0,1,1,0,5,5,1.0,50,0.0,77.25796469305355,0.0129436492919921,0.0137443542480468,0.0149921417236328,0.0157252216339111,0.0020838351569308,1.0,NORMAL,0,0,0,0,21217483596,2930811777,16607871,6180002,5,5.0,0.075,0.074,0.0010000000000003,0,23068672,0,5,0
0,1,1,0,5,5,1.0,50,0.0,74.11242927670523,0.013493013381958,0.0105514526367187,0.0197888851165771,0.0223475837707519,0.0051337917281843,1.0,NORMAL,0,0,0,0,21217486968,2930822432,16607923,6180090,5,5.0,0.075,0.0746666666666666,0.0005773502691903,0,23068672,0,5,0
0,1,1,0,5,5,1.0,50,0.0,77.78176693123656,0.0128564834594726,0.0109016895294189,0.0164205074310302,0.0169347190856933,0.0028367134598418,1.0,NORMAL,0,0,0,0,21217490133,2930832812,16607971,6180176,5,5.0,0.014,0.0546666666666666,0.0352183664205671,0,23068672,0,5,0
0,1,1,0,5,5,1.0,50,0.0,57.0906823979071,0.0175159931182861,0.011059284210205,0.0308144569396972,0.0398706245422363,0.0118831644941916,1.0,NORMAL,0,0,0,0,21217493325,2930843182,16608020,6180263,5,5.0,0.005,0.0313333333333333,0.0380832421588988,0,23068672,0,5,0
0,1,1,0,5,5,1.0,50,0.0,61.14948025251126,0.0163533687591552,0.0129084587097167,0.0235775470733642,0.0242838478088378,0.0058118487756314,1.0,NORMAL,0,0,0,0,21217496457,2930853572,16608068,6180349,5,5.0,0.005,0.008,0.0051961524227062,0,23068672,0,5,0
0,1,1,0,5,5,1.0,50,0.0,55.12699055259685,0.0181399345397949,0.0142886638641357,0.0275936126708984,0.02928147315979,0.0076972301527045,1.0,NORMAL,0,0,0,0,21217499769,2930864750,16608119,6180441,5,5.0,0.005,0.005,0.0,0,23068672,0,5,0
0,1,1,0,5,5,1.0,50,0.0,77.4262528705078,0.0129155158996582,0.0122866630554199,0.0159626960754394,0.0162557220458984,0.0025516080824199,1.0,NORMAL,0,0,0,0,21217503277,2930875202,16608167,6180527,5,5.0,0.005,0.005,0.0,0,23068672,0,5,0
0,1,1,0,5,5,1.0,50,0.0,55.29224725470293,0.0180857181549072,0.0131304264068603,0.030138349533081,0.0360665893554687,0.010024739644745,1.0,NORMAL,0,0,0,0,21217507350,2930886011,16608220,6180618,5,5.0,0.005,0.005,0.0,0,23068672,0,5,0
0,1,1,0,5,5,1.0,50,0.0,79.23468693799211,0.012620735168457,0.0123605728149414,0.016067886352539,0.0169524574279785,0.0029240395542168,1.0,NORMAL,0,0,0,0,21217510422,2930896363,16608267,6180703,5,5.0,0.005,0.005,0.0,0,23068672,0,5,0
0,1,1,0,5,5,1.0,50,0.0,78.82844685009773,0.0126857757568359,0.0117290019989013,0.0149371147155761,0.0154326152801513,0.0018000138952584,1.0,NORMAL,0,0,0,0,21217513794,2930907853,16608319,6180798,5,5.0,0.006,0.0053333333333333,0.000577350269186,0,23068672,0,5,0
0,1,1,0,5,5,1.0,50,0.0,58.50791906014692,0.0170917034149169,0.0157811641693115,0.0254974365234375,0.0310781478881835,0.0077220704213897,1.0,NORMAL,0,0,0,0,21217516866,2930918039,16608366,6180882,5,5.0,0.006,0.0056666666666666,0.000577350269186,0,23068672,0,5,0
0,1,1,0,5,5,1.0,50,0.0,74.16484833910366,0.0134834766387939,0.0123002529144287,0.0173019409179687,0.0179530525207519,0.0031141766555004,1.0,NORMAL,0,0,0,0,21217519998,2930928531,16608414,6180969,5,5.0,0.006,0.006,0.0,0,23068672,0,5,0
0,1,1,0,5,2,2.5,50,0.0,9.221894717956678,0.1084375858306884,0.0992472171783447,0.1518472671508789,0.1584893608093261,0.0359256108299853,1.0,ATTACK,0,0,0,0,21217523514,2930940085,16608467,6181064,5,5.0,0.005,0.0056666666666666,0.000577350269186,0,23068672,0,5,0
0,1,1,0,2,2,1.0,50,0.0,8.254050469250283,0.121152639389038,0.1309394836425781,0.1438301563262939,0.1463758087158203,0.025830828832444,1.0,ATTACK,0,0,0,0,21217527279,2930953166,16608525,6181165,5,5.0,0.026,0.0123333333333333,0.0118462370959444,0,23068672,0,5,0
0,1,1,0,2,2,1.0,50,0.0,8.123480347211974,0.123099946975708,0.1311290264129638,0.1562594890594482,0.1584441375732422,0.0353639203518843,1.0,ATTACK,0,0,0,0,21217531690,2930966379,16608586,6181269,5,5.0,0.073,0.0346666666666666,0.0348185774168522,0,23068672,0,5,0
0,1,1,0,2,4,0.5,50,0.0,12.807574792464536,0.0780787944793701,0.0728609561920166,0.108571720123291,0.1250154209136962,0.0264894265527634,1.0,ATTACK,0,0,0,0,21217568167,2930990003,16608698,6181412,4,4.666666666666667,0.066,0.055,0.0253574446662119,0,9437184,0,4,0
0,1,1,0,4,4,1.0,50,0.0,8.678034329752162,0.1152334690093994,0.0868263244628906,0.1840118408203125,0.232600679397583,0.0623098881344955,1.0,ATTACK,0,0,0,0,21217571659,2931002747,16608752,6181509,4,4.333333333333333,0.066,0.0683333333333333,0.0040414518843274,0,9437184,0,4,0
0,1,1,0,4,5,0.8,50,0.0,9.006899205629312,0.1110260009765625,0.1191530227661132,0.1444169521331787,0.1569122695922851,0.0327667859572034,1.0,ATTACK,0,0,0,0,21217592684,2931021427,16608845,6181637,5,4.333333333333333,0.072,0.068,0.0034641016151378,0,18874368,1,4,0
0,1,1,0,5,5,1.0,50,0.0,8.526148415784062,0.1172862529754638,0.1193180084228515,0.1514800071716308,0.1669018077850342,0.0307566322055483,1.0,ATTACK,0,0,0,0,21217596476,2931034601,16608904,6181739,5,4.666666666666667,0.072,0.07,0.0034641016151378,0,19922944,0,5,0
0,1,1,0,5,5,1.0,50,0.0,9.345980316483564,0.1069978713989257,0.088707685470581,0.1560175418853759,0.1772035598754882,0.0405018847632697,1.0,ATTACK,0,0,0,0,21217600250,2931046641,16608961,6181832,5,5.0,0.072,0.072,0.0,0,25165824,0,5,0
0,1,1,0,5,5,1.0,50,0.0,8.74707357144615,0.1143239498138427,0.111546516418457,0.155137825012207,0.1805820751190185,0.0399516274234493,1.0,ATTACK,0,0,0,0,21217604162,2931060255,16609022,6181939,5,5.0,0.074,0.0726666666666666,0.0011547005383795,0,25165824,0,5,0
0,1,1,0,5,5,1.0,50,0.0,10.343148666190563,0.0966823577880859,0.1119971275329589,0.1228653907775878,0.1281493854522705,0.0305358351952598,1.0,ATTACK,0,0,0,0,21217607918,2931073439,16609079,6182039,5,5.0,0.074,0.0733333333333333,0.0011547005383795,0,25165824,0,5,0
0,1,1,0,5,5,1.0,50,0.0,81.18081066538666,0.0123181819915771,0.0108468532562255,0.0150945663452148,0.0159680652618408,0.0022097426811039,1.0,NORMAL,0,0,0,0,21217612187,2931087846,16609144,6182152,5,5.0,0.072,0.0733333333333333,0.0011547005383795,0,25165824,0,5,0
0,1,1,0,5,5,1.0,50,0.0,61.03735611275231,0.016383409500122,0.01241135597229,0.0259191989898681,0.0330199718475341,0.0088260629128968,1.0,NORMAL,0,0,0,0,21217615319,2931098242,16609192,6182238,5,5.0,0.074,0.0733333333333333,0.0011547005383795,0,25165824,0,5,0
0,1,1,0,5,5,1.0,50,0.0,101.54027908237867,0.0098483085632324,0.0098433494567871,0.0108067989349365,0.0113316535949707,0.0008672795375035,1.0,NORMAL,0,0,0,0,21217618391,2931108620,16609239,6182323,5,5.0,0.013,0.053,0.0346554469023269,0,25165824,0,5,0
0,1,1,0,5,5,1.0,50,0.0,89.55605281587893,0.0111661911010742,0.0102930068969726,0.013223123550415,0.0147254180908203,0.0018903753769733,1.0,NORMAL,0,0,0,0,21217621523,2931119070,16609287,6182410,5,5.0,0.013,0.0333333333333333,0.0352183664205671,0,25165824,0,5,0
0,1,1,0,5,5,1.0,50,0.0,68.0787409754324,0.0146888732910156,0.0119316577911376,0.0213528156280517,0.024394826889038,0.0054956336223731,1.0,NORMAL,0,0,0,0,21217624835,2931130442,16609338,6182504,5,5.0,0.005,0.0103333333333333,0.0046188021535167,0,25165824,0,5,0
0,1,1,0,5,5,1.0,50,0.0,79.33960336856761,0.0126040458679199,0.0105350017547607,0.016457462310791,0.0185625457763671,0.0032480034259665,1.0,NORMAL,0,0,0,0,21217628027,2931140844,16609387,6182591,5,5.0,0.006,0.008,0.0043588989435404,0,25165824,0,5,0
0,1,1,0,5,5,1.0,50,0.0,105.82644106797731,0.0094494342803955,0.0095462799072265,0.009810447692871,0.0098688125610351,0.0004003030306633,1.0,NORMAL,0,0,0,0,21217631312,2931151323,16609437,6182679,5,5.0,0.006,0.0056666666666666,0.0005773502691877,0,25165824,0,5,0
0,1,1,0,5,5,1.0,50,0.0,83.07164558666831,0.0120378017425537,0.0099275112152099,0.0156120300292968,0.0156962299346923,0.0029036043292969,1.0,NORMAL,0,0,0,0,21217634504,2931161799,16609486,6182765,5,5.0,0.005,0.0056666666666666,0.0005773502691877,0,25165824,0,5,0
0,1,1,0,5,5,1.0,50,0.0,65.47891057484256,0.0152720928192138,0.0124156475067138,0.0207351207733154,0.0225516414642334,0.0043645252477296,1.0,NORMAL,0,0,0,0,21217637816,2931173207,16609537,6182858,5,5.0,0.005,0.0053333333333333,0.0005773502691877,0,25165824,0,5,0
0,1,1,0,5,5,1.0,50,0.0,69.68162093553339,0.0143509864807128,0.0131940841674804,0.0197179794311523,0.0232453632354736,0.0048496186676947,1.0,NORMAL,0,0,0,0,21217641191,2931183495,16609586,6182942,5,5.0,0.005,0.005,0.0,0,25165824,0,5,0
0,1,1,0,5,5,1.0,50,0.0,65.62253972426137,0.0152386665344238,0.0128943920135498,0.0216556072235107,0.0219806480407714,0.0053379743224146,1.0,NORMAL,0,0,0,0,21217644323,2931194051,16609634,6183029,5,5.0,0.005,0.005,0.0,0,25165824,0,5,0
0,1,1,0,5,5,1.0,50,0.0,79.53609205341465,0.0125729084014892,0.01220703125,0.0150454998016357,0.0155376529693603,0.0020963589158617,1.0,NORMAL,0,0,0,0,21217648224,2931204904,16609688,6183120,5,5.0,0.005,0.005,0.0,0,25165824,0,5,0
0,1,1,0,1,1,1.0,50,0.0,22.62734376180108,0.0441943168640136,0.0563762187957763,0.0614726066589355,0.0644361686706543,0.0197846060754316,1.0,ATTACK,0,0,0,0,21217756576,2931412392,16610678,6184802,1,1.0,0.001,0.001,0.0,0,5242880,0,1,0
0,1,1,0,1,1,1.0,50,0.0,53.57900734007302,0.0186640262603759,0.0205366611480712,0.0265389919281005,0.0298452758789062,0.0073088815608105,1.0,ATTACK,0,0,0,0,21217759768,2931423626,16610727,6184889,1,1.0,0.001,0.001,0.0,0,5242880,0,1,0
0,1,1,0,1,1,1.0,50,0.0,44.93162189898938,0.0222560405731201,0.0108933448791503,0.0412321090698242,0.0463351726531982,0.0150230409735365,1.0,ATTACK,0,0,0,0,21217763080,2931435604,16610778,6184981,1,1.0,0.029,0.0103333333333333,0.0161658075373095,0,5242880,0,1,0
0,1,1,0,1,2,0.5,50,0.0,75.50475065796343,0.0132441997528076,0.0127191543579101,0.0147733211517333,0.0147980403900146,0.001271947879396,1.0,ATTACK,0,0,0,0,21217783301,2931452946,16610859,6185098,2,1.3333333333333333,0.029,0.0196666666666666,0.0161658075373095,0,5242880,0,2,0
0,1,1,0,2,4,0.5,50,0.0,90.34308066100324,0.0110689163208007,0.0105912685394287,0.0129580974578857,0.0130290794372558,0.0016079420615074,1.0,ATTACK,0,0,0,0,21217803001,2931470993,16610941,6185217,4,2.333333333333333,0.039,0.0323333333333333,0.0057735026918962,0,5242880,2,2,0
0,1,1,0,2,4,0.5,50,0.0,69.61454197814454,0.0143648147583007,0.0142948627471923,0.016774845123291,0.0169480514526367,0.0025168342013117,1.0,ATTACK,0,0,0,0,21217822908,2931487840,16611019,6185328,4,3.333333333333333,0.053,0.0403333333333333,0.0120554275466834,0,9437184,0,4,0
0,1,1,0,4,4,1.0,50,0.0,43.2342748527523,0.0231297969818115,0.0156295299530029,0.035198163986206,0.0365283679962158,0.0096246806533035,1.0,ATTACK,0,0,0,0,21217826784,2931500436,16611078,6185428,4,4.0,0.055,0.049,0.0087177978870813,0,17825792,0,4,0
0,1,1,0,4,4,1.0,50,0.0,61.0112529528819,0.0163904190063476,0.012122631072998,0.0262145519256591,0.033975191116333,0.0092998302739606,1.0,ATTACK,0,0,0,0,21217830456,2931512702,16611135,6185525,4,4.0,0.055,0.0543333333333333,0.0011547005383793,0,17825792,0,4,0
0,1,1,0,4,4,1.0,50,0.0,49.49113023695967,0.0202056407928466,0.0219607353210449,0.022682762145996,0.0229195690155029,0.0027121257510521,1.0,ATTACK,0,0,0,0,21217833648,2931523738,16611184,6185611,4,4.0,0.044,0.0513333333333333,0.0063508529610858,0,18874368,0,4,0
0,1,1,0,4,4,1.0,50,0.0,56.499900317367945,0.0176991462707519,0.0182664394378662,0.0249981880187988,0.0286391258239746,0.0065958787752685,1.0,ATTACK,0,0,0,0,21217837609,2931535947,16611239,6185706,4,4.0,0.042,0.047,0.007,0,19922944,0,4,0
0,1,1,0,4,4,1.0,50,0.0,27.176974464307698,0.0367958545684814,0.0133266448974609,0.0743623733520507,0.0753180122375488,0.0304785891411818,1.0,ATTACK,0,0,0,0,21217841709,2931547963,16611293,6185798,4,4.0,0.042,0.0426666666666666,0.0011547005383794,0,19922944,0,4,0
0,1,1,0,4,4,1.0,50,0.0,52.2269428658236,0.0191472053527832,0.0179214477539062,0.0260291099548339,0.0261265277862548,0.0059692511365349,1.0,ATTACK,0,0,0,0,21217844961,2931559127,16611343,6185885,4,4.0,0.042,0.042,0.0,0,19922944,0,4,0
0,1,1,0,4,4,1.0,50,0.0,86.0384170406899,0.0116227149963378,0.0111067295074462,0.0126912117004394,0.0132909965515136,0.0009069170155525,1.0,NORMAL,0,0,0,0,21217848837,2931571685,16611402,6185989,4,4.0,0.042,0.042,0.0,0,19922944,0,4,0
0,1,1,0,4,4,1.0,50,0.0,53.1530097579521,0.0188136100769042,0.0158743858337402,0.0292691707611084,0.0363500308990478,0.0094315530971826,1.0,NORMAL,0,0,0,0,21217852149,2931582969,16611453,6186081,4,4.0,0.006,0.03,0.0207846096908265,0,19922944,0,4,0
0,1,1,0,4,4,1.0,50,0.0,103.29322412069212,0.0096811771392822,0.0094866752624511,0.0101515769958496,0.0102556896209716,0.0003760325373513,1.0,NORMAL,0,0,0,0,21217855494,2931593546,16611504,6186170,4,4.0,0.006,0.018,0.0207846096908265,0,19922944,0,4,0
0,1,1,0,4,4,1.0,50,0.0,94.92468134414833,0.01053466796875,0.010805606842041,0.0112162590026855,0.0114363288879394,0.0006598994311214,1.0,NORMAL,0,0,0,0,21217858686,2931603888,16611553,6186256,4,4.0,0.004,0.0053333333333333,0.0011547005383801,0,19922944,0,4,0
0,1,1,0,4,4,1.0,50,0.0,59.76137079285651,0.0167332172393798,0.0147926807403564,0.0233480930328369,0.0234073162078857,0.005589687178687,1.0,NORMAL,0,0,0,0,21217861878,2931614246,16611602,6186342,4,4.0,0.004,0.0046666666666666,0.0011547005383801,0,19922944,0,4,0
0,1,1,0,4,4,1.0,50,0.0,89.9663669435102,0.0111152648925781,0.0100901126861572,0.0131058692932128,0.0135255813598632,0.0015789710458503,1.0,NORMAL,0,0,0,0,21217864950,2931624576,16611649,6186427,4,4.0,0.004,0.004,0.0,0,19922944,0,4,0
0,1,1,0,4,4,1.0,50,0.0,21.9691385830566,0.0455183982849121,0.0491259098052978,0.0580560207366943,0.0598104858398437,0.0145362525186297,1.0,ATTACK,0,0,0,0,21217868988,2931636796,16611706,6186527,4,4.0,0.004,0.004,0.0,0,19922944,0,4,0
0,1,1,0,4,4,1.0,50,0.0,58.35293593885211,0.0171370983123779,0.0159451961517334,0.0238358497619628,0.0277804565429687,0.0059127679628572,1.0,ATTACK,0,0,0,0,21217872273,2931647973,16611756,6186614,4,4.0,0.004,0.004,0.0,0,19922944,0,4,0
0,1,1,0,4,4,1.0,50,0.0,47.52375448972886,0.0210421085357666,0.0157582759857177,0.0340861320495605,0.0391918563842773,0.0106005387247712,1.0,ATTACK,0,0,0,0,21217876360,2931660414,16611813,6186712,4,4.0,0.036,0.0146666666666666,0.018475208614068,0,19922944,0,4,0
0,1,1,0,4,4,1.0,50,0.0,43.80702908768082,0.0228273868560791,0.0193350315093994,0.0302726745605468,0.0354300689697265,0.0066864082029471,1.0,ATTACK,0,0,0,0,21217879552,2931671508,16611862,6186798,4,4.0,0.036,0.0253333333333333,0.018475208614068,0,19922944,0,4,0
0,1,1,0,4,4,1.0,50,0.0,47.62066091869197,0.0209992885589599,0.0222043991088867,0.0253993511199951,0.0260062599182128,0.0041820409691846,1.0,ATTACK,0,0,0,0,21217882924,2931683584,16611914,6186892,4,4.0,0.042,0.038,0.0034641016151378,0,19922944,0,4,0
0,1,1,0,4,4,1.0,50,0.0,48.01974688993353,0.0208247661590576,0.0171451568603515,0.0291742324829101,0.0349962139129638,0.0075223248106894,1.0,ATTACK,0,0,0,0,21217895297,2931704204,16612011,6187024,4,4.0,0.042,0.04,0.0034641016151378,0,20971520,0,4,0
0,1,1,0,4,4,1.0,50,0.0,86.2411534175258,0.0115953922271728,0.0115909576416015,0.0126253604888916,0.0131228351593017,0.0010219876576614,1.0,ATTACK,0,0,0,0,21217898993,2931716458,16612067,6187120,4,4.0,0.043,0.0423333333333333,0.0005773502691899,0,20971520,0,4,0
0,1,1,0,4,4,1.0,50,0.0,34.005039580488976,0.0294074058532714,0.0217852592468261,0.0491666793823242,0.0623738765716552,0.0177109040750422,1.0,ATTACK,0,0,0,0,21217902305,2931728366,16612118,6187212,4,4.0,0.043,0.0426666666666666,0.0005773502691898,0,20971520,0,4,0
0,1,1,0,4,4,1.0,50,0.0,64.38689513095966,0.0155311107635498,0.016869306564331,0.0172797203063964,0.017398509979248,0.0023693988413843,1.0,ATTACK,0,0,0,0,21217905497,2931739396,16612167,6187297,4,4.0,0.042,0.0426666666666666,0.0005773502691898,0,20971520,0,4,0
0,1,1,0,4,4,1.0,50,0.0,39.57166821079962,0.0252706050872802,0.023003339767456,0.0363293170928955,0.0385649490356445,0.0093719704907932,1.0,ATTACK,0,0,0,0,21217908809,2931751234,16612218,6187388,4,4.0,0.042,0.0423333333333333,0.0005773502691899,0,20971520,0,4,0
0,1,1,0,4,4,1.0,50,0.0,47.31232670888446,0.0211361408233642,0.0117881298065185,0.0381488323211669,0.0417848777770996,0.0134703358272676,1.0,ATTACK,0,0,0,0,21217912154,2931762455,16612269,6187476,4,4.0,0.042,0.042,0.0,0,20971520,0,4,0
0,1,1,0,4,4,1.0,50,0.0,61.11401877874074,0.0163628578186035,0.0175452232360839,0.0200462341308593,0.0213358402252197,0.0035444985200714,1.0,ATTACK,0,0,0,0,21217915719,2931774430,16612323,6187570,4,4.0,0.042,0.042,0.0,0,20971520,0,4,0
0,1,1,0,4,4,1.0,50,0.0,82.01033951462158,0.0121935844421386,0.0113284587860107,0.014617919921875,0.0148470878601074,0.0020270444768359,1.0,NORMAL,0,0,0,0,21217919595,2931786972,16612382,6187674,4,4.0,0.042,0.042,0.0,0,20971520,0,4,0
0,1,1,0,4,4,1.0,50,0.0,54.4798293764499,0.0183554172515869,0.0135698318481445,0.030296516418457,0.0356684875488281,0.0098228035810188,1.0,NORMAL,0,0,0,0,21217922727,2931797416,16612430,6187760,4,4.0,0.015,0.033,0.0155884572681199,0,20971520,0,4,0
0,1,1,0,4,4,1.0,50,0.0,61.78634140592776,0.0161848068237304,0.0135369300842285,0.0247866630554199,0.0308594417572021,0.0078420634616483,1.0,NORMAL,0,0,0,0,21217926039,2931808716,16612481,6187852,4,4.0,0.015,0.024,0.0155884572681199,0,20971520,0,4,0
0,1,1,0,4,4,1.0,50,0.0,58.58522876474302,0.0170691490173339,0.013087511062622,0.0289978504180908,0.0382347774505615,0.0112283174139321,1.0,NORMAL,0,0,0,0,21217929231,2931819252,16612530,6187940,4,4.0,0.004,0.0113333333333333,0.006350852961086,0,20971520,0,4,0
0,1,1,0,4,4,1.0,50,0.0,65.36564079866847,0.0152985572814941,0.0144944190979003,0.0221780776977539,0.026656379699707,0.0062756906015869,1.0,NORMAL,0,0,0,0,21217932769,2931830070,16612583,6188031,4,4.0,0.004,0.0076666666666666,0.006350852961086,0,20971520,0,4,0
0,1,1,0,4,4,1.0,50,0.0,74.24440463631021,0.0134690284729003,0.0112371444702148,0.0179526329040527,0.0185270977020263,0.0035899091918933,1.0,NORMAL,0,0,0,0,21217935901,2931840504,16612631,6188118,4,4.0,0.004,0.004,0.0,0,20971520,0,4,0
0,1,1,0,4,4,1.0,50,0.0,22.996171968634485,0.0434854984283447,0.0566556453704834,0.0682390689849853,0.0736776447296142,0.0250930019469842,1.0,ATTACK,0,0,0,0,21217939477,2931851960,16612685,6188212,4,4.0,0.004,0.004,0.0,0,20971520,0,4,0
0,1,1,0,4,4,1.0,50,0.0,51.4109909075086,0.019451093673706,0.0170323848724365,0.0249221324920654,0.0255306720733642,0.0044193533132882,1.0,ATTACK,0,0,0,0,21217942985,2931862850,16612733,6188297,4,4.0,0.004,0.004,0.0,0,20971520,0,4,0
0,1,1,0,4,4,1.0,50,0.0,60.79741173128159,0.0164480686187744,0.017470359802246,0.021463918685913,0.0235004234313964,0.0047928532140132,1.0,ATTACK,0,0,0,0,21217947085,2931874836,16612787,6188390,4,4.0,0.03,0.0126666666666666,0.0150111069989303,0,20971520,0,4,0
0,1,1,0,4,4,1.0,50,0.0,40.19118656021342,0.0248810768127441,0.0246078968048095,0.0347774028778076,0.0379947662353515,0.0087590053899191,1.0,ATTACK,0,0,0,0,21217950815,2931886047,16612844,6188481,4,4.0,0.03,0.0213333333333333,0.0150111069989303,0,20971520,0,4,0
0,1,1,0,4,4,1.0,50,0.0,43.06558760655239,0.0232203960418701,0.0228164196014404,0.0289371013641357,0.0290413856506347,0.0054888340831268,1.0,ATTACK,0,0,0,0,21217954067,2931897779,16612894,6188572,4,4.0,0.042,0.034,0.0069282032302755,0,20971520,0,4,0
0,1,1,0,4,4,1.0,50,0.0,43.88458166188512,0.0227870464324951,0.0183613300323486,0.037994909286499,0.0441705989837646,0.0125323100311255,1.0,ATTACK,0,0,0,0,21217957523,2931909861,16612946,6188666,4,4.0,0.044,0.0386666666666666,0.0075718777944004,0,20971520,0,4,0
0,1,1,0,4,4,1.0,50,0.0,84.91490903790323,0.0117764949798583,0.0108880996704101,0.0144709587097167,0.0147439861297607,0.00222120414526,1.0,ATTACK,0,0,0,0,21217960655,2931920929,16612994,6188752,4,4.0,0.042,0.0426666666666666,0.0011547005383794,0,20971520,0,4,0
0,1,1,0,4,4,1.0,50,0.0,67.63850051442817,0.0147844791412353,0.0141553878784179,0.0190062522888183,0.0203301906585693,0.0035372382594958,1.0,ATTACK,0,0,0,0,21217964087,2931933037,16613047,6188846,4,4.0,0.042,0.0426666666666666,0.0011547005383794,0,20971520,0,4,0
0,1,1,0,4,4,1.0,50,0.0,41.18013678590434,0.0242835521697998,0.0257833003997802,0.0295686721801757,0.029642915725708,0.0053296976981405,1.0,ATTACK,0,0,0,0,21217967219,2931944099,16613095,6188932,4,4.0,0.042,0.042,0.0,0,20971520,0,4,0
0,1,1,0,4,4,1.0,50,0.0,72.25280101429102,0.0138402938842773,0.0122168064117431,0.0183594703674316,0.0212293910980224,0.0040219818994394,1.0,ATTACK,0,0,0,0,21217970924,2931956436,16613152,6189029,4,4.0,0.042,0.042,0.0,0,20971520,0,4,0
0,1,1,0,4,4,1.0,50,0.0,53.33143452941027,0.0187506675720214,0.0187737941741943,0.0228371620178222,0.023006248474121,0.0041485237168938,1.0,ATTACK,0,0,0,0,21217974239,2931967326,16613200,6189113,4,4.0,0.043,0.0423333333333333,0.0005773502691899,0,20971520,0,4,0
0,1,1,0,4,4,1.0,50,0.0,30.78103602896173,0.0324875354766845,0.027350902557373,0.0583553314208984,0.07388596534729,0.0229525083144319,1.0,ATTACK,0,0,0,0,21217978322,2931979777,16613257,6189211,4,4.0,0.043,0.0426666666666666,0.0005773502691899,0,20971520,0,4,0
0,1,1,0,4,4,1.0,50,0.0,74.57521522831448,0.0134092807769775,0.0113582611083984,0.0183606147766113,0.0212269306182861,0.0042460120960325,1.0,NORMAL,0,0,0,0,21217982198,2931992275,16613316,6189314,4,4.0,0.042,0.0426666666666666,0.0005773502691899,0,20971520,0,4,0
0,1,1,0,4,4,1.0,50,0.0,93.62494698542378,0.0106809139251708,0.0105476379394531,0.0114437103271484,0.0115590667724609,0.0006433347971388,1.0,NORMAL,0,0,0,0,21217985630,2932003737,16613369,6189408,4,4.0,0.024,0.0363333333333333,0.0106926766215636,0,20971520,0,4,0
0,1,1,0,4,4,1.0,50,0.0,77.00011382119791,0.0129869937896728,0.0137784481048583,0.0145128726959228,0.0149475193023681,0.0016907500738185,1.0,NORMAL,0,0,0,0,21217988975,2932014324,16613420,6189497,4,4.0,0.004,0.0233333333333333,0.0190087699058443,0,20971520,0,4,0
0,1,1,0,4,4,1.0,50,0.0,63.84782363811838,0.0156622409820556,0.0116128921508789,0.0252041339874267,0.0293581676483154,0.0078064123132018,1.0,NORMAL,0,0,0,0,21217992245,2932024754,16613470,6189584,4,4.0,0.004,0.0106666666666666,0.0115470053837925,0,20971520,0,4,0
0,1,1,0,4,4,1.0,50,0.0,61.02954058010238,0.0163855075836181,0.0131571292877197,0.025305700302124,0.0307823848724365,0.007781971340078,1.0,NORMAL,0,0,0,0,21217995437,2932035086,16613519,6189670,4,4.0,0.004,0.004,0.0,0,20971520,0,4,0
0,1,1,0,4,4,1.0,50,0.0,64.64411325000385,0.0154693126678466,0.0099964141845703,0.0250935554504394,0.028290319442749,0.007668695010179,1.0,NORMAL,0,0,0,0,21217998509,2932045256,16613566,6189754,4,4.0,0.005,0.0043333333333333,0.0005773502691911,0,20971520,0,4,0
0,1,1,0,1,1,1.0,50,0.0,26.836469359759217,0.0372627258300781,0.0387773513793945,0.0577198505401611,0.0625839614868164,0.0182161103476325,1.0,ATTACK,0,0,0,0,21218058266,2932236401,16614465,6191356,1,1.0,0.001,0.001,0.0,0,5242880,0,1,0
0,1,1,0,1,1,1.0,50,0.0,63.49176362309758,0.0157500743865966,0.0127060413360595,0.0238368988037109,0.0297108936309814,0.0074111707319522,1.0,ATTACK,0,0,0,0,21218061671,2932247510,16614517,6191444,1,1.0,0.001,0.001,0.0,0,5242880,0,1,0
0,1,1,0,1,1,1.0,50,0.0,59.281772953414745,0.0168685913085937,0.0170149803161621,0.0199702739715576,0.0202632999420166,0.0027501915560541,1.0,ATTACK,0,0,0,0,21218064803,2932258674,16614565,6191531,1,1.0,0.025,0.009,0.013856406460551,0,5242880,0,1,0
0,1,1,0,1,2,0.5,50,0.0,74.78397306973626,0.0133718490600585,0.0125579833984375,0.0157858848571777,0.0160161685943603,0.0019738254635966,1.0,ATTACK,0,0,0,0,21218085111,2932276679,16614648,6191650,2,1.3333333333333333,0.03,0.0186666666666666,0.0155026879389779,0,5242880,0,2,0
0,1,1,0,2,3,0.6666666666666666,50,0.0,69.32779720857658,0.0144242286682128,0.0135643482208251,0.0187850952148437,0.0208994483947753,0.0038350913237043,1.0,ATTACK,0,0,0,0,21218106014,2932294031,16614734,6191766,3,2.0,0.03,0.0283333333333333,0.0028867513459481,0,5242880,1,2,0
0,1,1,0,2,3,0.6666666666666666,50,0.0,75.72422060618315,0.0132058143615722,0.0121173858642578,0.016721773147583,0.018581895828247,0.0030549548263853,1.0,ATTACK,0,0,0,0,21218109506,2932306165,16614788,6191860,3,2.6666666666666665,0.031,0.0303333333333333,0.0005773502691895,0,10485760,0,3,0
0,1,1,0,3,3,1.0,50,0.0,79.72658462684808,0.0125428676605224,0.0124158859252929,0.0143081665039062,0.0154216480255126,0.0017325592583281,1.0,NORMAL,0,0,0,0,21218121596,2932326117,16614879,6191994,3,3.0,0.045,0.0353333333333333,0.008386497083606,0,14680064,0,3,0
0,1,1,0,3,3,1.0,50,0.0,61.57264575834268,0.0162409782409667,0.0135900974273681,0.0262417793273925,0.0332854747772216,0.0091519528834371,1.0,NORMAL,0,0,0,0,21218124908,2932336635,16614930,6192082,3,3.0,0.045,0.0403333333333333,0.0080829037686547,0,14680064,0,3,0
0,1,1,0,3,3,1.0,50,0.0,93.76308318243802,0.0106651782989501,0.0106372833251953,0.0116888523101806,0.0119404220581054,0.0010260356667834,1.0,NORMAL,0,0,0,0,21218128478,2932348165,16614985,6192178,3,3.0,0.017,0.0356666666666666,0.0161658075373095,0,15728640,0,3,0
0,1,1,0,3,3,1.0,50,0.0,63.200542454607096,0.0158226490020751,0.0138800144195556,0.0234935283660888,0.0276777744293212,0.0066017459760846,1.0,NORMAL,0,0,0,0,21218131550,2932358437,16615032,6192263,3,3.0,0.003,0.0216666666666666,0.0213853532431272,0,14680064,0,3,0
0,1,1,0,3,3,1.0,50,0.0,79.93779255035297,0.0125097274780273,0.0122146606445312,0.0140721797943115,0.0150763988494873,0.0014405153839913,1.0,NORMAL,0,0,0,0,21218134742,2932368827,16615081,6192349,3,3.0,0.003,0.0076666666666666,0.0080829037686548,0,15728640,0,3,0
0,1,1,0,3,3,1.0,50,0.0,100.4325421910618,0.009956932067871,0.0098598003387451,0.0108000755310058,0.0110393714904785,0.0007096129771767,1.0,NORMAL,0,0,0,0,21218137874,2932379153,16615129,6192435,3,3.0,0.003,0.003,0.0,0,15728640,0,3,0
0,1,1,0,3,3,1.0,50,0.0,80.70097395975634,0.0123914241790771,0.0120849609375,0.0149523258209228,0.0163784885406494,0.0023157614560956,1.0,NORMAL,0,0,0,0,21218141319,2932389728,16615181,6192524,3,3.0,0.003,0.003,0.0,0,15728640,0,3,0
0,1,1,0,3,3,1.0,50,0.0,49.46591533615279,0.0202159404754638,0.0173127651214599,0.031590986251831,0.035350112915039,0.0093581219105412,1.0,NORMAL,0,0,0,0,21218144895,2932401116,16615235,6192618,3,3.0,0.003,0.003,0.0,0,15728640,0,3,0
0,1,1,0,3,3,1.0,50,0.0,84.23007562886829,0.0118722438812255,0.0106656551361083,0.015346622467041,0.0154473876953125,0.0028867493471971,1.0,NORMAL,0,0,0,0,21218148087,2932411486,16615284,6192705,3,3.0,0.003,0.003,0.0,0,15728640,0,3,0
0,1,1,0,3,3,1.0,50,0.0,82.62326600241903,0.0121031284332275,0.0108795166015625,0.0154285907745361,0.017298583984375,0.0028420524666508,1.0,NORMAL,0,0,0,0,21218151159,2932421870,16615331,6192790,3,3.0,0.003,0.003,0.0,0,15728640,0,3,0
0,1,1,0,3,3,1.0,50,0.0,69.69991657886953,0.014347219467163,0.0162999629974365,0.0174386501312255,0.0180038452148437,0.003273851545929,1.0,NORMAL,0,0,0,0,21218154291,2932432304,16615379,6192877,3,3.0,0.003,0.003,0.0,0,15728640,0,3,0
0,1,1,0,3,3,1.0,50,0.0,84.1965970499201,0.0118769645690917,0.0134122371673583,0.0134867668151855,0.013486852645874,0.002014152353445,1.0,NORMAL,0,0,0,0,21218158036,2932444241,16615436,6192977,3,3.0,0.003,0.003,0.0,0,15728640,0,3,0
0,1,1,0,3,2,1.5,50,0.0,30.76595363876024,0.0325034618377685,0.014662742614746,0.0698676586151123,0.0870361137390136,0.0306641792696101,1.0,ATTACK,0,0,0,0,21218161168,2932454555,16615484,6193062,3,3.0,0.003,0.003,0.0,0,15728640,0,3,0
0,1,1,0,3,2,1.5,50,0.0,89.72310641065134,0.0111454010009765,0.0113284587860107,0.0117774009704589,0.0119207382202148,0.0006774317179412,1.0,ATTACK,0,0,0,0,21218164240,2932465525,16615531,6193147,3,3.0,0.003,0.003,0.0,0,15728640,0,3,0
0,1,1,0,2,1,2.0,50,0.0,62.33546354367922,0.0160422325134277,0.0149881839752197,0.0196807861328125,0.0215344715118408,0.0031766760316793,1.0,ATTACK,0,0,0,0,21218167612,2932477585,16615583,6193241,3,3.0,0.024,0.01,0.0121243556529821,0,15728640,0,3,0
0,1,1,0,1,2,0.5,50,0.0,69.62979686970841,0.0143616676330566,0.012239933013916,0.0177803516387939,0.0182929325103759,0.0027132170287999,1.0,ATTACK,0,0,0,0,21218187740,2932494514,16615663,6193353,3,3.0,0.023,0.0166666666666666,0.0118462370959445,0,10485760,0,3,0
0,1,1,0,2,3,0.6666666666666666,50,0.0,54.81388936081235,0.0182435512542724,0.0172722339630126,0.0235960960388183,0.0236370372772216,0.0048674258325372,1.0,ATTACK,0,0,0,0,21218192052,2932507011,16615723,6193452,3,3.0,0.03,0.0256666666666666,0.0037859388972001,0,5242880,1,2,0
0,1,1,0,2,3,0.6666666666666666,50,0.0,55.08311773589861,0.0181543827056884,0.0200061798095703,0.0213071823120117,0.0216747951507568,0.0033090510191793,1.0,ATTACK,0,0,0,0,21218213120,2932524421,16615808,6193569,3,3.0,0.044,0.0323333333333333,0.0106926766215636,0,9437184,0,3,0
0,1,1,0,3,3,1.0,50,0.0,56.07943074277799,0.0178318500518798,0.0168089866638183,0.0213880538940429,0.0223785400390625,0.0029214887649513,1.0,NORMAL,0,0,0,0,21218217212,2932538407,16615872,6193682,3,3.0,0.033,0.0356666666666666,0.0073711147958319,0,13631488,0,3,0
0,1,1,0,3,3,1.0,50,0.0,66.23498608755523,0.0150977611541748,0.0127327442169189,0.020654821395874,0.0215333843231201,0.0044741329184782,1.0,NORMAL,0,0,0,0,21218220464,2932549005,16615922,6193770,3,3.0,0.033,0.0366666666666666,0.0063508529610858,0,13631488,0,3,0
0,1,1,0,3,3,1.0,50,0.0,85.32916687010726,0.0117193222045898,0.0113911628723144,0.0126471996307373,0.0126739788055419,0.0008067286087757,1.0,NORMAL,0,0,0,0,21218223596,2932559379,16615970,6193856,3,3.0,0.017,0.0276666666666666,0.009237604307034,0,13631488,0,3,0
0,1,1,0,3,3,1.0,50,0.0,5.049410571596632,0.1980429172515869,0.1839151382446289,0.3293543338775634,0.361283950805664,0.1166749072221923,1.0,NORMAL,0,0,0,0,21218227052,2932570621,16616022,6193948,3,3.0,0.003,0.0176666666666666,0.0150111069989302,0,14680064,0,3,0
0,1,1,0,3,3,1.0,50,0.0,76.15788269558301,0.0131306171417236,0.0140042304992675,0.0158164978027343,0.0160934734344482,0.0025850819012661,1.0,NORMAL,0,0,0,0,21218230877,2932582946,16616081,6194051,3,3.0,0.004,0.008,0.0078102496759067,0,14680064,0,3,0
0,1,1,0,3,3,1.0,50,0.0,84.75053546170943,0.0117993354797363,0.0105528831481933,0.0141770362854003,0.0146231842041015,0.0018985759452661,1.0,NORMAL,0,0,0,0,21218234009,2932593350,16616129,6194136,3,3.0,0.004,0.0036666666666666,0.0005773502691903,0,14680064,0,3,0
0,1,1,0,3,3,1.0,50,0.0,65.89989096039695,0.0151745319366455,0.0137543678283691,0.0179030418395996,0.0181595039367675,0.0021957525202556,1.0,NORMAL,0,0,0,0,21218238423,2932604410,16616187,6194226,3,3.0,0.004,0.004,0.0,0,14680064,0,3,0
0,1,1,0,3,3,1.0,50,0.0,62.09570395198517,0.0161041736602783,0.0125048160552978,0.0265304088592529,0.0337707424163818,0.0094658185090688,1.0,NORMAL,0,0,0,0,21218241615,2932614724,16616236,6194311,3,3.0,0.003,0.0036666666666666,0.0005773502691903,0,14680064,0,3,0
0,1,1,0,3,3,1.0,50,0.0,89.01475407052752,0.0112340927124023,0.0107302665710449,0.0138375282287597,0.0155895900726318,0.0023899548513395,1.0,NORMAL,0,0,0,0,21218247390,2932629677,16616301,6194415,3,3.0,0.003,0.0033333333333333,0.0005773502691903,0,14680064,0,3,0
0,1,1,0,3,3,1.0,50,0.0,79.9935918219442,0.0125010013580322,0.0117123126983642,0.0155831336975097,0.0176271057128906,0.0027786332113435,1.0,NORMAL,0,0,0,0,21218250615,2932640338,16616350,6194504,3,3.0,0.003,0.003,0.0,0,14680064,0,3,0
0,1,1,0,3,3,1.0,50,0.0,72.9259005539463,0.0137125492095947,0.0113086700439453,0.0181569576263427,0.0195013236999511,0.0035330466708982,1.0,NORMAL,0,0,0,0,21218253807,2932650670,16616399,6194590,3,3.0,0.003,0.003,0.0,0,14680064,0,3,0
0,1,1,0,3,3,1.0,50,0.0,83.43021729271261,0.0119860649108886,0.0115015506744384,0.0136239051818847,0.0146700096130371,0.0014899773449173,1.0,NORMAL,0,0,0,0,21218257077,2932661084,16616449,6194677,3,3.0,0.003,0.003,0.0,0,14680064,0,3,0
0,1,1,0,3,2,1.5,50,0.0,29.80187523625192,0.0335549354553222,0.0214149951934814,0.0649710178375244,0.0702605056762695,0.025255614224797,1.0,ATTACK,0,0,0,0,21218260209,2932671522,16616497,6194763,3,3.0,0.003,0.003,0.0,0,14680064,0,3,0
0,1,1,0,3,2,1.5,50,0.0,77.23890024492201,0.0129468441009521,0.0133223533630371,0.0139116287231445,0.0140365982055664,0.0012223647959839,1.0,ATTACK,0,0,0,0,21218263521,2932683404,16616548,6194855,3,3.0,0.003,0.003,0.0,0,14680064,0,3,0
0,1,1,0,2,1,2.0,50,0.0,70.01569145917216,0.0142825126647949,0.0143792629241943,0.0178405284881591,0.0191439533233642,0.0031023398507634,1.0,ATTACK,0,0,0,0,21218266713,2932694418,16616597,6194941,3,3.0,0.022,0.0093333333333333,0.0109696551146029,0,14680064,0,3,0
0,1,1,0,1,2,0.5,50,0.0,83.40632680819924,0.0119894981384277,0.012197732925415,0.0139521121978759,0.014396629333496,0.0017474510660879,1.0,ATTACK,0,0,0,0,21218287353,2932712716,16616685,6195064,3,3.0,0.021,0.0153333333333333,0.0106926766215636,0,10485760,0,3,0
0,1,1,0,2,2,1.0,50,0.0,56.32266762634754,0.01775484085083,0.0159425735473632,0.0236828327178955,0.0262792110443115,0.0050668754268885,1.0,ATTACK,0,0,0,0,21218290425,2932723606,16616732,6195148,3,3.0,0.02,0.021,0.0010000000000001,1,5242880,0,2,0
0,1,1,0,2,2,1.0,50,0.0,72.5746024605056,0.0137789249420166,0.0137231349945068,0.0155104637145996,0.0163615608215332,0.0016787331272281,1.0,ATTACK,0,0,0,0,21218293857,2932735478,16616785,6195240,2,2.6666666666666665,0.044,0.0283333333333333,0.0135769412362775,0,9437184,0,2,0
0,1,1,0,2,3,0.6666666666666666,50,0.0,58.054418266023326,0.0172252178192138,0.014620304107666,0.0275523662567138,0.0334296226501464,0.0089982927928287,1.0,NORMAL,0,0,0,0,21218315150,2932754777,16616880,6195374,3,2.6666666666666665,0.032,0.032,0.012,0,9437184,0,3,0
0,1,1,0,3,3,1.0,50,0.0,59.0406103517687,0.0169374942779541,0.0137197971343994,0.0272191524505615,0.0331988906860351,0.0089000977108155,1.0,NORMAL,0,0,0,0,21218318282,2932765211,16616928,6195461,3,2.6666666666666665,0.032,0.036,0.0069282032302755,0,9437184,0,3,0
0,1,1,0,3,3,1.0,50,0.0,62.29898374164877,0.0160516262054443,0.0129969120025634,0.0233521461486816,0.0251078128814697,0.0059256528912075,1.0,NORMAL,0,0,0,0,21218321807,2932776600,16616982,6195555,3,3.0,0.015,0.0263333333333333,0.0098149545762236,0,14680064,0,3,0
0,1,1,0,3,3,1.0,50,0.0,59.40671244362862,0.0168331146240234,0.0144762992858886,0.0243484497070312,0.0271588039398193,0.0062005808474954,1.0,NORMAL,0,0,0,0,21218325239,2932787388,16617035,6195647,3,3.0,0.003,0.0166666666666666,0.0145716619962629,0,15728640,0,3,0
0,1,1,0,3,3,1.0,50,0.0,82.41448692152917,0.0121337890625,0.0119268894195556,0.0140981197357177,0.0144326877593994,0.0016579920810311,1.0,NORMAL,0,0,0,0,21218328311,2932797766,16617082,6195732,3,3.0,0.003,0.0069999999999999,0.0069282032302755,0,15728640,0,3,0
0,1,1,0,3,3,1.0,50,0.0,77.83546248803046,0.01284761428833,0.014258861541748,0.0147741794586181,0.0150272941589355,0.0022096738426099,1.0,NORMAL,0,0,0,0,21218331443,2932807974,16617130,6195817,3,3.0,0.003,0.003,0.0,0,15728640,0,3,0
0,1,1,0,3,3,1.0,50,0.0,68.49252254341302,0.014600133895874,0.0139758586883544,0.0173861980438232,0.0177205085754394,0.0023163710867729,1.0,NORMAL,0,0,0,0,21218334899,2932819328,16617182,6195910,3,3.0,0.003,0.003,0.0,0,15728640,0,3,0
0,1,1,0,3,3,1.0,50,0.0,74.85951917756876,0.0133583545684814,0.0109369754791259,0.0193021297454834,0.0235580444335937,0.0054097922077467,1.0,NORMAL,0,0,0,0,21218338680,2932830019,16617234,6195999,3,3.0,0.003,0.003,0.0,0,15728640,0,3,0
0,1,1,0,3,3,1.0,50,0.0,94.04269058295964,0.0106334686279296,0.0109624862670898,0.0111274719238281,0.0112038612365722,0.0005746366156452,1.0,NORMAL,0,0,0,0,21218342540,2932840571,16617284,6196086,3,3.0,0.003,0.003,0.0,0,15728640,0,3,0
0,1,1,0,3,3,1.0,50,0.0,92.71761860761228,0.010785436630249,0.0103316307067871,0.0120800018310546,0.0121363925933837,0.0011129439500059,1.0,NORMAL,0,0,0,0,21218345672,2932850849,16617332,6196171,3,3.0,0.003,0.003,0.0,0,15728640,0,3,0
0,1,1,0,3,3,1.0,50,0.0,63.61637585847065,0.0157192230224609,0.0108296871185302,0.0242794036865234,0.0269416141510009,0.0068029231825996,1.0,NORMAL,0,0,0,0,21218348744,2932861169,16617379,6196256,3,3.0,0.003,0.003,0.0,0,15728640,0,3,0
0,1,1,0,3,3,1.0,50,0.0,58.07933887959588,0.0172178268432617,0.0156290531158447,0.0263964653015136,0.0308479022979736,0.0078436209959889,1.0,NORMAL,0,0,0,0,21218352116,2932872541,16617431,6196350,3,3.0,0.003,0.003,0.0,0,15728640,0,3,0
0,1,1,0,1,1,1.0,50,0.0,9.013871415719963,0.1109401226043701,0.0743660926818847,0.1771814823150634,0.1913521289825439,0.0525565679164413,1.0,ATTACK,0,0,0,0,21218423952,2933071576,16618383,6197992,1,1.0,0.001,0.001,0.0,0,5242880,0,1,0
0,1,1,0,1,1,1.0,50,0.0,6.181642824213541,0.1617692947387695,0.1702187061309814,0.2143347740173339,0.2322705554962158,0.0474035615366043,1.0,ATTACK,0,0,0,0,21218427768,2933084504,16618441,6198091,1,1.0,0.001,0.001,0.0,0,5242880,0,1,0
0,1,1,0,1,1,1.0,50,0.0,5.278416942062435,0.1894507408142089,0.1624703407287597,0.2564876079559326,0.2674443244934082,0.0549545448564572,1.0,ATTACK,0,0,0,0,21218431704,2933098562,16618501,6198198,1,1.0,0.042,0.0146666666666666,0.0236713610367746,0,5242880,0,1,0
0,1,1,0,1,2,0.5,50,0.0,6.049279158181367,0.1653089523315429,0.1596016883850097,0.2171905994415283,0.2203606700897216,0.0464371420265047,1.0,ATTACK,0,0,0,0,21218452717,2933118197,16618594,6198332,2,1.3333333333333333,0.072,0.0383333333333333,0.0356417358350197,0,5242880,0,2,0
0,1,1,0,2,4,0.5,50,0.0,4.76864103353542,0.2097033500671386,0.2305688858032226,0.2897953987121582,0.3201150894165039,0.0766101448162181,1.0,ATTACK,0,0,0,0,21218489697,2933143411,16618713,6198486,4,2.333333333333333,0.071,0.0616666666666666,0.0170391705588427,0,9437184,0,4,0
0,1,1,0,4,5,0.8,50,0.0,4.404238178722246,0.2270540237426757,0.2234978675842285,0.3009163856506348,0.3205795955657959,0.0669247151935897,1.0,ATTACK,0,0,0,0,21218510484,2933162886,16618804,6198618,5,3.6666666666666665,0.071,0.0713333333333333,0.0005773502691897,0,13631488,0,5,0
0,1,1,0,5,5,1.0,50,0.0,5.307107947153438,0.1884265422821044,0.2037734985351562,0.250920295715332,0.2510799407958984,0.0598203788659805,1.0,ATTACK,0,0,0,0,21218514616,2933175824,16618861,6198718,5,4.666666666666667,0.071,0.071,0.0,0,13631488,0,5,0
0,1,1,0,5,5,1.0,50,0.0,5.820954639536378,0.1717931270599365,0.1880991458892822,0.2177156448364257,0.233467378616333,0.0449334237827627,1.0,ATTACK,0,0,0,0,21218519520,2933189610,16618927,6198827,5,5.0,0.09,0.0773333333333333,0.0109696551146028,0,24117248,0,5,0
0,1,1,0,5,5,1.0,50,0.0,5.293023457726775,0.188927936553955,0.1697351932525634,0.270276403427124,0.2905671215057373,0.0679312038873431,1.0,ATTACK,0,0,0,0,21218524090,2933203817,16618998,6198942,5,5.0,0.088,0.083,0.0104403065089105,0,24117248,0,5,0
0,1,1,0,5,5,1.0,50,0.0,5.0362610933201735,0.1985599994659423,0.1897370815277099,0.2497994422912597,0.2533560943603515,0.0434443107472514,1.0,ATTACK,0,0,0,0,21218527786,2933216755,16619054,6199041,5,5.0,0.074,0.084,0.0087177978870813,0,25165824,0,5,0
0,1,1,0,5,5,1.0,50,0.0,68.20583203783085,0.0146615028381347,0.0147747993469238,0.019123363494873,0.021214370727539,0.0039526726979415,1.0,NORMAL,0,0,0,0,21218532142,2933231841,16619121,6199161,5,5.0,0.076,0.0793333333333333,0.0075718777944003,0,25165824,0,5,0
0,1,1,0,5,5,1.0,50,0.0,63.785681046045845,0.0156774997711181,0.0126023292541503,0.0240058898925781,0.0306873798370361,0.0079275126378397,1.0,NORMAL,0,0,0,0,21218535274,2933242231,16619169,6199247,5,5.0,0.076,0.0753333333333333,0.0011547005383792,0,25165824,0,5,0
0,1,1,0,5,5,1.0,50,0.0,73.74781972655151,0.0135597229003906,0.0150537490844726,0.0161801815032959,0.0163394832611083,0.0027730784468883,1.0,NORMAL,0,0,0,0,21218538346,2933252513,16619216,6199332,5,5.0,0.041,0.0643333333333333,0.0202072594216369,0,25165824,0,5,0
0,1,1,0,5,5,1.0,50,0.0,75.00946045031029,0.013331651687622,0.0146825313568115,0.0162940979003906,0.0170634841918945,0.0029361510285303,1.0,NORMAL,0,0,0,0,21218541691,2933263240,16619267,6199422,5,5.0,0.005,0.0406666666666666,0.0355011736895181,0,25165824,0,5,0
0,1,1,0,5,5,1.0,50,0.0,60.16996711979756,0.01661958694458,0.0136196613311767,0.0271522998809814,0.0335007667541503,0.009209780238591,1.0,NORMAL,0,0,0,0,21218544883,2933273640,16619316,6199508,5,5.0,0.005,0.017,0.0207846096908266,0,25165824,0,5,0
0,1,1,0,5,5,1.0,50,0.0,62.05013950653447,0.0161159992218017,0.0132975578308105,0.0257905006408691,0.0324116516113281,0.008745905179524,1.0,NORMAL,0,0,0,0,21218548966,2933285329,16619373,6199606,5,5.0,0.005,0.005,0.0,0,25165824,0,5,0
0,1,1,0,5,5,1.0,50,0.0,7.691877716444461,0.130007266998291,0.151865005493164,0.1789317607879638,0.190151720046997,0.0494658008752207,1.0,ATTACK,0,0,0,0,21218552482,2933296855,16619426,6199700,5,5.0,0.005,0.005,0.0,0,25165824,0,5,0
0,1,1,0,5,5,1.0,50,0.0,4.573166117759324,0.2186668872833252,0.2234687805175781,0.2358355522155761,0.2412270069122314,0.0200771228515475,1.0,ATTACK,0,0,0,0,21218556274,2933310163,16619485,6199802,5,5.0,0.005,0.005,0.0,0,25165824,0,5,0
0,1,1,0,5,5,1.0,50,0.0,6.412187225965367,0.1559530258178711,0.1679062843322754,0.1921888351440429,0.1931255912780761,0.0386060607799813,1.0,ATTACK,0,0,0,0,21218560363,2933323828,16619547,6199908,5,5.0,0.073,0.0276666666666666,0.0392598183048946,0,25165824,0,5,0
0,1,1,0,5,5,1.0,50,0.0,5.433782358717648,0.1840338706970214,0.1735372543334961,0.2545529842376709,0.3011587047576904,0.0651455850737356,1.0,ATTACK,0,0,0,0,21218564113,2933336974,16619605,6200011,5,5.0,0.074,0.0506666666666666,0.0395516539898565,0,25165824,0,5,0
0,1,1,0,5,5,1.0,50,0.0,5.184552488367741,0.1928806781768798,0.2072086334228515,0.2353261470794677,0.2360328769683838,0.053494853610734,1.0,ATTACK,0,0,0,0,21218567869,2933349882,16619662,6200111,5,5.0,0.074,0.0736666666666666,0.0005773502691905,0,25165824,0,5,0
0,1,1,0,5,5,1.0,50,0.0,6.627056782523787,0.1508965492248535,0.1618106365203857,0.1770192623138427,0.182608642578125,0.0273785513371712,1.0,ATTACK,0,0,0,0,21218571685,2933363330,16619720,6200215,5,5.0,0.075,0.0743333333333333,0.0005773502691905,0,25165824,0,5,0
0,1,1,0,5,5,1.0,50,0.0,8.248927264839027,0.1212278842926025,0.0878465175628662,0.2161520957946777,0.2752659225463867,0.0840064588990209,1.0,ATTACK,0,0,0,0,21218575237,2933376010,16619775,6200311,5,5.0,0.075,0.0746666666666666,0.0005773502691905,0,25165824,0,5,0
0,1,1,0,5,5,1.0,50,0.0,6.487944033859849,0.1541320323944091,0.1430153846740722,0.2053330421447754,0.2272050189971924,0.044386082341906,1.0,ATTACK,0,0,0,0,21218579266,2933389355,16619836,6200416,5,5.0,0.075,0.075,0.0,0,25165824,0,5,0
0,1,1,0,5,5,1.0,50,0.0,4.114276387138492,0.2430561065673828,0.247753620147705,0.2799726963043213,0.2952952766418457,0.0332254126355028,1.0,ATTACK,0,0,0,0,21218583322,2933403581,16619898,6200526,5,5.0,0.075,0.075,0.0,0,25165824,0,5,0
0,1,1,0,5,5,1.0,50,0.0,5.322939674169344,0.1878661155700683,0.1907413005828857,0.2199145317077636,0.2324719047546386,0.0324190921711218,1.0,ATTACK,0,0,0,0,21218586814,2933416445,16619952,6200625,5,5.0,0.074,0.0746666666666666,0.0005773502691905,0,25165824,0,5,0
0,1,1,0,5,5,1.0,50,0.0,90.18108011644856,0.0110888004302978,0.0107848644256591,0.0120940685272216,0.0121912288665771,0.0008419327024395,1.0,NORMAL,0,0,0,0,21218590870,2933430243,16620014,6200735,5,5.0,0.054,0.0676666666666666,0.0118462370959446,0,25165824,0,5,0
0,1,1,0,5,5,1.0,50,0.0,78.28465627426387,0.0127738952636718,0.0123252868652343,0.0157454013824462,0.0159295082092285,0.0025439943654842,1.0,NORMAL,0,0,0,0,21218594215,2933440868,16620065,6200825,5,5.0,0.054,0.0606666666666666,0.0115470053837925,0,25165824,0,5,0
0,1,1,0,5,5,1.0,50,0.0,101.06610506836046,0.0098945140838623,0.0098998546600341,0.0102433681488037,0.010326452255249,0.0003454034920481,1.0,NORMAL,0,0,0,0,21218597911,2933452446,16620121,6200923,5,5.0,0.005,0.0376666666666666,0.0282901631902917,0,26214400,0,5,0
0,1,1,0,5,5,1.0,50,0.0,60.5062305071249,0.0165272235870361,0.0138328075408935,0.0246456623077392,0.0286555862426757,0.0068781501352786,1.0,NORMAL,0,0,0,0,21218601043,2933462836,16620169,6201009,5,5.0,0.005,0.0213333333333333,0.0282901631902917,0,26214400,0,5,0
0,1,1,0,5,5,1.0,50,0.0,71.68255509107502,0.0139503955841064,0.0125353336334228,0.0192800045013427,0.0221838283538818,0.0045829435309045,1.0,NORMAL,0,0,0,0,21218604115,2933473162,16620216,6201095,5,5.0,0.005,0.005,0.0,0,26214400,0,5,0
0,1,1,0,5,5,1.0,50,0.0,69.02749708703351,0.0144869804382324,0.0167837142944335,0.01856050491333,0.0193509197235107,0.0041826188583284,1.0,NORMAL,0,0,0,0,21218607743,2933483626,16620266,6201182,5,5.0,0.005,0.005,0.0,0,26214400,0,5,0
0,1,1,0,5,5,1.0,50,0.0,7.1208974193116825,0.1404317378997802,0.1450483798980713,0.2044201374053955,0.2304278659820556,0.0605324855220995,1.0,ATTACK,0,0,0,0,21218611783,2933495218,16620319,6201277,5,5.0,0.005,0.005,0.0,0,26214400,0,5,0
0,1,1,0,5,5,1.0,50,0.0,4.7748742787263465,0.2094295978546142,0.2182371616363525,0.2812638282775879,0.317031192779541,0.0785075567964833,1.0,ATTACK,0,0,0,0,21218616232,2933510279,16620387,6201395,5,5.0,0.019,0.0096666666666666,0.0080829037686549,0,26214400,0,5,0
0,1,1,0,5,5,1.0,50,0.0,6.276167882654642,0.1593328952789306,0.1315987110137939,0.2598816394805908,0.2779739761352539,0.0826757647603271,1.0,ATTACK,0,0,0,0,21218619844,2933523223,16620443,6201495,5,5.0,0.076,0.0333333333333333,0.037607623340665,0,26214400,0,5,0
0,1,1,0,5,5,1.0,50,0.0,4.260932196760748,0.2346904277801513,0.2339446544647216,0.3174736499786377,0.3525058746337891,0.0744917733121591,1.0,ATTACK,0,0,0,0,21218623903,2933536537,16620502,6201598,5,5.0,0.076,0.057,0.0329089653438086,0,26214400,0,5,0
0,1,1,0,5,5,1.0,50,0.0,6.347300822092938,0.1575472831726074,0.1411054134368896,0.2340651035308838,0.270443754196167,0.0671592306280532,1.0,ATTACK,0,0,0,0,21218627779,2933549809,16620561,6201701,5,5.0,0.076,0.076,0.0,0,26214400,0,5,0
0,1,1,0,5,5,1.0,50,0.0,5.456936520418184,0.183253002166748,0.1871471405029297,0.2423613548278808,0.2670477199554443,0.0533743496462852,1.0,ATTACK,0,0,0,0,21218631484,2933562856,16620618,6201801,5,5.0,0.075,0.0756666666666666,0.0005773502691898,0,26214400,0,5,0
0,1,1,0,5,5,1.0,50,0.0,5.25964907616709,0.1901267528533935,0.198469877243042,0.239330768585205,0.2598344326019287,0.0479432000762095,1.0,ATTACK,0,0,0,0,21218635702,2933576664,16620678,6201907,5,5.0,0.075,0.0753333333333333,0.0005773502691898,0,26214400,0,5,0
0,1,1,0,5,5,1.0,50,0.0,6.002901335140848,0.1665861129760742,0.1352150440216064,0.2305117607116699,0.2560862159729004,0.0517683917575436,1.0,ATTACK,0,0,0,0,21218639434,2933589726,16620736,6202007,5,5.0,0.075,0.075,0.0,0,26214400,0,5,0
0,1,1,0,5,5,1.0,50,0.0,5.416693571674683,0.1846144676208496,0.181826114654541,0.2093746662139892,0.2230942726135253,0.0218605002900154,1.0,ATTACK,0,0,0,0,21218644085,2933603663,16620801,6202117,5,5.0,0.074,0.0746666666666666,0.0005773502691898,0,26214400,0,5,0
0,1,1,0,5,5,1.0,50,0.0,5.847987331115703,0.170999002456665,0.1690559387207031,0.253194522857666,0.2916198921203613,0.0745334308547056,1.0,ATTACK,0,0,0,0,21218647961,2933617031,16620860,6202220,5,5.0,0.074,0.0743333333333333,0.0005773502691898,0,26214400,0,5,0
0,1,1,0,5,5,1.0,50,0.0,55.415267292564536,0.0180455684661865,0.014390230178833,0.0284223556518554,0.0332117080688476,0.0086109867385306,1.0,NORMAL,0,0,0,0,21218651966,2933630618,16620922,6202328,5,5.0,0.074,0.074,0.0,0,26214400,0,5,0
0,1,1,0,5,5,1.0,50,0.0,62.47138797371447,0.0160073280334472,0.0150544643402099,0.0230110168457031,0.0272743988037109,0.0063084856207491,1.0,NORMAL,0,0,0,0,21218655236,2933641058,16620972,6202415,5,5.0,0.074,0.074,0.0,0,26214400,0,5,0
0,1,1,0,5,5,1.0,50,0.0,87.58021340126537,0.0114181041717529,0.0106699466705322,0.0138192176818847,0.0150234222412109,0.0020242113159339,1.0,NORMAL,0,0,0,0,21218658368,2933651512,16621020,6202501,5,5.0,0.006,0.0513333333333333,0.0392598183048945,0,26214400,0,5,0
0,1,1,0,5,5,1.0,50,0.0,87.37878478544376,0.0114444255828857,0.0109925270080566,0.0127166748046875,0.0128073120117187,0.001042277501632,1.0,NORMAL,0,0,0,0,21218661944,2933663254,16621074,6202598,5,5.0,0.006,0.0286666666666666,0.0392598183048945,0,26214400,0,5,0
0,1,1,0,5,5,1.0,50,0.0,58.61355588287082,0.017060899734497,0.0115725994110107,0.0290010929107666,0.0376561737060546,0.0108961657436602,1.0,NORMAL,0,0,0,0,21218665136,2933673552,16621123,6202683,5,5.0,0.005,0.0056666666666666,0.0005773502691926,0,26214400,0,5,0
0,1,1,0,5,5,1.0,50,0.0,58.950327337532926,0.0169634342193603,0.0159394741058349,0.0249572277069091,0.0303570079803466,0.0073586192604963,1.0,NORMAL,0,0,0,0,21218668361,2933684083,16621172,6202770,5,5.0,0.005,0.0053333333333333,0.0005773502691926,0,26214400,0,5,0
0,1,1,0,1,1,1.0,50,0.0,28.40376197286872,0.0352066040039062,0.0337674617767334,0.0613531112670898,0.0721064949035644,0.022601942448954,1.0,ATTACK,0,0,0,0,21218727524,2933873440,16622063,6204355,1,1.0,0.001,0.001,0.0,0,5242880,0,1,0
0,1,1,0,1,1,1.0,50,0.0,98.37009240583517,0.0101656913757324,0.0094895362854003,0.0124652385711669,0.0139612674713134,0.0020750451011673,1.0,ATTACK,0,0,0,0,21218730656,2933884326,16622111,6204440,1,1.0,0.001,0.001,0.0,0,5242880,0,1,0
0,1,1,0,1,1,1.0,50,0.0,60.31082122602984,0.0165807723999023,0.0153079032897949,0.0220793724060058,0.0240874671936035,0.0045466411917634,1.0,ATTACK,0,0,0,0,21218734028,2933896390,16622163,6204533,1,1.0,0.019,0.0069999999999999,0.0103923048454132,0,5242880,0,1,0
0,1,1,0,1,2,0.5,50,0.0,95.10332724147784,0.0105148792266845,0.0100564956665039,0.0125533580780029,0.0127847576141357,0.0017295899991051,1.0,ATTACK,0,0,0,0,21218754925,2933913874,16622249,6204652,2,1.3333333333333333,0.03,0.0166666666666666,0.0146401275039985,0,5242880,0,2,0
0,1,1,0,2,3,0.6666666666666666,50,0.0,53.3933508837143,0.0187289237976074,0.0163965225219726,0.0253472328186035,0.0257643699645996,0.0054721092694963,1.0,ATTACK,0,0,0,0,21218758864,2933925839,16622303,6204745,3,2.0,0.03,0.0263333333333333,0.0063508529610858,0,5242880,1,2,0
0,1,1,0,2,3,0.6666666666666666,50,0.0,62.598188754037096,0.0159749031066894,0.0160470008850097,0.0197974205017089,0.0217928981781005,0.0039102688148765,1.0,ATTACK,0,0,0,0,21218778842,2933943306,16622386,6204862,3,2.6666666666666665,0.03,0.03,0.0,0,5242880,0,3,0
0,1,1,0,3,3,1.0,50,0.0,66.01252793603828,0.015148639678955,0.0155568122863769,0.0192551612854003,0.0210786342620849,0.0037146337493551,1.0,ATTACK,0,0,0,0,21218782154,2933954640,16622437,6204951,3,3.0,0.0419999999999999,0.0339999999999999,0.0069282032302755,0,13631488,0,3,0
0,1,1,0,3,3,1.0,50,0.0,57.93957812435247,0.0172593593597412,0.0181648731231689,0.0228512287139892,0.0230876922607421,0.0051954090706536,1.0,ATTACK,0,0,0,0,21218785964,2933966900,16622496,6205048,3,3.0,0.043,0.0383333333333333,0.0072341781380702,0,14680064,0,3,0
0,1,1,0,3,3,1.0,50,0.0,81.60156265199475,0.0122546672821044,0.0120058059692382,0.0139880180358886,0.0142781257629394,0.0016387269303402,1.0,ATTACK,0,0,0,0,21218788976,2933977710,16622542,6205132,3,3.0,0.043,0.0426666666666666,0.0005773502691898,0,14680064,0,3,0
0,1,1,0,3,3,1.0,50,0.0,74.53916665778091,0.0134157657623291,0.0129871368408203,0.0158408641815185,0.0166668987274169,0.0022142218756046,1.0,ATTACK,0,0,0,0,21218792468,2933989860,16622596,6205226,3,3.0,0.032,0.0393333333333333,0.0063508529610858,0,15728640,0,3,0
0,1,1,0,3,3,1.0,50,0.0,65.05641226086443,0.0153712749481201,0.0164625644683837,0.0179372310638427,0.0180262374877929,0.0032787298289329,1.0,ATTACK,0,0,0,0,21218795873,2934001131,16622648,6205316,3,3.0,0.032,0.0356666666666666,0.0063508529610858,0,15728640,0,3,0
0,1,1,0,3,3,1.0,50,0.0,79.92408334063789,0.0125118732452392,0.0127556324005126,0.0150688648223876,0.016402587890625,0.0023389510078684,1.0,ATTACK,0,0,0,0,21218799245,2934013147,16622700,6205409,3,3.0,0.032,0.032,0.0,0,15728640,0,3,0
0,1,1,0,3,3,1.0,50,0.0,57.25746518250347,0.0174649715423583,0.0128507614135742,0.027223777770996,0.0302173805236816,0.0077858992518034,1.0,NORMAL,0,0,0,0,21218803121,2934025715,16622759,6205513,3,3.0,0.033,0.0323333333333333,0.0005773502691896,0,15728640,0,3,0
0,1,1,0,3,3,1.0,50,0.0,61.2715033657442,0.01632080078125,0.0110788345336914,0.0287367820739746,0.0380367946624755,0.0114790195670424,1.0,NORMAL,0,0,0,0,21218806193,2934036057,16622806,6205599,3,3.0,0.0289999999999999,0.0313333333333333,0.0020816659994661,0,15728640,0,3,0
0,1,1,0,3,3,1.0,50,0.0,95.25711197009409,0.0104979038238525,0.0106575489044189,0.0114027976989746,0.0118137550354003,0.0008304030683245,1.0,NORMAL,0,0,0,0,21218809565,2934047413,16622858,6205693,3,3.0,0.003,0.0216666666666666,0.0162890556304941,0,15728640,0,3,0
0,1,1,0,3,3,1.0,50,0.0,65.52269070345086,0.0152618885040283,0.0130283832550048,0.0221082210540771,0.0273122215270996,0.0064085929709067,1.0,NORMAL,0,0,0,0,21218812910,2934057962,16622909,6205781,3,3.0,0.003,0.0116666666666666,0.0150111069989302,0,15728640,0,3,0
0,1,1,0,3,3,1.0,50,0.0,60.31394338895504,0.0165799140930175,0.0133006572723388,0.0256905078887939,0.0304689598083496,0.0077088514300964,1.0,NORMAL,0,0,0,0,21218816102,2934068396,16622958,6205868,3,3.0,0.003,0.003,0.0,0,15728640,0,3,0
0,1,1,0,3,3,1.0,50,0.0,64.1858899216787,0.0155797481536865,0.0128543376922607,0.0242017745971679,0.0294250869750976,0.0075398899055459,1.0,NORMAL,0,0,0,0,21218819174,2934078764,16623005,6205953,3,3.0,0.004,0.0033333333333333,0.0005773502691889,0,15728640,0,3,0
0,1,1,0,3,3,1.0,50,0.0,26.277959815303262,0.0380547046661376,0.0321898460388183,0.0667979717254638,0.0712109565734863,0.0238133265902082,1.0,ATTACK,0,0,0,0,21218822366,2934089418,16623054,6206041,3,3.0,0.003,0.0033333333333333,0.0005773502691889,0,15728640,0,3,0
0,1,1,0,3,3,1.0,50,0.0,83.01640019159288,0.0120458126068115,0.010791540145874,0.015285301208496,0.0171763229370117,0.0027875417774669,1.0,ATTACK,0,0,0,0,21218825882,2934101376,16623107,6206134,3,3.0,0.003,0.0033333333333333,0.0005773502691889,0,15728640,0,3,0
0,1,1,0,3,3,1.0,50,0.0,72.51487709325284,0.0137902736663818,0.0122928619384765,0.0182662010192871,0.0202926635742187,0.0037153371923984,1.0,ATTACK,0,0,0,0,21218829783,2934112917,16623161,6206225,3,3.0,0.011,0.0056666666666666,0.0046188021535169,0,15728640,0,3,0
0,1,1,0,3,3,1.0,50,0.0,60.46052764347884,0.016539716720581,0.0141246318817138,0.0223670005798339,0.0259444236755371,0.0051097847370564,1.0,ATTACK,0,0,0,0,21218833943,2934125245,16623216,6206321,3,3.0,0.032,0.0153333333333333,0.0149777612924406,0,15728640,0,3,0
0,1,1,0,3,3,1.0,50,0.0,84.10542695349471,0.0118898391723632,0.0109148025512695,0.0152597904205322,0.0168413925170898,0.0028249922218908,1.0,ATTACK,0,0,0,0,21218837135,2934136201,16623265,6206407,3,3.0,0.032,0.0249999999999999,0.0121243556529821,0,15728640,0,3,0
0,1,1,0,3,3,1.0,50,0.0,88.98642599216704,0.0112376689910888,0.0108838081359863,0.0141757011413574,0.0143758583068847,0.0025119806675619,1.0,ATTACK,0,0,0,0,21218840507,2934148335,16623317,6206501,3,3.0,0.032,0.032,0.0,0,15728640,0,3,0
0,1,1,0,3,3,1.0,50,0.0,73.84286026154746,0.0135422706604003,0.0100164413452148,0.0212938785552978,0.0268016338348388,0.0070294100349895,1.0,ATTACK,0,0,0,0,21218843699,2934159327,16623366,6206586,3,3.0,0.033,0.0323333333333333,0.0005773502691896,0,15728640,0,3,0
0,1,1,0,3,3,1.0,50,0.0,59.88013419944321,0.0167000293731689,0.015355110168457,0.0250257015228271,0.0300621604919433,0.0074224606862706,1.0,ATTACK,0,0,0,0,21218847215,2934171435,16623419,6206680,3,3.0,0.032,0.0323333333333333,0.0005773502691896,0,15728640,0,3,0
0,1,1,0,3,3,1.0,50,0.0,78.88063069840219,0.0126773834228515,0.0135986804962158,0.0145417690277099,0.0150860214233398,0.0019580795011014,1.0,ATTACK,0,0,0,0,21218850620,2934182754,16623471,6206770,3,3.0,0.032,0.0323333333333333,0.0005773502691896,0,15728640,0,3,0
0,1,1,0,3,3,1.0,50,0.0,63.82683698096899,0.0156673908233642,0.014106273651123,0.0206340789794921,0.0238322162628173,0.0044116952163643,1.0,ATTACK,0,0,0,0,21218853872,2934194522,16623521,6206859,3,3.0,0.032,0.032,0.0,0,15728640,0,3,0
0,1,1,0,3,3,1.0,50,0.0,76.17807741485528,0.0131271362304687,0.0125701427459716,0.0161977291107177,0.0174257087707519,0.0026750786052813,1.0,ATTACK,0,0,0,0,21218857004,2934205434,16623569,6206944,3,3.0,0.032,0.032,0.0,0,15728640,0,3,0
0,1,1,0,3,3,1.0,50,0.0,71.06315928582805,0.0140719890594482,0.0136106014251708,0.0172202110290527,0.0175337505340576,0.0027392156457739,1.0,ATTACK,0,0,0,0,21218860376,2934217584,16623621,6207038,3,3.0,0.032,0.032,0.0,0,15728640,0,3,0
0,1,1,0,3,3,1.0,50,0.0,77.48547021810376,0.0129056453704833,0.0124540328979492,0.0166203498840332,0.0181089115142822,0.0031546443551782,1.0,NORMAL,0,0,0,0,21218864967,2934230641,16623685,6207147,3,3.0,0.033,0.0323333333333333,0.0005773502691896,0,15728640,0,3,0
0,1,1,0,3,3,1.0,50,0.0,72.24906723809458,0.0138410091400146,0.0132832527160644,0.0173744201660156,0.0197266960144042,0.0032277398580802,1.0,NORMAL,0,0,0,0,21218868312,2934241218,16623736,6207236,3,3.0,0.017,0.0273333333333333,0.0089628864398324,0,15728640,0,3,0
0,1,1,0,3,3,1.0,50,0.0,59.07720044508923,0.0169270038604736,0.012923240661621,0.0262491703033447,0.0316487789154052,0.0080019635171088,1.0,NORMAL,0,0,0,0,21218871384,2934251590,16623783,6207321,3,3.0,0.003,0.0176666666666666,0.0150111069989302,0,15728640,0,3,0
0,1,1,0,3,3,1.0,50,0.0,102.20935559649482,0.0097838401794433,0.0100424289703369,0.0105057716369628,0.0107116794586181,0.0007129655508117,1.0,NORMAL,0,0,0,0,21218874816,2934263026,16623836,6207415,3,3.0,0.003,0.0076666666666666,0.0080829037686547,0,15728640,0,3,0
0,1,1,0,3,3,1.0,50,0.0,77.86725282559297,0.0128423690795898,0.0111150741577148,0.0169861316680908,0.0177925109863281,0.0033362875483337,1.0,NORMAL,0,0,0,0,21218878068,2934273510,16623886,6207502,3,3.0,0.003,0.003,0.0,0,15728640,0,3,0
0,1,1,0,3,3,1.0,50,0.0,73.75404439692767,0.0135585784912109,0.0128061771392822,0.0182271480560302,0.0188594627380371,0.0039272851573147,1.0,NORMAL,0,0,0,0,21218890097,2934293454,16623979,6207633,3,3.0,0.003,0.003,0.0,0,15728640,0,3,0
0,1,1,0,3,3,1.0,50,0.0,29.218459377860505,0.0342249393463134,0.0211524963378906,0.0687569141387939,0.0849487876892089,0.028603806438827,1.0,ATTACK,0,0,0,0,21218893472,2934303950,16624028,6207719,3,3.0,0.003,0.003,0.0,0,15728640,0,3,0
0,1,1,0,3,3,1.0,50,0.0,74.7059179754988,0.0133858203887939,0.0135498046875,0.0154638767242431,0.0163618373870849,0.0021676321108693,1.0,ATTACK,0,0,0,0,21218896964,2934316176,16624082,6207814,3,3.0,0.003,0.003,0.0,0,15728640,0,3,0
0,1,1,0,3,3,1.0,50,0.0,99.90386676638862,0.0100096225738525,0.0099737644195556,0.0110044479370117,0.0115078449249267,0.0008857134193184,1.0,ATTACK,0,0,0,0,21218900036,2934327028,16624129,6207897,3,3.0,0.0289999999999999,0.0116666666666666,0.0150111069989302,0,15728640,0,3,0
0,1,1,0,3,3,1.0,50,0.0,74.51453585463435,0.0134202003479003,0.0128829479217529,0.0147942066192626,0.015723237991333,0.0012285381716595,1.0,ATTACK,0,0,0,0,21218903612,2934339120,16624183,6207991,3,3.0,0.032,0.0213333333333333,0.0159478316185409,0,15728640,0,3,0
0,1,1,0,3,3,1.0,50,0.0,64.8588332441602,0.0154181003570556,0.0158643722534179,0.0184249401092529,0.0192191314697265,0.0027164664048085,1.0,ATTACK,0,0,0,0,21218907210,2934350492,16624237,6208081,3,3.0,0.032,0.031,0.0017320508075688,0,15728640,0,3,0
0,1,1,0,3,3,1.0,50,0.0,69.85570197060744,0.0143152236938476,0.0114836692810058,0.0197836875915527,0.0206628513336181,0.0043790676524081,1.0,ATTACK,0,0,0,0,21218910642,2934362380,16624290,6208173,3,3.0,0.032,0.032,0.0,0,15728640,0,3,0
0,1,1,0,3,3,1.0,50,0.0,79.56324952671454,0.0125686168670654,0.0120477676391601,0.0155839443206787,0.0167725276947021,0.0025728044582424,1.0,ATTACK,0,0,0,0,21218913774,2934373372,16624338,6208258,3,3.0,0.033,0.0323333333333333,0.0005773502691896,0,15728640,0,3,0
0,1,1,0,3,3,1.0,50,0.0,49.41800787049037,0.020235538482666,0.0157537460327148,0.0303064346313476,0.0325993156433105,0.0081576137744029,1.0,ATTACK,0,0,0,0,21218917266,2934385592,16624392,6208353,3,3.0,0.033,0.0326666666666666,0.0005773502691896,0,15728640,0,3,0
0,1,1,0,3,3,1.0,50,0.0,69.25453572773085,0.0144394874572753,0.0134930610656738,0.018306016921997,0.0208925247192382,0.0035688151062866,1.0,ATTACK,0,0,0,0,21218920278,2934396310,16624438,6208435,3,3.0,0.032,0.0326666666666666,0.0005773502691896,0,15728640,0,3,0
0,1,1,0,3,3,1.0,50,0.0,74.7562488414869,0.0133768081665039,0.0133070945739746,0.0162436962127685,0.0164887428283691,0.002554985355685,1.0,ATTACK,0,0,0,0,21218923974,2934408660,16624494,6208531,3,3.0,0.032,0.0323333333333333,0.0005773502691896,0,15728640,0,3,0
0,1,1,0,3,3,1.0,50,0.0,66.57287248901643,0.0150211334228515,0.0152201652526855,0.0182745933532714,0.0199068355560302,0.0030324631413887,1.0,ATTACK,0,0,0,0,21218927632,2934420248,16624549,6208624,3,3.0,0.032,0.032,0.0,0,15728640,0,3,0
0,1,1,0,3,3,1.0,50,0.0,63.425324135261256,0.0157665729522705,0.0170826911926269,0.0180545806884765,0.018439016342163,0.0024488223508842,1.0,ATTACK,0,0,0,0,21218930914,2934431572,16624599,6208712,3,3.0,0.032,0.032,0.0,0,15728640,0,3,0
0,1,1,0,3,3,1.0,50,0.0,53.54084331566639,0.0186773300170898,0.0129094123840332,0.0317727088928222,0.0363349533081054,0.0105204173872983,1.0,NORMAL,0,0,0,0,21218935142,2934444930,16624659,6208821,3,3.0,0.032,0.032,0.0,0,15728640,0,3,0
0,1,1,0,3,3,1.0,50,0.0,67.57965087988967,0.0147973537445068,0.0114462375640869,0.021391487121582,0.0214652156829834,0.0054034698495399,1.0,NORMAL,0,0,0,0,21218939062,2934455644,16624710,6208909,3,3.0,0.013,0.0256666666666666,0.0109696551146028,0,15728640,0,3,0
0,1,1,0,3,3,1.0,50,0.0,70.66828413532821,0.0141506195068359,0.0147027969360351,0.0169136047363281,0.0172807884216308,0.0025566813011638,1.0,NORMAL,0,0,0,0,21218942254,2934465904,16624759,6208993,3,3.0,0.003,0.016,0.0147309198626562,0,15728640,0,3,0
0,1,1,0,3,3,1.0,50,0.0,54.02274097239038,0.0185107231140136,0.0147602558135986,0.0311185836791992,0.0393392753601074,0.0112319790700264,1.0,NORMAL,0,0,0,0,21218946488,2934478181,16624823,6209099,3,3.0,0.003,0.0063333333333333,0.0057735026918961,0,15728640,0,3,0
0,1,1,0,3,3,1.0,50,0.0,55.228178286918165,0.0181066989898681,0.0130140781402587,0.0321150779724121,0.0430790042877197,0.0132079725862525,1.0,NORMAL,0,0,0,0,21218949680,2934488549,16624872,6209184,3,3.0,0.003,0.003,0.0,0,15728640,0,3,0
0,1,1,0,3,3,1.0,50,0.0,56.633252678880055,0.017657470703125,0.0124232769012451,0.0283545017242431,0.0338943576812744,0.008935106725182,1.0,NORMAL,0,0,0,0,21218952872,2934498859,16624921,6209269,3,3.0,0.003,0.003,0.0,0,15728640,0,3,0
0,1,1,0,1,1,1.0,50,0.0,25.670946071662897,0.0389545440673828,0.0384280681610107,0.0543699264526367,0.0597862720489501,0.0137269258361456,1.0,ATTACK,0,0,0,0,21219012362,2934689337,16625822,6210866,1,1.0,0.001,0.001,0.0,0,5242880,0,1,0
0,1,1,0,1,1,1.0,50,0.0,62.205479736483824,0.0160757541656494,0.015700340270996,0.0183347225189208,0.018574104309082,0.0019803728587466,1.0,ATTACK,0,0,0,0,21219015374,2934700099,16625868,6210949,1,1.0,0.001,0.001,0.0,0,5242880,0,1,0
0,1,1,0,1,1,1.0,50,0.0,52.3067944020572,0.0191179752349853,0.0175948143005371,0.0258752346038818,0.0269121551513671,0.0056149957865485,1.0,ATTACK,0,0,0,0,21219018899,2934712242,16625922,6211044,1,1.0,0.028,0.01,0.0155884572681198,0,5242880,0,1,0
0,1,1,0,1,2,0.5,50,0.0,36.59172043648648,0.0273285865783691,0.0292224884033203,0.0313301086425781,0.0319373607635498,0.0048361294099435,1.0,ATTACK,0,0,0,0,21219039590,2934730533,16626010,6211167,2,1.3333333333333333,0.04,0.023,0.0199749843554381,0,5242880,1,1,0
0,1,1,0,1,2,0.5,50,0.0,71.70436828140814,0.0139461517333984,0.0142827033996582,0.0151960372924804,0.0156082820892333,0.0011862405996026,1.0,ATTACK,0,0,0,0,21219042722,2934741423,16626058,6211251,2,1.6666666666666667,0.04,0.036,0.0069282032302755,0,5242880,0,2,0
0,1,1,0,2,4,0.5,50,0.0,51.82030012577311,0.019297456741333,0.0163249969482421,0.0263605594635009,0.0285863208770751,0.0057031208847487,1.0,ATTACK,0,0,0,0,21219079575,2934764785,16626170,6211390,4,2.6666666666666665,0.051,0.0436666666666666,0.0063508529610858,0,9437184,0,4,0
0,1,1,0,4,4,1.0,50,0.0,78.38560530456786,0.0127574443817138,0.0107688903808593,0.0170960903167724,0.019772891998291,0.0037761869719368,1.0,ATTACK,0,0,0,0,21219083615,2934776293,16626223,6211481,4,3.333333333333333,0.065,0.052,0.0125299640861416,0,18874368,0,4,0
0,1,1,0,4,4,1.0,50,0.0,40.05707289400448,0.0249643802642822,0.0192563533782959,0.0419158935546875,0.0464301586151123,0.0136686595528332,1.0,ATTACK,0,0,0,0,21219087200,2934788656,16626278,6211578,4,4.0,0.065,0.0603333333333333,0.0080829037686547,0,18874368,0,4,0
0,1,1,0,4,4,1.0,50,0.0,55.10584179437052,0.0181468963623046,0.0149931907653808,0.0268837451934814,0.0326194667816162,0.0077646557695987,1.0,ATTACK,0,0,0,0,21219090632,2934800146,16626331,6211670,4,4.0,0.042,0.0573333333333333,0.0132790561913613,0,18874368,0,4,0
0,1,1,0,4,4,1.0,50,0.0,56.48118372964253,0.0177050113677978,0.0194439888000488,0.022171401977539,0.0237340354919433,0.0045813016237693,1.0,ATTACK,0,0,0,0,21219094064,2934812206,16626384,6211764,4,4.0,0.042,0.0496666666666666,0.0132790561913613,0,18874368,0,4,0
0,1,1,0,4,4,1.0,50,0.0,48.93633603782082,0.0204347133636474,0.01780366897583,0.0293845176696777,0.0352150821685791,0.0081265309334363,1.0,ATTACK,0,0,0,0,21219097196,2934823166,16626432,6211849,4,4.0,0.042,0.042,0.0,0,18874368,0,4,0
0,1,1,0,4,4,1.0,50,0.0,51.90482083368397,0.0192660331726074,0.0198237895965576,0.0271187782287597,0.0298176383972167,0.0070989484923835,1.0,ATTACK,0,0,0,0,21219100832,2934835484,16626487,6211945,4,4.0,0.042,0.042,0.0,0,18874368,0,4,0
0,1,1,0,4,4,1.0,50,0.0,71.59396838076901,0.0139676570892333,0.013094425201416,0.0185519695281982,0.0214544200897216,0.0041044903563877,1.0,NORMAL,0,0,0,0,21219104537,2934847977,16626544,6212047,4,4.0,0.044,0.0426666666666666,0.0011547005383793,0,18874368,0,4,0
0,1,1,0,4,4,1.0,50,0.0,91.12426241190222,0.0109740257263183,0.0102791786193847,0.0124155044555664,0.0128913497924804,0.0011525137896954,1.0,NORMAL,0,0,0,0,21219107789,2934858411,16626594,6212133,4,4.0,0.012,0.0326666666666666,0.017925772879665,0,18874368,0,4,0
0,1,1,0,4,4,1.0,50,0.0,67.94309651626531,0.0147181987762451,0.0126290321350097,0.018593406677246,0.0187006092071533,0.0031809222641025,1.0,NORMAL,0,0,0,0,21219111305,2934869921,16626647,6212227,4,4.0,0.012,0.0226666666666666,0.018475208614068,0,18874368,0,4,0
0,1,1,0,4,4,1.0,50,0.0,69.29687112773557,0.0144306659698486,0.0142061710357666,0.0197925567626953,0.0225571632385253,0.0047495056197009,1.0,NORMAL,0,0,0,0,21219115212,2934880774,16626701,6212319,4,4.0,0.012,0.012,0.0,0,18874368,0,4,0
0,1,1,0,4,4,1.0,50,0.0,95.70442846190356,0.0104488372802734,0.0103037357330322,0.0108166217803955,0.0109257984161376,0.0003039190223576,1.0,NORMAL,0,0,0,0,21219118284,2934891050,16626748,6212403,4,4.0,0.004,0.0093333333333333,0.0046188021535171,0,18874368,0,4,0
0,1,1,0,4,4,1.0,50,0.0,72.62537097896892,0.0137692928314208,0.0125269889831542,0.0169657707214355,0.0184919261932373,0.0026901343753734,1.0,NORMAL,0,0,0,0,21219121416,2934901402,16626796,6212488,4,4.0,0.004,0.0066666666666666,0.0046188021535171,0,18874368,0,4,0
0,1,1,0,4,4,1.0,50,0.0,103.09518776515468,0.0096997737884521,0.0098941326141357,0.0102194786071777,0.0103577518463134,0.0005713385425604,1.0,NORMAL,0,0,0,0,21219124701,2934912041,16626846,6212576,4,4.0,0.004,0.004,0.0,0,18874368,0,4,0
0,1,1,0,4,4,1.0,50,0.0,58.22785794209844,0.0171739101409912,0.0160741806030273,0.0243709087371826,0.0273372173309326,0.0060701977737245,1.0,NORMAL,0,0,0,0,21219128013,2934923343,16626897,6212669,4,4.0,0.004,0.004,0.0,0,18874368,0,4,0
0,1,1,0,4,4,1.0,50,0.0,57.479683487231775,0.0173974514007568,0.0136260986328125,0.0263957023620605,0.0334609413146972,0.0084809039767869,1.0,NORMAL,0,0,0,0,21219131343,2934933863,16626948,6212756,4,4.0,0.004,0.004,0.0,0,19922944,0,4,0
0,1,1,0,4,4,1.0,50,0.0,58.28142021832411,0.0171581268310546,0.0163881778717041,0.0191914558410644,0.019635887145996,0.0016576792548851,1.0,NORMAL,0,0,0,0,21219134475,2934944173,16626996,6212841,4,4.0,0.004,0.004,0.0,0,19922944,0,4,0
0,1,1,0,4,4,1.0,50,0.0,79.74022616141568,0.0125407218933105,0.0126121044158935,0.0131015300750732,0.0132511329650878,0.0005797723883299,1.0,NORMAL,0,0,0,0,21219137607,2934954499,16627044,6212926,4,4.0,0.004,0.004,0.0,0,19922944,0,4,0
0,1,1,0,4,4,1.0,50,0.0,69.81291362068735,0.0143239974975585,0.014843463897705,0.0157240867614746,0.0160949611663818,0.0013574382552572,1.0,NORMAL,0,0,0,0,21219141072,2934966034,16627097,6213022,4,4.0,0.004,0.004,0.0,0,20971520,0,4,0
0,1,1,0,4,2,2.0,50,0.0,19.28091180978281,0.0518647670745849,0.0262730121612548,0.103180456161499,0.1223856735229492,0.0412957229984412,1.0,ATTACK,0,0,0,0,21219144324,2934976618,16627147,6213110,4,4.0,0.004,0.004,0.0,0,20971520,0,4,0
0,1,1,0,2,2,1.0,50,0.0,33.14984477449623,0.0301660537719726,0.0317230224609375,0.0404962062835693,0.040876350402832,0.0097571942962365,1.0,ATTACK,0,0,0,0,21219148020,2934989058,16627203,6213206,4,4.0,0.004,0.004,0.0,0,20971520,0,4,0
0,1,1,0,2,2,1.0,50,0.0,30.087875479369707,0.0332359790802001,0.0324060916900634,0.051321792602539,0.0613731670379638,0.0163094015838707,1.0,ATTACK,0,0,0,0,21219151452,2935001086,16627256,6213300,4,4.0,0.004,0.004,0.0,0,20971520,0,4,0
0,1,1,0,2,2,1.0,50,0.0,25.91658603077387,0.0385853290557861,0.0338001251220703,0.0534400939941406,0.0638676643371582,0.013727050012395,1.0,ATTACK,0,0,0,0,21219154584,2935012136,16627304,6213384,2,3.333333333333333,0.037,0.015,0.0190525588832576,0,10485760,0,2,0
0,1,1,0,2,3,0.6666666666666666,50,0.0,52.36609160530265,0.0190963268280029,0.0211808681488037,0.0230530261993408,0.0238464450836181,0.0040825386425076,1.0,ATTACK,0,0,0,0,21219174952,2935030117,16627388,6213505,3,3.0,0.047,0.0293333333333333,0.0225018517756502,0,10485760,1,2,0
0,1,1,0,3,4,0.75,50,0.0,72.59067985226773,0.0137758731842041,0.0139789581298828,0.016807222366333,0.0180509948730468,0.0026951860130334,1.0,ATTACK,0,0,0,0,21219178477,2935042630,16627442,6213603,3,2.6666666666666665,0.047,0.0436666666666666,0.0057735026918962,0,10485760,0,3,0
0,1,1,0,3,4,0.75,50,0.0,59.5698894188025,0.0167870044708251,0.0173957347869873,0.0227012634277343,0.0258834362030029,0.0055108346510945,1.0,ATTACK,0,0,0,0,21219199168,2935061159,16627530,6213729,4,3.333333333333333,0.064,0.0526666666666666,0.0098149545762236,0,14680064,0,4,0
0,1,1,0,4,4,1.0,50,0.0,57.64225362952213,0.0173483848571777,0.017728567123413,0.0213756084442138,0.0219183158874511,0.0036036471171962,1.0,ATTACK,0,0,0,0,21219202663,2935072285,16627581,6213817,4,3.6666666666666665,0.074,0.0616666666666666,0.0136503968196288,0,18874368,0,4,0
0,1,1,0,4,4,1.0,50,0.0,38.59606632079343,0.0259093761444091,0.0277891159057617,0.03427095413208,0.0364169788360595,0.0082204548821857,1.0,ATTACK,0,0,0,0,21219206155,2935084279,16627635,6213911,4,4.0,0.045,0.061,0.0147309198626562,0,18874368,0,4,0
0,1,1,0,4,4,1.0,50,0.0,27.31577192397466,0.03660888671875,0.0203406810760498,0.0695146083831787,0.0879685497283935,0.0279673332707913,1.0,ATTACK,0,0,0,0,21219210691,2935096681,16627690,6214007,4,4.0,0.045,0.0546666666666666,0.0167431578064991,0,18874368,0,4,0
0,1,1,0,4,4,1.0,50,0.0,48.80037045569308,0.0204916477203369,0.0188918113708496,0.0260731697082519,0.0264476490020751,0.0047483004925962,1.0,ATTACK,0,0,0,0,21219214036,2935107902,16627741,6214095,4,4.0,0.046,0.0453333333333333,0.0005773502691891,0,18874368,0,4,0
0,1,1,0,4,4,1.0,50,0.0,79.31709789297318,0.0126076221466064,0.0128998756408691,0.0131918430328369,0.0132485771179199,0.000656300507488,1.0,NORMAL,0,0,0,0,21219218212,2935122124,16627805,6214207,4,4.0,0.046,0.0456666666666666,0.0005773502691891,0,19922944,0,4,0
0,1,1,0,4,4,1.0,50,0.0,91.41621659321642,0.0109389781951904,0.0108282566070556,0.0116054534912109,0.0118271541595458,0.0005683180144324,1.0,NORMAL,0,0,0,0,21219221284,2935132342,16627852,6214291,4,4.0,0.031,0.041,0.0086602540378443,0,19922944,0,4,0
0,1,1,0,4,4,1.0,50,0.0,78.70419575170757,0.0127058029174804,0.0116865634918212,0.0157933712005615,0.0173745441436767,0.0026384146190482,1.0,NORMAL,0,0,0,0,21219224800,2935143558,16627905,6214383,4,4.0,0.031,0.036,0.0086602540378443,0,19922944,0,4,0
0,1,1,0,4,4,1.0,50,0.0,88.55243934365315,0.0112927436828613,0.0113356113433837,0.0121274948120117,0.0122042274475097,0.0008412833455155,1.0,NORMAL,0,0,0,0,21219227872,2935153932,16627952,6214469,4,4.0,0.004,0.022,0.0155884572681199,0,19922944,0,4,0
0,1,1,0,4,4,1.0,50,0.0,90.42605392399932,0.011058759689331,0.0110964775085449,0.0116209030151367,0.0117913627624511,0.0005149336719517,1.0,NORMAL,0,0,0,0,21219231157,2935164389,16628002,6214556,4,4.0,0.004,0.013,0.0155884572681199,0,19922944,0,4,0
0,1,1,0,4,4,1.0,50,0.0,89.35153467287012,0.0111917495727539,0.0109508037567138,0.0125030994415283,0.0131131839752197,0.0011127451898938,1.0,NORMAL,0,0,0,0,21219234589,2935175805,16628055,6214651,4,4.0,0.004,0.004,0.0,0,19922944,0,4,0
0,1,1,0,4,4,1.0,50,0.0,85.70473446535483,0.0116679668426513,0.0116274356842041,0.0124927520751953,0.0127145385742187,0.0007085773858166,1.0,NORMAL,0,0,0,0,21219237721,2935186201,16628103,6214737,4,4.0,0.004,0.004,0.0,0,19922944,0,4,0
0,1,1,0,4,4,1.0,50,0.0,79.4279481274997,0.0125900268554687,0.011986494064331,0.0142168998718261,0.0149056911468505,0.0013586248671159,1.0,NORMAL,0,0,0,0,21219241033,2935197529,16628154,6214830,4,4.0,0.004,0.004,0.0,0,19922944,0,4,0
0,1,1,0,4,4,1.0,50,0.0,88.73115604466277,0.011269998550415,0.0114171504974365,0.011588430404663,0.0115947818756103,0.0003264365821125,1.0,NORMAL,0,0,0,0,21219245000,2935208248,16628209,6214921,4,4.0,0.004,0.004,0.0,0,19922944,0,4,0
0,1,1,0,4,4,1.0,50,0.0,87.69410898872646,0.0114032745361328,0.0116691589355468,0.0119364261627197,0.0119587421417236,0.0005742343109982,1.0,NORMAL,0,0,0,0,21219248072,2935218504,16628256,6215006,4,4.0,0.004,0.004,0.0,0,19922944,0,4,0
0,1,1,0,4,4,1.0,50,0.0,90.37227922450089,0.0110653400421142,0.010556936264038,0.0121522903442382,0.0126371479034423,0.0008938146685295,1.0,NORMAL,0,0,0,0,21219251717,2935230173,16628312,6215103,4,4.0,0.004,0.004,0.0,0,19922944,0,4,0
0,1,1,0,4,4,1.0,50,0.0,89.89348158753155,0.0111242771148681,0.0111544132232666,0.0117295265197753,0.0119846153259277,0.0005345602650327,1.0,NORMAL,0,0,0,0,21219254849,2935240531,16628360,6215189,4,4.0,0.004,0.004,0.0,0,20971520,0,4,0
0,1,1,0,4,3,1.3333333333333333,50,0.0,20.27563976753832,0.0493202686309814,0.0199005603790283,0.1101935386657715,0.1387766170501709,0.0500870705724486,1.0,ATTACK,0,0,0,0,21219258683,2935252475,16628418,6215289,4,4.0,0.004,0.004,0.0,0,20971520,0,4,0
0,1,1,0,4,3,1.3333333333333333,50,0.0,61.247345994678845,0.0163272380828857,0.0119762420654296,0.0247164249420166,0.0284343528747558,0.0068498825836047,1.0,ATTACK,0,0,0,0,21219261875,2935263585,16628467,6215375,4,4.0,0.004,0.004,0.0,0,20971520,0,4,0
0,1,1,0,3,2,1.5,50,0.0,55.70391147518341,0.0179520606994628,0.0152692794799804,0.0260015964508056,0.0263986492156982,0.0066473255823737,1.0,ATTACK,0,0,0,0,21219265247,2935275709,16628519,6215469,4,4.0,0.03,0.0126666666666666,0.0150111069989302,0,20971520,0,4,0
0,1,1,0,2,3,0.6666666666666666,50,0.0,29.20686207059833,0.0342385292053222,0.0362715721130371,0.0414848327636718,0.043273115158081,0.0084284748270475,1.0,ATTACK,0,0,0,0,21219285827,2935293787,16628606,6215590,4,4.0,0.047,0.027,0.0216564078277077,0,15728640,1,3,0
0,1,1,0,2,3,0.6666666666666666,50,0.0,25.300117021148257,0.0395255088806152,0.0390021800994873,0.0586443424224853,0.0614567565917968,0.0170418627481675,1.0,ATTACK,0,0,0,0,21219289523,2935306341,16628662,6215688,4,4.0,0.047,0.0413333333333333,0.0098149545762236,0,15728640,0,4,0
0,1,1,0,3,4,0.75,50,0.0,38.9891444390116,0.0256481647491455,0.0255529880523681,0.0324376106262207,0.0362379360198974,0.006981093703855,1.0,ATTACK,0,0,0,0,21219309531,2935323346,16628740,6215801,4,4.0,0.06,0.0513333333333333,0.0075055534994651,0,14680064,0,4,0
0,1,1,0,4,4,1.0,50,0.0,49.86416151298348,0.0200544834136962,0.016392707824707,0.0295245170593261,0.0330082130432128,0.0076731453257553,1.0,ATTACK,0,0,0,0,21219313023,2935335356,16628794,6215894,4,4.0,0.062,0.0563333333333333,0.008144527815247,0,19922944,0,4,0
0,1,1,0,4,4,1.0,50,0.0,17.816956571236325,0.0561263084411621,0.043602705001831,0.1114733219146728,0.1351574420928955,0.046258592732282,1.0,ATTACK,0,0,0,0,21219316575,2935347512,16628849,6215988,4,4.0,0.048,0.0566666666666666,0.0075718777944003,0,19922944,0,4,0
0,1,1,0,4,4,1.0,50,0.0,33.38882343575864,0.0299501419067382,0.0259320735931396,0.042385196685791,0.0486447429656982,0.010554260713893,1.0,ATTACK,0,0,0,0,21219320544,2935360145,16628909,6216090,4,4.0,0.048,0.0526666666666666,0.0080829037686547,0,19922944,0,4,0
0,1,1,0,4,4,1.0,50,0.0,73.69262178430746,0.0135698795318603,0.0124731063842773,0.0172079563140869,0.0187326526641845,0.0030603146225006,1.0,ATTACK,0,0,0,0,21219323736,2935371353,16628958,6216178,4,4.0,0.048,0.048,0.0,0,20971520,0,4,0
0,1,1,0,4,4,1.0,50,0.0,37.74184433922366,0.0264957904815673,0.0303280353546142,0.0389008522033691,0.0419276714324951,0.0117308659677064,1.0,ATTACK,0,0,0,0,21219327108,2935383357,16629010,6216270,4,4.0,0.047,0.0476666666666666,0.0005773502691895,0,20971520,0,4,0
0,1,1,0,4,4,1.0,50,0.0,64.83677589495781,0.0154233455657958,0.0139698982238769,0.019078779220581,0.019377212524414,0.0029903452772591,1.0,NORMAL,0,0,0,0,21219331224,2935397439,16629073,6216380,4,4.0,0.048,0.0476666666666666,0.0005773502691895,0,20971520,0,4,0
0,1,1,0,4,4,1.0,50,0.0,91.37638503400768,0.0109437465667724,0.0111055374145507,0.0118639469146728,0.0119858264923095,0.0010736342940391,1.0,NORMAL,0,0,0,0,21219334296,2935407873,16629120,6216467,4,4.0,0.048,0.0476666666666666,0.0005773502691895,0,20971520,0,4,0
0,1,1,0,4,4,1.0,50,0.0,92.05625691359542,0.010862922668457,0.0108635425567626,0.0115754127502441,0.0118795108795166,0.0006234827841295,1.0,NORMAL,0,0,0,0,21219338197,2935418834,16629174,6216559,4,4.0,0.032,0.0426666666666666,0.009237604307034,0,20971520,0,4,0
0,1,1,0,4,4,1.0,50,0.0,82.66495330970898,0.0120970249176025,0.0118453502655029,0.0139728069305419,0.0150432872772216,0.0016560736258948,1.0,NORMAL,0,0,0,0,21219342177,2935430014,16629226,6216652,4,4.0,0.004,0.028,0.0222710574513201,0,20971520,0,4,0
0,1,1,0,4,4,1.0,50,0.0,81.76254322730055,0.0122305393218994,0.0113880634307861,0.0140443325042724,0.0145208644866943,0.0014504008647818,1.0,NORMAL,0,0,0,0,21219345309,2935440404,16629274,6216738,4,4.0,0.004,0.0133333333333333,0.0161658075373095,0,20971520,0,4,0
0,1,1,0,4,4,1.0,50,0.0,91.82529500623946,0.010890245437622,0.0105674266815185,0.012228775024414,0.0132018375396728,0.001247448339021,1.0,NORMAL,0,0,0,0,21219348681,2935451652,16629326,6216831,4,4.0,0.004,0.004,0.0,0,20971520,0,4,0
0,1,1,0,4,4,1.0,50,0.0,89.8445720161083,0.0111303329467773,0.0111503601074218,0.0114972114562988,0.0116601181030273,0.0003263716797313,1.0,NORMAL,0,0,0,0,21219351873,2935462054,16629375,6216918,4,4.0,0.004,0.004,0.0,0,20971520,0,4,0
0,1,1,0,4,4,1.0,50,0.0,75.04059484236177,0.0133261203765869,0.0139925479888916,0.0145437240600585,0.0145881843566894,0.0015215112597784,1.0,NORMAL,0,0,0,0,21219355449,2935473566,16629429,6217014,4,4.0,0.004,0.004,0.0,0,20971520,0,4,0
0,1,1,0,4,4,1.0,50,0.0,83.82907622816485,0.0119290351867675,0.0119514465332031,0.0132254123687744,0.0137707805633544,0.0011809337161265,1.0,NORMAL,0,0,0,0,21219358794,2935484073,16629480,6217102,4,4.0,0.004,0.004,0.0,0,20971520,0,4,0
0,1,1,0,4,4,1.0,50,0.0,81.06564411012069,0.0123356819152832,0.012089729309082,0.0130110263824462,0.0131605434417724,0.0005497008375872,1.0,NORMAL,0,0,0,0,21219361866,2935494425,16629527,6217187,4,4.0,0.004,0.004,0.0,0,20971520,0,4,0
0,1,1,0,4,4,1.0,50,0.0,92.904094660506,0.0107637882232666,0.010754108428955,0.0111696720123291,0.011255931854248,0.0003518748592824,1.0,NORMAL,0,0,0,0,21219365700,2935506487,16629582,6217285,4,4.0,0.004,0.004,0.0,0,20971520,0,4,0
0,1,1,0,4,4,1.0,50,0.0,88.32084633623504,0.0113223552703857,0.0108120441436767,0.0124295711517333,0.0124938583374023,0.0009139476076244,1.0,NORMAL,0,0,0,0,21219369012,2935517001,16629633,6217373,4,4.0,0.004,0.004,0.0,0,20971520,0,4,0
0,1,1,0,1,1,1.0,50,0.0,5.973736832810159,0.1673994064331054,0.1648199558258056,0.2364160060882568,0.2603898906707764,0.0605975217895349,1.0,ATTACK,0,0,0,0,21219451364,2935723466,16630641,6219084,1,1.0,0.001,0.001,0.0,0,5242880,0,1,0
0,1,1,0,1,1,1.0,50,0.0,6.857785654957718,0.1458196640014648,0.1361331939697265,0.1832799911499023,0.2075091361999511,0.0343894939494013,1.0,ATTACK,0,0,0,0,21219455556,2935736686,16630699,6219185,1,1.0,0.009,0.0049999999999999,0.0056568542494923,0,5242880,0,1,0
0,1,1,0,1,2,0.5,50,0.0,6.138811984481084,0.1628979682922363,0.1709523200988769,0.1965487480163574,0.1968034076690673,0.0430262258235175,1.0,ATTACK,0,0,0,0,21219477214,2935756281,16630793,6219317,2,1.3333333333333333,0.068,0.026,0.0365923489270639,0,5242880,0,2,0
0,1,1,0,2,4,0.5,50,0.0,4.101456058049096,0.2438158512115478,0.2488656044006347,0.2895458221435547,0.3074906158447265,0.0411890057234681,1.0,ATTACK,0,0,0,0,21219513357,2935781432,16630909,6219473,4,2.333333333333333,0.086,0.0543333333333333,0.0402781992315115,0,9437184,2,2,0
0,1,1,0,4,5,0.8,50,0.0,5.786795363173042,0.1728072166442871,0.1666123867034912,0.210142183303833,0.2360885429382324,0.0346267493630341,1.0,ATTACK,0,0,0,0,21219518978,2935796588,16630987,6219595,5,3.6666666666666665,0.109,0.0876666666666666,0.0205507501890644,0,17825792,1,4,0
0,1,1,0,5,5,1.0,50,0.0,5.729179956153232,0.1745450496673584,0.1413483619689941,0.2556571006774902,0.2811686420440674,0.0653450300670719,1.0,ATTACK,0,0,0,0,21219540030,2935816149,16631081,6219728,5,4.666666666666667,0.091,0.0953333333333333,0.0120968315410826,0,22020096,0,5,0
0,1,1,0,5,5,1.0,50,0.0,7.965687354428783,0.1255384445190429,0.1460356712341308,0.155866003036499,0.1610586738586426,0.0348802792043074,1.0,ATTACK,0,0,0,0,21219544122,2935829519,16631145,6219832,5,5.0,0.091,0.097,0.0103923048454132,0,22020096,0,5,0
0,1,1,0,5,5,1.0,50,0.0,7.671102195670988,0.1303593635559082,0.112851858139038,0.1923565864562988,0.2263566970825195,0.0532626188164281,1.0,ATTACK,0,0,0,0,21219548178,2935843097,16631207,6219940,5,5.0,0.071,0.0843333333333333,0.0115470053837924,0,22020096,0,5,0
0,1,1,0,5,5,1.0,50,0.0,6.304510750410876,0.1586165904998779,0.1687521934509277,0.2460993289947509,0.2632065868377685,0.0788779345398355,1.0,ATTACK,0,0,0,0,21219551730,2935856003,16631262,6220039,5,5.0,0.075,0.079,0.0105830052442582,0,22020096,0,5,0
0,1,1,0,5,5,1.0,50,0.0,8.205590509280997,0.1218681335449218,0.1116180419921875,0.1713053703308105,0.1756705474853515,0.0418416376070986,1.0,ATTACK,0,0,0,0,21219555702,2935868314,16631319,6220136,5,5.0,0.074,0.0733333333333333,0.0020816659994657,0,22020096,0,5,0
0,1,1,0,5,5,1.0,50,0.0,53.67912092412519,0.0186292171478271,0.0133323669433593,0.029401683807373,0.0345511817932128,0.0088835758136078,1.0,NORMAL,0,0,0,0,21219560709,2935883791,16631390,6220260,5,5.0,0.074,0.0743333333333333,0.0005773502691881,0,22020096,0,5,0
0,1,1,0,5,5,1.0,50,0.0,60.40532288726309,0.016554832458496,0.0151901245117187,0.025568151473999,0.0316596412658691,0.00825159627112,1.0,NORMAL,0,0,0,0,21219563841,2935894131,16631438,6220344,5,5.0,0.05,0.066,0.0138564064605509,0,22020096,0,5,0
0,1,1,0,5,5,1.0,50,0.0,56.60436229564391,0.017666482925415,0.0143256187438964,0.0274339199066162,0.0339443492889404,0.0087502878328454,1.0,NORMAL,0,0,0,0,21219566973,2935904511,16631486,6220430,5,5.0,0.05,0.058,0.0138564064605509,0,22020096,0,5,0
0,1,1,0,5,5,1.0,50,0.0,65.1821829631034,0.0153416156768798,0.0148708820343017,0.0223162174224853,0.026517629623413,0.0062938198039786,1.0,NORMAL,0,0,0,0,21219570105,2935914767,16631534,6220515,5,5.0,0.005,0.035,0.025980762113533,0,22020096,0,5,0
0,1,1,0,5,5,1.0,50,0.0,66.5637864653922,0.0150231838226318,0.0107786655426025,0.0242901802062988,0.0308728790283203,0.0084047245589714,1.0,NORMAL,0,0,0,0,21219573450,2935925338,16631585,6220604,5,5.0,0.005,0.02,0.025980762113533,0,22020096,0,5,0
0,1,1,0,5,5,1.0,50,0.0,89.56293721226201,0.0111653327941894,0.0116999149322509,0.0122539043426513,0.0124544048309326,0.0010983920744218,1.0,NORMAL,0,0,0,0,21219576960,2935936852,16631639,6220700,5,5.0,0.005,0.005,0.0,0,22020096,0,5,0
0,1,1,0,5,5,1.0,50,0.0,8.800628798589315,0.1136282444000244,0.09767746925354,0.1499165058135986,0.1546946144104004,0.0295259996586401,1.0,ATTACK,0,0,0,0,21219580152,2935947348,16631688,6220786,5,5.0,0.005,0.005,0.0,0,22020096,0,5,0
0,1,1,0,5,5,1.0,50,0.0,6.305033890483156,0.1586034297943115,0.1364262104034423,0.2109729290008545,0.2308853054046631,0.0423739164201198,1.0,ATTACK,0,0,0,0,21219583968,2935960652,16631746,6220889,5,5.0,0.005,0.005,0.0,0,23068672,0,5,0
0,1,1,0,5,5,1.0,50,0.0,5.1748501265241815,0.1932423114776611,0.168858528137207,0.2774803161621094,0.3300488662719726,0.0761652548735502,1.0,ATTACK,0,0,0,0,21219587520,2935973702,16631801,6220989,5,5.0,0.055,0.0216666666666666,0.0288675134594812,0,23068672,0,5,0
0,1,1,0,5,5,1.0,50,0.0,8.42313950270529,0.1187205791473388,0.114412784576416,0.1485669612884521,0.1549609184265136,0.0279504591700414,1.0,ATTACK,0,0,0,0,21219591549,2935986941,16631862,6221093,5,5.0,0.073,0.0443333333333333,0.0352325606979301,0,24117248,0,5,0
0,1,1,0,5,5,1.0,50,0.0,7.381707645022266,0.1354700088500976,0.1211581230163574,0.2036221027374267,0.242331314086914,0.0606483029284398,1.0,ATTACK,0,0,0,0,21219595185,2935999857,16631917,6221191,5,5.0,0.073,0.067,0.0103923048454131,0,24117248,0,5,0
0,1,1,0,5,5,1.0,50,0.0,6.351718565057843,0.1574377059936523,0.1426191329956054,0.2094529151916504,0.2438887882232666,0.0475586742957088,1.0,ATTACK,0,0,0,0,21219598857,2936012999,16631974,6221292,5,5.0,0.074,0.0733333333333333,0.0005773502691884,0,24117248,0,5,0
0,1,1,0,5,5,1.0,50,0.0,6.138222637716571,0.1629136085510253,0.1758620738983154,0.198412799835205,0.2118556880950927,0.0370635566759284,1.0,ATTACK,0,0,0,0,21219602613,2936026099,16632031,6221393,5,5.0,0.074,0.0736666666666666,0.0005773502691884,0,25165824,0,5,0
0,1,1,0,5,5,1.0,50,0.0,8.14641507968108,0.1227533817291259,0.1365396976470947,0.1759109497070312,0.1964017391204834,0.0495365212199061,1.0,ATTACK,0,0,0,0,21219606198,2936038856,16632086,6221490,5,5.0,0.075,0.0743333333333333,0.0005773502691884,0,25165824,0,5,0
0,1,1,0,5,5,1.0,50,0.0,6.385958608467405,0.1565935611724853,0.1613917350769043,0.2019298553466796,0.2032535362243652,0.0414987965036873,1.0,ATTACK,0,0,0,0,21219609894,2936051046,16632142,6221585,5,5.0,0.073,0.074,0.0009999999999993,0,25165824,0,5,0
0,1,1,0,5,5,1.0,50,0.0,7.245650161002778,0.1380138397216797,0.1263403892517089,0.1870825290679931,0.2200342178344726,0.0443761183878152,1.0,ATTACK,0,0,0,0,21219613566,2936064214,16632199,6221686,5,5.0,0.075,0.0743333333333333,0.0011547005383786,0,25165824,0,5,0
0,1,1,0,5,5,1.0,50,0.0,85.59908896843635,0.0116823673248291,0.0113947391510009,0.0132467746734619,0.0136857986450195,0.0013618661123815,1.0,NORMAL,0,0,0,0,21219618786,2936078634,16632264,6221800,5,5.0,0.075,0.0743333333333333,0.0011547005383786,0,25165824,0,5,0
0,1,1,0,5,5,1.0,50,0.0,56.5964187885412,0.0176689624786376,0.0171847343444824,0.0203636646270751,0.0204425430297851,0.0025592520660425,1.0,NORMAL,0,0,0,0,21219622362,2936090080,16632318,6221894,5,5.0,0.054,0.068,0.012124355652982,0,25165824,0,5,0
0,1,1,0,5,5,1.0,50,0.0,97.3992522583192,0.0102670192718505,0.0100750923156738,0.0110011577606201,0.0115188884735107,0.0006941983782074,1.0,NORMAL,0,0,0,0,21219625587,2936100579,16632367,6221980,5,5.0,0.005,0.0446666666666666,0.0359212100761281,0,25165824,0,5,0
0,1,1,0,5,5,1.0,50,0.0,98.00691653425554,0.0102033615112304,0.009833812713623,0.0110917091369628,0.0116363048553466,0.0007725909966065,1.0,NORMAL,0,0,0,0,21219628839,2936111109,16632417,6222067,5,5.0,0.005,0.0213333333333333,0.0282901631902916,0,25165824,0,5,0
0,1,1,0,5,5,1.0,50,0.0,85.47175194202852,0.0116997718811035,0.0098028182983398,0.0156990528106689,0.0190049076080322,0.0038457026649975,1.0,NORMAL,0,0,0,0,21219631971,2936121589,16632465,6222152,5,5.0,0.005,0.005,0.0,0,25165824,0,5,0
0,1,1,0,5,5,1.0,50,0.0,103.8250597804831,0.0096315860748291,0.0096833705902099,0.0101261615753173,0.0102297592163085,0.0004597906445725,1.0,NORMAL,0,0,0,0,21219635343,2936132961,16632517,6222246,5,5.0,0.005,0.005,0.0,0,25165824,0,5,0
0,1,1,0,5,5,1.0,50,0.0,10.13219209089227,0.0986953258514404,0.1120827198028564,0.1256020545959472,0.1309078502655029,0.0356315662971874,1.0,ATTACK,0,0,0,0,21219638415,2936143243,16632564,6222331,5,5.0,0.005,0.005,0.0,0,25165824,0,5,0
0,1,1,0,5,5,1.0,50,0.0,6.1750810402240415,0.1619411945343017,0.1503100395202636,0.2016143798828125,0.2200293540954589,0.0331669491917211,1.0,ATTACK,0,0,0,0,21219642147,2936156299,16632622,6222431,5,5.0,0.005,0.005,0.0,0,25165824,0,5,0
0,1,1,0,5,5,1.0,50,0.0,7.295857769960222,0.1370640754699707,0.1262917518615722,0.1639739990234375,0.1705463123321533,0.0215694044723777,1.0,ATTACK,0,0,0,0,21219646176,2936169584,16632683,6222534,5,5.0,0.005,0.005,0.0,0,25165824,0,5,0
0,1,1,0,5,5,1.0,50,0.0,5.636013044932995,0.1774303913116455,0.1947023868560791,0.2172646522521972,0.2202399730682373,0.0542073690318849,1.0,ATTACK,0,0,0,0,21219650587,2936182861,16632744,6222637,5,5.0,0.052,0.0206666666666666,0.0271354626519123,0,25165824,0,5,0
0,1,1,0,5,5,1.0,50,0.0,5.905088426302404,0.169345474243164,0.1490607261657714,0.2400339603424072,0.2508944606781005,0.0582657708750518,1.0,ATTACK,0,0,0,0,21219654079,2936195653,16632798,6222734,5,5.0,0.074,0.0436666666666666,0.0352467492590924,0,25165824,0,5,0
0,1,1,0,5,5,1.0,50,0.0,5.7739729157798925,0.1731909751892089,0.1661877632141113,0.2252534389495849,0.2595650291442871,0.0501958387878543,1.0,ATTACK,0,0,0,0,21219662165,2936215471,16632879,6222858,5,5.0,0.073,0.0663333333333333,0.012423096769056,0,25165824,0,5,0
0,1,1,0,5,5,1.0,50,0.0,6.777792429072651,0.1475406646728515,0.1518771648406982,0.1762170314788818,0.1853389453887939,0.0325199360015306,1.0,ATTACK,0,0,0,0,21219665717,2936227767,16632934,6222953,5,5.0,0.074,0.0736666666666666,0.0005773502691881,0,25165824,0,5,0
0,1,1,0,5,5,1.0,50,0.0,5.209720131363869,0.1919488906860351,0.1615307331085205,0.3003641605377197,0.3445318603515624,0.0907799365739198,1.0,ATTACK,0,0,0,0,21219669713,2936241847,16632995,6223061,5,5.0,0.073,0.0733333333333333,0.0005773502691881,0,25165824,0,5,0
0,1,1,0,5,5,1.0,50,0.0,5.740452365226165,0.174202299118042,0.1723222732543945,0.2035227298736572,0.211700849533081,0.027297567742071,1.0,ATTACK,0,0,0,0,21219673787,2936255107,16633057,6223165,5,5.0,0.073,0.0733333333333333,0.0005773502691881,0,25165824,0,5,0
0,1,1,0,5,5,1.0,50,0.0,8.275400520874438,0.1208400726318359,0.1161975860595703,0.1627309799194335,0.1772039222717285,0.0394124396753722,1.0,ATTACK,0,0,0,0,21219677099,2936267139,16633108,6223258,5,5.0,0.074,0.0733333333333333,0.0005773502691881,0,25165824,0,5,0
0,1,1,0,5,5,1.0,50,0.0,85.76712457620533,0.0116594791412353,0.0118687152862548,0.0125024318695068,0.0125088691711425,0.000895325638109,1.0,NORMAL,0,0,0,0,21219681888,2936282730,16633181,6223382,5,5.0,0.074,0.0736666666666666,0.0005773502691881,0,25165824,0,5,0
0,1,1,0,5,5,1.0,50,0.0,101.16653883075972,0.0098846912384033,0.0098605155944824,0.0101773738861083,0.0101919651031494,0.0002709883903442,1.0,NORMAL,0,0,0,0,21219685020,2936293098,16633229,6223467,5,5.0,0.071,0.073,0.0017320508075683,0,25165824,0,5,0
0,1,1,0,5,5,1.0,50,0.0,68.46144303780939,0.014606761932373,0.0162744522094726,0.0168943881988525,0.017110424041748,0.0027381614467769,1.0,NORMAL,0,0,0,0,21219688092,2936303358,16633276,6223551,5,5.0,0.071,0.072,0.0017320508075683,0,25165824,0,5,0
0,1,1,0,5,5,1.0,50,0.0,98.16978349912227,0.0101864337921142,0.009775161743164,0.0112875461578369,0.0113402462005615,0.000910903172786,1.0,NORMAL,0,0,0,0,21219691224,2936313770,16633324,6223637,5,5.0,0.006,0.0493333333333333,0.0375277674973256,0,25165824,0,5,0
0,1,1,0,5,5,1.0,50,0.0,75.7518467012227,0.0132009983062744,0.0127689838409423,0.0150949001312255,0.016208209991455,0.0016941571075258,1.0,NORMAL,0,0,0,0,21219694536,2936325232,16633375,6223731,5,5.0,0.005,0.0273333333333333,0.0378197479279454,0,25165824,0,5,0
0,1,1,0,5,5,1.0,50,0.0,75.32765333831411,0.0132753372192382,0.0124495029449462,0.0178537368774414,0.0183773040771484,0.0038533728521366,1.0,NORMAL,0,0,0,0,21219697821,2936335743,16633425,6223818,5,5.0,0.005,0.0053333333333333,0.0005773502691883,0,26214400,0,5,0
